batch,source,timeline,k,k_wanted,home,M,rho,decision,gate_loss,expert_loss,central_loss,imitate_loss,deltas
0,github_code,B,4,1,1,4,1.0,HELDOUT,,,,,e23:-0.062;e8:-0.594;e11:-0.156;e7*:-1.453
1,ai2_arc,B,4,1,2,8,1.0,HELDOUT,,,,,e48:+0.000;e13:+0.000;e1:-0.016;e91*:-0.031
2,slimorca,B,4,1,2,128,1.0,HELDOUT,,,,,e94:-0.019;e54:-0.033;e16:-0.009;e63*:-0.033
3,metamath,B,4,1,3,128,0.77,ADMIT,0.282,-0.013,0.04,,e52:-0.037;e41:-0.037;e80:-0.037;e2*:-0.080
4,ultrachat,B,4,1,2,128,0.77,ADMIT,0.186,0.002,0.918,,e47:-0.086;e87:-0.066;e78:-0.040;e66*:-0.067
5,camel_science,B,3,1,2,3,0.77,REFUSE,,,0.0,,e19:-0.042;e6:-0.688;e24*:-0.042
6,camel_science,B,3,1,2,2,0.77,REFUSE,,,0.0,,e10:-2.656;e59:-0.094;e30*:-2.875
7,metamath,B,3,1,3,128,0.77,ADMIT,0.488,-0.001,0.432,,e22:-0.077;e29:-0.036;e83*:-0.069
8,python_instructions,B,3,1,1,121,0.77,ADMIT,0.24,-0.001,0.691,,e37:-0.008;e93:-0.034;e81*:-0.004
9,python_instructions,B,3,1,1,54,0.77,HELDOUT,,,,,e43:-0.007;e99:-0.028;e86*:-0.047
10,metamath,B,3,1,3,118,0.73,ADMIT,0.189,0.003,0.241,,e28:-0.035;e34:-0.055;e88*:-0.035
11,metamath,B,3,1,3,128,0.73,ADMIT,0.521,,0.258,,e44:-0.002;e14:-0.006;e84*:+0.017
12,ai2_arc,B,3,1,2,5,0.73,ADMIT,0.247,-0.035,0.0,,e70:-0.550;e4:-0.075;e20*:-0.075
13,github_code,B,3,1,1,101,0.73,ADMIT,0.175,-0.014,0.348,,e15:-0.032;e21:-0.011;e31*:-0.023
14,github_code,B,3,1,1,33,0.73,HELDOUT,,,,,e76:-0.089;e57:-0.004;e67*:-0.011
15,metamath,B,4,1,3,102,0.74,ADMIT,0.073,-0.002,0.154,,e73:-0.064;e50:-0.064;e69:-0.086;e25*:-0.081
16,metamath,B,4,1,3,121,0.74,ADMIT,0.052,0.002,0.213,,e98:-0.008;e46:-0.021;e96:-0.019;e0*:-0.008
17,metamath,B,4,1,3,128,0.75,ADMIT,0.103,-0.001,0.012,,e72:-0.056;e35:-0.064;e58:-0.056;e92*:-0.056
18,camel_science,B,4,1,2,2,0.74,REFUSE,,,0.0,,e3:-0.062;e95:-0.188;e56:+0.000;e90*:-0.750
19,metamath,B,4,1,3,82,0.74,ADMIT,0.302,0.002,0.148,,e26:-0.059;e40:-0.076;e55:-0.069;e89*:-0.086
20,gsm8k,B,4,1,3,69,0.75,ADMIT,0.214,0.007,0.289,,e75:-0.082;e71:-0.082;e60:+0.010;e42*:-0.098
21,camel_science,B,4,1,2,5,0.74,HELDOUT,,,,,e9:+0.912;e82:+0.938;e39:+0.938;e18*:+0.938
22,python_instructions,B,4,1,1,60,0.72,ADMIT,0.108,-0.005,0.389,,e77:-0.014;e68:-0.014;e32:-0.017;e79*:-0.008
23,metamath,B,4,1,1,128,0.72,HELDOUT,,,,,e12:-0.032;e85:-0.032;e36:-0.032;e17*:-0.002
24,ultrachat,B,3,1,2,128,0.72,ADMIT,0.08,-0.004,1.188,,e64:+0.023;e27:-0.036;e74*:+0.021
25,ai2_arc,B,4,1,2,3,0.68,REFUSE,,,0.0,,e45:-0.042;e61:-0.042;e38:-0.042;e51*:-0.125
26,github_code,B,4,1,1,128,0.81,ADMIT,0.233,-0.004,0.445,,e62:-0.002;e65:+0.004;e33:-0.002;e5*:+0.003
27,github_code,B,3,1,1,105,0.81,ADMIT,0.082,,0.498,,e53:-0.003;e97:-0.005;e49*:-0.005
28,python_instructions,B,4,1,1,11,0.81,ADMIT,0.167,-0.009,1.75,,e79:-0.108;e56:-0.216;e70:-0.199;e18*:-0.031
29,ultrachat,B,4,1,2,128,0.7,ADMIT,0.354,-0.001,1.547,,e20:-0.036;e32:-0.022;e26:-0.032;e98*:-0.020
30,python_instructions,B,4,1,1,54,0.77,ADMIT,0.665,-0.003,0.271,,e85:-0.008;e97:-0.007;e73:-0.015;e37*:-0.012
31,github_code,B,4,1,1,13,0.81,ADMIT,0.572,-0.008,0.719,,e46:+0.111;e76:+0.077;e71:+0.062;e80*:+0.212
32,ultrachat,B,3,1,2,68,0.71,ADMIT,0.264,-0.016,0.256,,e49:-0.019;e8:-0.019;e29*:-0.013
33,gsm8k,B,4,1,3,102,0.76,ADMIT,0.981,,0.237,,e95:-0.058;e13:-0.064;e17:-0.017;e0*:-0.059
34,gsm8k,B,4,1,0,59,0.76,ADMIT,0.812,0.0,0.453,,e64:-0.005;e33:-0.019;e83:-0.043;e65*:-0.048
35,camel_science,B,4,1,2,1,0.7,REFUSE,,,2.938,,e59:+0.750;e15:+0.438;e60:+0.500;e22*:-2.125
36,python_instructions,B,4,1,1,68,0.76,HELDOUT,,,,,e99:+0.005;e78:+0.000;e77:+0.010;e82*:-0.017
37,gsm8k,B,4,1,3,128,0.68,HELDOUT,,,,,e39:-0.114;e23:-0.018;e5:-0.025;e25*:-0.025
38,github_code,B,4,1,1,19,0.65,ADMIT,0.276,-0.001,0.977,,e55:+0.062;e51:-0.010;e48:-0.125;e12*:+0.089
39,metamath,B,4,1,1,97,0.65,ADMIT,0.492,0.0,0.186,,e58:-0.023;e7:-0.027;e1:-0.054;e94*:-0.075
40,github_code,B,4,1,1,34,0.65,ADMIT,0.372,,0.33,,e43:+0.024;e38:+0.028;e68:+0.022;e40*:+0.011
41,github_code,B,4,1,1,90,0.65,ADMIT,0.303,,0.461,,e36:+0.051;e61:+0.058;e91:+0.063;e88*:+0.045
42,ultrachat,B,3,1,2,128,0.68,ADMIT,0.353,,0.977,,e44:-0.015;e54:-0.023;e9*:-0.003
43,gsm8k,B,4,1,0,102,0.65,HELDOUT,,,,,e92:-0.140;e6:-0.058;e3:-0.175;e52*:-0.047
44,slimorca,B,3,1,2,128,0.7,ADMIT,0.101,0.006,1.062,,e84:-0.048;e72:-0.056;e21*:-0.068
45,metamath,B,4,1,0,90,0.69,HELDOUT,,,,,e47:-0.122;e28:-0.092;e81:-0.092;e34*:-0.099
46,ultrachat,B,3,1,1,128,0.76,HELDOUT,,,,,e2:-0.101;e31:-0.052;e24*:-0.049
47,github_code,B,4,1,1,38,0.59,HELDOUT,,,,,e42:+0.051;e62:+0.008;e14:+0.025;e41*:+0.066
48,metamath,B,4,1,0,128,0.62,ADMIT,0.783,0.001,0.279,,e93:-0.035;e45:-0.035;e63:-0.035;e57*:-0.035
49,gsm8k,B,4,1,0,118,0.62,ADMIT,0.557,,0.237,,e90:-0.030;e74:-0.051;e53:-0.017;e75*:-0.040
50,ultrachat,B,3,1,2,128,0.62,ADMIT,0.316,0.011,1.945,,e27:-0.042;e30:-0.020;e66*:-0.005
51,camel_science,B,4,1,2,3,0.59,REFUSE,,,0.167,,e35:-2.042;e67:-2.042;e50:-2.042;e87*:-0.979
52,metamath,B,4,1,3,128,0.66,ADMIT,0.801,0.006,0.118,,e69:-0.114;e89:-0.153;e10:-0.047;e4*:-0.090
53,ai2_arc,B,4,1,2,5,0.59,ADMIT,0.057,-0.02,0.0,,e19:+0.000;e16:+0.000;e96:-0.062;e86*:-0.537
54,slimorca,B,1,1,2,17,0.63,ADMIT,0.001,-0.218,0.809,,e11:+0.074
55,camel_science,B,4,1,2,3,0.59,REFUSE,,,0.0,,e23:-0.417;e79:-0.417;e50:-0.417;e78*:-0.417
56,github_code,B,4,1,1,44,0.61,HELDOUT,,,,,e11:+0.024;e13:+0.016;e9:+0.062;e57*:+0.078
57,python_instructions,B,4,1,1,58,0.57,ADMIT,0.028,-0.002,0.535,,e3:+0.004;e6:-0.006;e73:+0.008;e88*:-0.015
58,slimorca,B,4,1,2,128,0.63,HELDOUT,,,,,e4:+0.008;e29:-0.002;e91:+0.021;e27*:-0.014
59,gsm8k,B,4,1,3,128,0.68,HELDOUT,,,,,e82:-0.036;e64:-0.092;e90:-0.055;e16*:-0.048
60,ai2_arc,B,4,1,2,4,0.61,HELDOUT,,,,,e20:+0.000;e0:+0.000;e1:-0.031;e2*:-0.031
61,python_instructions,B,4,1,1,17,0.74,ADMIT,0.205,,0.357,,e0:-0.066;e1:-0.059;e2:-0.048;e79*:-0.081
62,github_code,B,4,1,1,24,0.73,ADMIT,1.301,0.001,0.57,,e3:-0.018;e4:-0.049;e5:-0.049;e6*:-0.143
63,github_code,B,4,1,2,26,0.62,ADMIT,0.161,,0.338,,e3:-0.014;e4:+0.163;e5:-0.014;e6*:-0.014
64,ai2_arc,B,4,1,2,11,0.61,ADMIT,0.478,0.001,0.0,,e7:-0.074;e8:-0.074;e9:-0.074;e10*:-0.074
65,github_code,B,4,1,1,16,0.74,HELDOUT,,,,,e7:+0.012;e8:-0.023;e9:-0.004;e10*:-0.004
66,slimorca,B,4,1,1,128,0.7,ADMIT,0.863,,1.438,,e11:-0.050;e12:-0.030;e13:-0.030;e14*:-0.064
67,camel_science,B,4,1,2,2,0.61,REFUSE,,,3.312,,e11:-1.719;e12:-1.719;e13:-1.719;e14*:-2.281
68,metamath,B,4,1,3,128,0.71,ADMIT,0.983,-0.007,0.229,,e0:-0.029;e1:-0.064;e2:-0.138;e3*:-0.063
69,github_code,B,4,1,2,104,0.68,HELDOUT,,,,,e15:-0.035;e16:-0.061;e17:-0.061;e18*:-0.057
70,metamath,B,4,1,3,81,0.65,ADMIT,0.329,-0.014,0.283,,e4:+0.052;e5:-0.013;e6:-0.030;e7*:-0.006
71,ai2_arc,B,4,1,2,5,0.43,ADMIT,0.644,0.006,0.0,,e19:-0.588;e21:-0.512;e22:-0.775;e23*:-0.713
72,metamath,B,4,1,3,128,0.53,ADMIT,0.383,0.012,0.262,,e8:-0.112;e9:-0.112;e10:-0.112;e11*:-0.112
73,ai2_arc,B,4,1,2,3,0.52,REFUSE,,,0.083,,e24:-0.375;e25:-0.375;e26:-1.042;e27*:-0.792
74,gsm8k,B,4,1,3,79,0.63,ADMIT,1.517,-0.018,0.609,,e12:-0.089;e13:-0.076;e14:-0.045;e15*:-0.074
75,metamath,B,4,1,3,128,0.6,ADMIT,0.78,-0.003,0.22,,e16:-0.135;e17:-0.156;e18:-0.109;e19*:-0.112
76,camel_science,B,4,1,2,3,0.42,REFUSE,,,2.125,,e28:-2.292;e29:-3.812;e30:-2.542;e31*:-3.812
77,gsm8k,B,4,1,0,86,0.48,ADMIT,0.057,0.0,0.266,,e0:+0.011;e1:-0.032;e2:-0.042;e3*:-0.050
78,python_instructions,B,4,1,1,66,0.47,ADMIT,1.739,-0.002,0.187,,e15:-0.078;e16:-0.009;e17:-0.004;e18*:-0.009
79,github_code,B,4,1,1,63,0.46,ADMIT,0.396,,0.229,,e19:-0.023;e21:-0.023;e22:-0.035;e23*:-0.023
80,metamath,B,4,1,2,128,0.51,HELDOUT,,,,,e42:-0.051;e43:-0.048;e44:-0.102;e45*:-0.054
81,ultrachat,B,2,1,3,128,0.67,ADMIT,0.093,0.002,0.883,,e24:-0.038;e25*:-0.046
82,metamath,B,4,1,3,128,0.71,ADMIT,0.642,-0.002,0.195,,e26:-0.053;e27:-0.050;e28:-0.050;e29*:-0.050
83,metamath,B,4,1,3,128,0.68,ADMIT,2.127,0.006,0.281,,e30:-0.136;e31:-0.105;e32:-0.145;e33*:-0.105
84,metamath,B,4,1,0,99,0.63,HELDOUT,,,,,e8:-0.076;e9:-0.076;e11:-0.076;e12*:-0.035
85,slimorca,B,4,1,2,55,0.66,ADMIT,0.537,-0.02,0.637,,e46:-0.255;e47:-0.085;e48:-0.165;e49*:-0.060
86,metamath,B,4,1,1,128,0.69,ADMIT,1.518,-0.013,0.33,,e28:-0.015;e29:-0.014;e30:-0.059;e31*:-0.013
87,slimorca,B,4,1,2,128,0.64,ADMIT,0.49,,0.832,,e50:+0.010;e51:+0.015;e52:-0.001;e53*:-0.052
88,github_code,B,4,1,1,48,0.66,HELDOUT,,,,,e32:+0.007;e33:-0.003;e34:+0.017;e35*:+0.046
89,camel_science,B,4,1,2,3,0.61,HELDOUT,,,,,e54:-1.021;e55:-2.521;e56:-1.188;e57*:-0.938
90,github_code,B,4,1,1,50,0.68,ADMIT,0.32,,0.165,,e36:-0.035;e38:-0.026;e39:-0.039;e40*:-0.036
91,github_code,B,4,1,1,63,0.68,ADMIT,0.837,-0.0,0.789,,e41:-0.006;e42:-0.006;e43:-0.022;e44*:-0.010
92,slimorca,B,3,1,3,124,0.71,ADMIT,0.317,,0.805,,e34:-0.041;e35:-0.039;e36*:-0.027
93,ultrachat,B,4,1,2,74,0.64,ADMIT,0.388,0.008,0.648,,e58:-0.066;e59:-0.088;e60:-0.057;e61*:-0.110
94,github_code,B,4,1,1,37,0.68,ADMIT,0.693,0.006,0.863,,e45:-0.071;e46:-0.110;e47:-0.054;e48*:-0.002
95,gsm8k,B,4,1,3,55,0.74,ADMIT,1.193,,0.167,,e38:-0.078;e39:-0.078;e40:-0.107;e41*:-0.127
96,gsm8k,B,4,1,3,87,0.73,HELDOUT,,,,,e42:-0.185;e43:-0.111;e44:-0.111;e45*:-0.022
97,ai2_arc,B,4,1,2,7,0.65,ADMIT,0.396,,0.0,,e62:-0.045;e63:+0.000;e64:-0.018;e65*:-0.018
98,ai2_arc,B,4,1,2,5,0.64,ADMIT,0.36,,0.0,,e66:-0.163;e67:-0.325;e68:-0.325;e70*:-0.237
99,metamath,B,4,1,3,128,0.75,HELDOUT,,,,,e46:-0.052;e47:-0.058;e48:-0.022;e49*:-0.046
100,camel_science,B,4,1,2,4,0.64,HELDOUT,,,,,e74:-0.062;e75:-0.062;e76:-0.062;e77*:-0.062
101,github_code,B,4,1,1,34,0.79,ADMIT,0.061,,0.316,,e50:+0.004;e51:-0.006;e52:-0.022;e53*:-0.048
102,slimorca,B,4,1,2,128,0.69,HELDOUT,,,,,e78:-0.038;e79:-0.153;e80:-0.116;e81*:-0.114
103,gsm8k,B,4,1,3,89,0.6,ADMIT,0.44,0.002,0.222,,e51:-0.083;e52:-0.126;e53:-0.107;e54*:-0.089
104,python_instructions,B,4,1,1,85,0.74,ADMIT,2.403,,0.652,,e54:-0.015;e55:+0.026;e56:+0.010;e57*:-0.018
105,ai2_arc,B,4,1,2,4,0.37,ADMIT,0.128,-0.004,0.0,,e82:+0.000;e83:+0.000;e84:+0.000;e85*:+0.000
106,gsm8k,B,4,1,3,87,0.71,HELDOUT,,,,,e55:-0.152;e56:-0.026;e57:-0.110;e58*:-0.026
107,metamath,B,4,1,3,128,0.62,ADMIT,0.397,,0.24,,e59:-0.042;e60:-0.075;e61:-0.042;e62*:-0.042
108,ai2_arc,B,4,1,2,2,0.35,REFUSE,,,0.0,,e86:+0.000;e87:+0.000;e89:+0.000;e90*:+0.000
109,ultrachat,B,2,1,2,128,0.35,ADMIT,0.993,0.007,1.125,,e91:-0.083;e92*:-0.071
110,metamath,B,4,1,1,128,0.65,HELDOUT,,,,,e58:-0.039;e59:-0.044;e60:-0.049;e61*:-0.044
111,ultrachat,B,4,1,2,128,0.43,HELDOUT,,,,,e93:-0.049;e94:-0.008;e95:-0.032;e96*:-0.017
112,gsm8k,B,4,1,0,128,0.52,ADMIT,0.485,,0.41,,e9:-0.077;e10:-0.037;e11:-0.038;e12*:-0.035
113,metamath,B,4,1,3,102,0.57,ADMIT,0.993,,0.07,,e63:-0.016;e64:-0.003;e65:+0.009;e66*:+0.002
114,slimorca,B,4,1,2,128,0.35,ADMIT,0.317,0.008,0.305,,e98:-0.147;e99:-0.059;e19:-0.048;e21*:-0.052
115,metamath,B,4,1,1,128,0.6,HELDOUT,,,,,e62:-0.075;e63:-0.075;e64:-0.051;e65*:-0.048
116,gsm8k,B,4,1,1,79,0.67,ADMIT,0.135,,0.754,,e66:+0.002;e67:-0.022;e69:+0.057;e71*:-0.025
117,metamath,B,4,1,3,102,0.65,HELDOUT,,,,,e67:-0.012;e69:-0.029;e71:-0.029;e72*:-0.032
118,gsm8k,B,4,1,0,128,0.66,ADMIT,1.273,,0.254,,e13:-0.063;e15:-0.022;e16:-0.053;e17*:-0.059
119,metamath,B,4,1,3,128,0.62,ADMIT,0.315,,0.144,,e74:-0.044;e75:-0.069;e76:-0.065;e77*:-0.016
120,slimorca,B,4,1,2,128,0.53,HELDOUT,,,,,e21:-0.014;e47:-0.007;e66:-0.009;e70*:-0.041
121,camel_science,B,4,1,2,4,0.43,ADMIT,1.935,0.08,1.719,,e1:-1.203;e2:-1.203;e3:-1.203;e4*:-1.203
122,python_instructions,B,4,1,1,64,0.77,ADMIT,0.99,0.009,0.812,,e77:-0.022;e78:-0.024;e79:+0.018;e80*:-0.052
123,camel_science,B,4,1,2,2,0.42,REFUSE,,,0.312,,e5:-0.062;e6:-1.125;e7:-0.469;e8*:-1.125
124,ultrachat,B,2,1,2,128,0.51,ADMIT,0.532,,1.461,,e9:-0.026;e10*:-0.033
125,ai2_arc,B,4,1,2,3,0.48,REFUSE,,,0.0,,e11:-0.146;e12:-0.146;e13:-1.583;e15*:-0.125
126,github_code,B,4,1,1,10,0.77,ADMIT,1.148,-0.003,0.082,,e81:+0.006;e82:+0.006;e83:+0.006;e84*:-0.006
127,github_code,B,4,1,1,32,0.77,HELDOUT,,,,,e85:+0.006;e86:+0.027;e87:+0.066;e89*:-0.023
128,ai2_arc,B,4,1,2,5,0.42,ADMIT,0.683,-0.021,0.0,,e16:+0.000;e17:-0.025;e18:-0.650;e22*:-0.075
129,ai2_arc,B,4,1,2,13,0.43,ADMIT,0.509,,0.0,,e23:-0.010;e24:-0.062;e27:-0.067;e30*:-0.077
130,python_instructions,B,4,1,1,67,0.75,ADMIT,1.727,0.005,0.449,,e90:-0.010;e91:+0.080;e92:-0.019;e93*:-0.011
131,python_instructions,B,4,1,1,95,0.72,ADMIT,0.171,0.0,1.062,,e94:-0.023;e95:-0.023;e96:-0.018;e98*:-0.007
132,gsm8k,B,4,1,3,73,0.64,ADMIT,0.061,-0.005,0.652,,e82:-0.008;e83:-0.073;e84:-0.024;e85*:+0.015
133,github_code,B,4,1,1,67,0.74,ADMIT,0.157,-0.001,0.207,,e99:+0.000;e36:+0.004;e38:+0.017;e43*:-0.009
134,python_instructions,B,4,1,1,128,0.73,ADMIT,0.979,,0.277,,e46:-0.009;e68:-0.008;e71:-0.006;e73*:-0.008
135,metamath,B,4,1,3,94,0.62,ADMIT,0.928,,0.098,,e86:+0.011;e87:-0.028;e89:+0.001;e90*:+0.011
136,metamath,B,4,1,0,104,0.59,HELDOUT,,,,,e18:-0.022;e22:-0.106;e23:-0.066;e24*:-0.061
137,gsm8k,B,4,1,0,69,0.64,ADMIT,0.361,-0.003,0.387,,e27:-0.125;e30:-0.067;e31:-0.162;e32*:-0.071
138,metamath,B,4,1,0,123,0.63,ADMIT,1.105,-0.013,0.112,,e33:-0.022;e37:-0.078;e39:-0.030;e40*:-0.034
139,slimorca,B,2,1,2,30,0.55,ADMIT,0.062,0.013,2.453,,e31:-0.315;e32*:-0.021
140,python_instructions,B,4,1,1,128,0.76,ADMIT,0.562,0.003,0.594,,e88:-0.015;e91:+0.010;e1:-0.006;e2*:-0.012
141,ultrachat,B,3,1,2,128,0.61,HELDOUT,,,,,e39:-0.022;e40:-0.029;e41*:-0.028
142,github_code,B,4,1,1,43,0.4,ADMIT,0.482,0.006,0.33,,e3:-0.031;e5:-0.019;e6:-0.020;e7*:-0.010
143,ultrachat,B,2,1,3,128,0.52,ADMIT,0.201,,0.352,,e96:-0.036;e97*:-0.033
144,ai2_arc,B,4,1,2,6,0.45,ADMIT,0.396,-0.006,0.0,,e42:-0.802;e43:-0.802;e44:-0.083;e45*:-0.802
145,camel_science,B,4,1,2,3,0.45,REFUSE,,,0.0,,e46:-0.333;e48:-0.042;e49:-0.042;e50*:-0.042
146,gsm8k,B,4,1,3,88,0.52,HELDOUT,,,,,e98:-0.021;e99:-0.053;e0:-0.103;e14*:-0.021
147,slimorca,B,4,1,2,64,0.47,HELDOUT,,,,,e51:-0.030;e52:-0.049;e53:-0.066;e54*:-0.030
148,camel_science,B,4,1,2,3,0.41,REFUSE,,,0.0,,e56:-0.896;e57:-0.208;e58:-0.042;e59*:-0.042
149,gsm8k,B,4,1,3,50,0.5,ADMIT,0.496,,0.326,,e25:-0.033;e26:-0.126;e28:-0.130;e29*:-0.033
150,slimorca,B,4,1,2,52,0.45,ADMIT,0.777,,1.758,,e61:-0.066;e62:-0.252;e63:-0.148;e64*:-0.216
151,gsm8k,B,4,1,3,128,0.5,HELDOUT,,,,,e34:-0.046;e35:-0.030;e60:-0.016;e1*:-0.036
152,ai2_arc,B,4,1,2,4,0.46,ADMIT,0.524,,0.0,,e65:+0.000;e67:+0.000;e68:+0.000;e69*:+0.000
153,ai2_arc,B,4,1,2,4,0.42,ADMIT,0.056,0.003,0.0,,e72:-0.031;e73:-0.031;e74:+0.000;e75*:-0.750
154,ultrachat,B,3,1,2,128,0.44,HELDOUT,,,,,e76:-0.055;e77:-0.035;e78*:-0.070
155,python_instructions,B,4,1,1,104,0.71,HELDOUT,,,,,e8:-0.006;e9:+0.019;e11:-0.037;e13*:+0.019
156,gsm8k,B,4,1,0,62,0.6,HELDOUT,,,,,e45:-0.182;e46:-0.166;e48:-0.192;e49*:-0.179
157,metamath,B,4,1,3,106,0.63,ADMIT,1.407,,0.149,,e2:-0.045;e3:-0.081;e5:-0.075;e6*:-0.035
158,github_code,B,4,1,1,12,0.67,ADMIT,0.197,-0.002,0.141,,e15:-0.031;e16:-0.016;e17:-0.042;e18*:-0.031
159,slimorca,B,4,1,2,128,0.63,ADMIT,0.241,-0.035,0.648,,e79:+0.004;e82:-0.038;e83:-0.035;e84*:-0.044
160,ultrachat,B,2,1,2,128,0.6,HELDOUT,,,,,e83:-0.031;e84*:-0.050
161,ai2_arc,B,4,1,2,4,0.44,ADMIT,1.333,0.245,0.0,,e85:-0.625;e86:+0.000;e87:+0.000;e89*:+0.000
162,python_instructions,B,4,1,1,29,0.57,ADMIT,0.155,,0.602,,e21:-0.011;e22:+0.013;e23:-0.073;e24*:-0.019
163,ai2_arc,B,4,1,2,2,0.45,REFUSE,,,4.75,,e90:+4.750;e92:+3.344;e93:+3.344;e94*:+4.750
164,ai2_arc,B,4,1,2,4,0.52,ADMIT,4.682,0.159,0.0,,e95:-3.500;e97:-2.719;e99:+0.000;e8*:-0.906
165,slimorca,B,4,1,3,18,0.55,ADMIT,0.306,,0.355,,e7:-0.033;e9:-0.247;e11:-0.226;e13*:-0.167
166,gsm8k,B,4,1,3,59,0.58,ADMIT,0.485,,0.208,,e15:-0.044;e16:+0.005;e17:-0.031;e18*:-0.043
167,ultrachat,B,2,1,2,128,0.41,ADMIT,0.19,,1.258,,e10:-0.056;e20*:-0.035
168,metamath,B,4,1,3,128,0.62,ADMIT,0.408,-0.0,0.117,,e19:-0.093;e21:-0.044;e22:-0.103;e23*:-0.058
169,ultrachat,B,2,1,2,128,0.39,ADMIT,0.127,,0.742,,e30:-0.025;e44*:-0.018
170,gsm8k,B,4,1,0,92,0.55,ADMIT,0.723,,1.133,,e48:-0.041;e49:-0.023;e50:-0.041;e51*:-0.041
171,ai2_arc,B,4,1,2,10,0.38,ADMIT,1.195,0.055,1.273,,e47:+0.431;e66:+0.806;e72:+0.231;e98*:+0.838
172,python_instructions,B,4,1,1,33,0.58,ADMIT,0.32,,0.229,,e26:-0.015;e27:-0.006;e28:-0.032;e31*:-0.123
173,gsm8k,B,4,1,2,128,0.48,HELDOUT,,,,,e1:-0.034;e2:-0.049;e3:-0.078;e4*:-0.037
174,ultrachat,B,3,1,2,128,0.39,ADMIT,0.176,,1.789,,e6:-0.010;e7:-0.007;e9*:-0.011
175,slimorca,B,2,1,2,128,0.44,ADMIT,0.131,-0.006,0.523,,e11:-0.026;e13*:-0.066
176,gsm8k,B,4,1,3,52,0.62,ADMIT,0.28,-0.007,1.086,,e24:+0.047;e26:-0.018;e27:-0.010;e28*:+0.061
177,metamath,B,4,1,3,128,0.57,HELDOUT,,,,,e31:-0.028;e32:-0.012;e37:-0.055;e39*:-0.023
178,ultrachat,B,4,1,1,128,0.69,ADMIT,0.924,,0.836,,e32:-0.014;e37:+0.002;e39:-0.003;e40*:-0.005
179,slimorca,B,4,1,2,1,0.57,REFUSE,,,0.0,,e15:-1.812;e16:-1.688;e17:-1.688;e18*:-1.688
180,gsm8k,B,4,1,3,60,0.59,ADMIT,1.13,-0.001,0.359,,e41:+0.003;e42:-0.031;e43:+0.031;e45*:-0.011
181,camel_science,B,4,1,2,1,0.54,REFUSE,,,0.0,,e21:-2.312;e22:-2.812;e23:-2.812;e26*:-2.312
182,ultrachat,B,4,1,2,128,0.57,ADMIT,0.142,,0.789,,e27:-0.006;e28:-0.007;e31:-0.004;e34*:+0.002
183,ai2_arc,B,4,1,2,3,0.55,HELDOUT,,,,,e35:-0.208;e37:-0.125;e39:+0.000;e40*:-0.042
184,ai2_arc,B,4,1,2,6,0.55,ADMIT,0.582,0.035,0.0,,e41:-1.062;e42:-0.125;e43:-0.281;e45*:-0.281
185,metamath,B,4,1,3,128,0.63,ADMIT,0.523,0.003,0.062,,e46:-0.115;e47:-0.085;e48:-0.052;e50*:-0.073
186,ultrachat,B,4,1,2,128,0.55,HELDOUT,,,,,e46:-0.022;e47:-0.005;e48:-0.013;e50*:-0.150
187,camel_science,B,4,1,2,3,0.43,REFUSE,,,2.469,,e51:-3.021;e52:-2.125;e53:-4.104;e54*:-2.125
188,ai2_arc,B,4,1,2,2,0.48,REFUSE,,,0.0,,e56:+0.000;e57:+0.000;e58:-0.188;e59*:-0.250
189,python_instructions,B,4,1,1,104,0.71,HELDOUT,,,,,e42:+0.000;e43:-0.067;e45:-0.005;e46*:-0.023
190,python_instructions,B,4,1,1,128,0.73,ADMIT,0.399,-0.002,0.482,,e47:+0.000;e48:+0.005;e50:-0.001;e51*:-0.005
191,ultrachat,B,4,1,2,103,0.51,ADMIT,0.328,-0.015,1.109,,e61:-0.069;e62:+0.020;e63:-0.096;e64*:-0.090
192,ultrachat,B,2,1,2,128,0.48,ADMIT,0.224,0.002,0.852,,e65:+0.024;e66*:+0.039
193,ultrachat,B,2,1,2,128,0.5,ADMIT,0.019,,0.209,,e67:+0.034;e68*:-0.029
194,ai2_arc,B,4,1,2,11,0.43,ADMIT,0.111,,0.0,,e69:+0.000;e70:+0.000;e72:+0.000;e73*:+0.000
195,camel_science,B,4,1,2,1,0.44,REFUSE,,,5.062,,e74:+1.688;e75:+0.062;e76:+1.688;e77*:+1.688
196,github_code,B,4,1,1,120,0.63,ADMIT,0.353,0.003,1.062,,e52:-0.038;e53:-0.038;e54:+0.010;e56*:-0.026
197,camel_science,B,4,1,2,2,0.44,REFUSE,,,0.375,,e78:-1.875;e79:-0.688;e81:-1.594;e84*:-0.781
198,gsm8k,B,4,1,3,51,0.59,ADMIT,0.27,,0.18,,e51:-0.055;e52:-0.055;e53:-0.055;e54*:-0.055
199,ai2_arc,B,4,1,2,8,0.43,ADMIT,0.204,-0.04,0.641,,e85:+0.547;e86:-0.625;e88:+0.656;e89*:+0.656
200,python_instructions,B,4,1,1,24,0.72,ADMIT,0.344,0.004,0.482,,e53:-0.096;e54:-0.096;e56:-0.078;e57*:-0.102
201,github_code,B,4,1,1,6,0.69,HELDOUT,,,,,e58:+0.000;e59:+0.010;e61:+0.031;e62*:+0.073
202,ai2_arc,B,4,1,2,7,0.43,ADMIT,0.125,0.001,0.0,,e90:-0.018;e92:-0.054;e93:-0.018;e94*:+0.000
203,camel_science,B,4,1,2,2,0.47,REFUSE,,,0.062,,e95:-0.438;e97:-0.688;e98:-1.750;e11*:-3.031
204,slimorca,B,4,1,2,126,0.53,HELDOUT,,,,,e27:-0.043;e44:-0.027;e69:-0.027;e82*:-0.097
205,slimorca,B,4,1,1,128,0.54,HELDOUT,,,,,e63:-0.002;e64:-0.049;e65:-0.049;e66*:-0.049
206,github_code,B,4,1,1,25,0.69,ADMIT,0.305,-0.011,0.598,,e67:-0.008;e70:-0.042;e72:-0.053;e73*:-0.070
207,camel_science,B,4,1,2,3,0.29,REFUSE,,,0.209,,e83:+0.208;e85:-0.417;e87:+0.208;e99*:+0.208
208,camel_science,B,4,1,2,1,0.27,REFUSE,,,0.0,,e1:-6.250;e2:-8.000;e3:-2.125;e4*:-5.438
209,metamath,B,4,1,0,128,0.54,ADMIT,0.513,-0.014,0.326,,e50:+0.025;e51:-0.001;e52:+0.025;e53*:+0.028
210,ultrachat,B,2,1,2,128,0.33,ADMIT,0.242,-0.006,1.258,,e5:+0.009;e8*:-0.003
211,github_code,B,4,1,1,71,0.69,ADMIT,0.13,,0.465,,e74:-0.002;e75:-0.027;e76:-0.002;e77*:+0.016
212,camel_science,B,4,1,2,4,0.27,ADMIT,4.027,,0.734,,e13:-2.391;e15:-2.234;e16:-2.234;e17*:-2.234
213,python_instructions,B,4,1,1,102,0.66,HELDOUT,,,,,e78:-0.011;e79:+0.006;e81:-0.003;e84*:-0.006
214,camel_science,B,4,1,2,7,0.27,ADMIT,0.226,0.038,1.953,,e18:+0.116;e19:+0.116;e20:+0.054;e21*:-0.071
215,python_instructions,B,4,1,1,75,0.53,ADMIT,1.077,,0.309,,e86:-0.022;e88:-0.014;e89:-0.022;e90*:-0.033
216,ultrachat,B,3,1,3,128,0.48,HELDOUT,,,,,e52:-0.025;e53:-0.005;e54*:-0.005
217,python_instructions,B,4,1,1,89,0.53,ADMIT,0.145,,0.229,,e92:-0.006;e93:+0.003;e94:+0.006;e95*:-0.015
218,metamath,B,4,1,3,128,0.33,ADMIT,0.252,0.002,0.161,,e56:-0.058;e57:-0.095;e58:-0.068;e59*:-0.055
219,python_instructions,B,4,1,1,27,0.53,ADMIT,0.106,,0.498,,e97:+0.021;e98:+0.016;e7:+0.032;e12*:+0.037
220,slimorca,B,4,1,2,125,0.26,ADMIT,0.215,-0.01,1.211,,e23:-0.002;e26:-0.025;e27:-0.025;e28*:-0.008
221,ai2_arc,B,4,1,2,9,0.25,ADMIT,0.468,,0.0,,e29:+0.000;e30:+0.000;e31:+0.000;e34*:-0.229
222,slimorca,B,4,1,2,128,0.32,ADMIT,0.135,-0.017,0.641,,e35:-0.001;e36:-0.012;e37:-0.052;e38*:-0.016
223,github_code,B,4,1,1,43,0.5,ADMIT,0.576,,0.26,,e55:+0.020;e67:+0.009;e68:+0.015;e76*:+0.009
224,ultrachat,B,2,1,2,128,0.29,HELDOUT,,,,,e39:+0.000;e40*:+0.001
225,python_instructions,B,4,1,1,128,0.49,HELDOUT,,,,,e80:-0.018;e91:-0.014;e92:+0.014;e1*:-0.003
226,metamath,B,4,1,1,128,0.56,ADMIT,0.13,,0.336,,e2:-0.004;e3:+0.022;e4:-0.004;e5*:+0.019
227,python_instructions,B,4,1,1,55,0.68,ADMIT,0.228,,0.359,,e8:+0.005;e12:+0.010;e13:+0.018;e15*:+0.017
228,gsm8k,B,4,1,0,125,0.45,ADMIT,0.796,0.015,0.144,,e49:-0.025;e52:-0.030;e54:-0.021;e56*:-0.023
229,python_instructions,B,4,1,1,38,0.68,HELDOUT,,,,,e16:+0.016;e17:+0.013;e18:-0.039;e21*:-0.026
230,python_instructions,B,4,1,1,115,0.65,ADMIT,0.301,-0.004,1.094,,e22:+0.014;e23:-0.011;e26:+0.035;e27*:+0.029
231,python_instructions,B,4,1,1,95,0.65,HELDOUT,,,,,e28:-0.006;e29:+0.016;e30:+0.027;e31*:+0.027
232,ai2_arc,B,4,1,2,10,0.3,ADMIT,0.715,0.042,0.0,,e41:-0.037;e42:-0.194;e43:-0.194;e44*:+0.000
233,camel_science,B,4,1,2,1,0.31,REFUSE,,,0.0,,e45:-2.938;e46:-2.938;e47:-0.375;e48*:-0.125
234,ultrachat,B,2,1,3,128,0.3,ADMIT,0.1,,1.281,,e61:+0.026;e62*:+0.023
235,gsm8k,B,4,1,3,102,0.32,ADMIT,0.671,-0.013,0.053,,e63:-0.037;e64:-0.037;e65:-0.037;e66*:-0.020
236,python_instructions,B,4,1,1,37,0.6,ADMIT,0.07,,0.52,,e34:+0.000;e35:-0.022;e36:+0.005;e37*:-0.035
237,ai2_arc,B,4,1,2,12,0.3,ADMIT,0.334,0.006,0.0,,e49:-0.156;e52:-0.156;e54:-0.073;e56*:-0.031
238,gsm8k,B,4,1,0,72,0.51,HELDOUT,,,,,e57:-0.089;e58:-0.091;e59:-0.091;e60*:-0.089
239,camel_science,B,4,1,2,2,0.36,REFUSE,,,0.438,,e57:+0.031;e58:+0.312;e59:-2.438;e60*:-3.438
240,ultrachat,B,4,1,2,128,0.45,ADMIT,0.437,,0.664,,e66:-0.015;e70:-0.014;e71:-0.007;e72*:-0.011
241,python_instructions,B,4,1,1,128,0.7,ADMIT,0.813,,1.5,,e36:-0.004;e37:-0.016;e38:-0.020;e39*:-0.006
242,ultrachat,B,2,1,1,128,0.7,ADMIT,0.707,0.005,0.855,,e40:-0.036;e41*:-0.027
243,camel_science,B,4,1,2,2,0.38,HELDOUT,,,,,e74:+0.156;e75:+0.156;e76:+0.156;e77*:+0.156
244,python_instructions,B,4,1,1,92,0.59,ADMIT,0.768,-0.003,0.312,,e42:-0.065;e43:-0.054;e45:-0.001;e46*:-0.025
245,slimorca,B,4,1,2,119,0.34,ADMIT,0.175,0.002,0.961,,e78:-0.087;e79:-0.079;e81:-0.124;e85*:-0.097
246,github_code,B,4,1,1,40,0.66,ADMIT,0.105,0.001,0.562,,e47:-0.069;e48:-0.044;e55:+0.094;e56*:+0.091
247,gsm8k,B,4,1,0,106,0.44,ADMIT,0.492,-0.002,0.25,,e60:-0.053;e65:-0.045;e66:-0.015;e70*:-0.028
248,github_code,B,4,1,1,46,0.66,ADMIT,0.242,0.001,0.389,,e60:-0.003;e57:+0.005;e58:+0.027;e59*:-0.090
249,gsm8k,B,4,1,3,128,0.38,ADMIT,1.09,,0.33,,e76:-0.067;e77:-0.055;e78:-0.053;e79*:-0.054
250,ai2_arc,B,4,1,2,8,0.35,ADMIT,1.095,-0.0,0.0,,e86:-0.016;e88:-0.016;e89:-0.016;e90*:-0.016
251,camel_science,B,4,1,2,4,0.35,HELDOUT,,,,,e93:+1.094;e94:+1.031;e95:+0.938;e96*:+1.094
252,metamath,B,4,1,3,128,0.46,ADMIT,0.195,,0.262,,e81:-0.048;e85:-0.064;e86:-0.064;e88*:-0.102
253,ai2_arc,B,4,1,2,5,0.37,HELDOUT,,,,,e97:-0.087;e98:-0.087;e99:-0.138;e11*:-0.263
254,ai2_arc,B,4,1,2,13,0.36,ADMIT,0.112,,0.0,,e20:+0.000;e28:+0.000;e44:+0.000;e69*:+0.000
255,github_code,B,4,1,1,54,0.67,ADMIT,0.68,,0.067,,e65:+0.015;e66:+0.022;e70:+0.022;e71*:+0.034
256,metamath,B,4,1,0,128,0.44,HELDOUT,,,,,e71:-0.035;e72:-0.085;e74:-0.042;e75*:-0.024
257,slimorca,B,4,1,1,128,0.64,ADMIT,0.06,0.044,0.473,,e72:-0.072;e74:-0.044;e75:-0.004;e76*:-0.022
258,ultrachat,B,2,1,2,128,0.46,HELDOUT,,,,,e73:-0.040;e82*:-0.002
259,metamath,B,4,1,3,128,0.46,HELDOUT,,,,,e89:-0.121;e90:-0.049;e93:-0.024;e94*:-0.058
260,ai2_arc,B,4,1,2,9,0.47,ADMIT,0.405,-0.0,0.0,,e90:-0.083;e82:-0.028;e0:-0.069;e1*:-0.194
261,python_instructions,B,4,1,1,128,0.81,HELDOUT,,,,,e75:+0.010;e76:+0.004;e77:+0.012;e78*:+0.006
262,slimorca,B,4,1,1,128,0.62,ADMIT,0.625,0.001,1.93,,e81:+0.017;e86:-0.040;e87:-0.103;e88*:+0.032
263,github_code,B,4,1,1,20,0.86,HELDOUT,,,,,e89:-0.159;e93:-0.078;e94:-0.328;e95*:-0.309
264,ultrachat,B,3,1,2,109,0.5,ADMIT,0.029,,1.055,,e2:-0.028;e3:-0.062;e4*:-0.047
265,ai2_arc,B,4,1,2,1,0.49,REFUSE,,,0.0,,e5:+0.000;e8:-0.438;e12:-0.438;e13*:-0.438
266,ultrachat,B,3,1,2,82,0.48,ADMIT,0.454,,0.816,,e14:-0.063;e15:-0.069;e16*:-0.011
267,camel_science,B,4,1,2,1,0.47,HELDOUT,,,,,e17:+0.000;e18:+0.000;e19:+0.000;e21*:+0.000
268,slimorca,B,4,1,2,5,0.47,ADMIT,0.245,-0.062,0.0,,e22:-0.275;e23:-0.188;e24:-0.475;e25*:-0.163
269,ai2_arc,B,4,1,2,19,0.47,ADMIT,0.056,0.008,0.0,,e27:-0.039;e29:+0.000;e30:+0.000;e31*:-0.007
270,slimorca,B,4,1,2,57,0.53,ADMIT,0.274,,0.762,,e34:-0.004;e35:-0.070;e36:-0.064;e37*:+0.026
271,camel_science,B,4,1,2,2,0.47,HELDOUT,,,,,e38:+0.250;e39:+0.250;e40:+0.250;e41*:+0.250
272,python_instructions,B,4,1,1,76,0.69,ADMIT,1.365,0.002,0.504,,e96:-0.026;e97:-0.026;e98:-0.044;e99*:-0.014
273,gsm8k,B,4,1,0,66,0.48,ADMIT,0.462,-0.0,0.184,,e74:-0.162;e75:-0.118;e76:-0.134;e77*:-0.134
274,ultrachat,B,4,1,2,128,0.47,ADMIT,0.306,-0.014,1.07,,e42:-0.034;e43:-0.022;e45:-0.045;e46*:-0.062
275,metamath,B,4,1,3,128,0.51,ADMIT,0.801,,0.285,,e95:-0.030;e96:-0.036;e97:-0.036;e98*:-0.036
276,ultrachat,B,2,1,2,128,0.47,ADMIT,0.054,-0.001,1.562,,e47:-0.039;e48*:-0.019
277,slimorca,B,4,1,2,128,0.5,ADMIT,0.104,0.004,0.758,,e55:-0.049;e56:-0.021;e57:-0.037;e58*:-0.056
278,gsm8k,B,4,1,3,128,0.5,ADMIT,0.615,0.001,0.371,,e99:-0.087;e6:-0.087;e9:-0.054;e10*:-0.047
279,slimorca,B,4,1,2,69,0.48,ADMIT,0.122,0.001,0.926,,e59:-0.008;e60:-0.031;e62:+0.002;e65*:-0.072
280,slimorca,B,4,1,2,34,0.48,ADMIT,0.069,0.0,0.131,,e68:-0.261;e70:-0.265;e71:-0.196;e76*:-0.086
281,ultrachat,B,4,1,2,128,0.48,ADMIT,0.478,,0.863,,e77:-0.017;e78:-0.014;e79:-0.016;e80*:-0.021
282,github_code,B,4,1,1,48,0.69,ADMIT,0.536,,0.258,,e7:+0.232;e26:+0.234;e32:+0.234;e36*:+0.234
283,ultrachat,B,3,1,2,128,0.48,ADMIT,0.182,,1.078,,e81:+0.011;e86:+0.006;e87*:-0.005
284,camel_science,B,4,1,2,2,0.47,REFUSE,,,5.094,,e88:-1.094;e89:-0.969;e91:-0.750;e93*:+0.094
285,gsm8k,B,4,1,0,128,0.49,ADMIT,1.562,-0.001,0.57,,e80:-0.092;e81:-0.092;e86:-0.092;e87*:-0.092
286,ai2_arc,B,4,1,2,10,0.47,ADMIT,0.257,-0.11,0.0,,e94:-0.175;e95:-0.087;e96:-0.150;e97*:-0.388
287,ai2_arc,B,4,1,2,4,0.47,HELDOUT,,,,,e98:-0.031;e11:-0.062;e20:-0.031;e37*:-0.156
288,camel_science,B,4,1,2,3,0.49,REFUSE,,,0.375,,e44:-2.594;e69:-1.542;e72:-2.906;e73*:-2.979
289,camel_science,B,4,1,2,2,0.48,HELDOUT,,,,,e74:-0.594;e82:-0.656;e0:-0.594;e1*:-0.594
290,ultrachat,B,2,1,2,128,0.54,ADMIT,0.248,0.013,0.852,,e2:-0.058;e3*:-0.091
291,ai2_arc,B,4,1,2,2,0.51,REFUSE,,,0.0,,e4:+0.000;e5:-0.031;e8:+0.000;e10*:-0.125
292,slimorca,B,4,1,2,3,0.51,REFUSE,,,0.0,,e12:-2.375;e13:-2.615;e14:-1.229;e15*:-0.854
293,python_instructions,B,4,1,1,128,0.69,HELDOUT,,,,,e56:+0.002;e58:+0.000;e90:+0.004;e92*:-0.001
294,camel_science,B,4,1,2,3,0.48,REFUSE,,,0.0,,e16:-1.812;e17:-1.812;e18:-0.896;e19*:-1.812
295,github_code,B,4,1,1,24,0.66,ADMIT,0.119,-0.026,0.719,,e99:+0.094;e0:+0.094;e1:-0.018;e2*:+0.094
296,python_instructions,B,4,1,1,104,0.78,HELDOUT,,,,,e3:+0.004;e4:-0.028;e5:+0.016;e8*:-0.006
297,gsm8k,B,4,1,3,128,0.53,ADMIT,0.983,,0.617,,e59:+0.038;e60:+0.032;e62:+0.030;e83*:+0.021
298,gsm8k,B,4,1,0,128,0.53,ADMIT,1.077,,0.187,,e88:-0.021;e89:-0.025;e91:-0.018;e93*:-0.061
299,ai2_arc,B,4,1,2,1,0.53,REFUSE,,,0.0,,e21:-0.438;e22:-0.438;e23:+0.000;e24*:-0.500
300,gsm8k,B,4,1,0,95,0.53,ADMIT,0.409,0.009,0.473,,e94:-0.079;e95:-0.066;e96:-0.079;e97*:-0.072
301,github_code,B,4,1,1,7,0.69,ADMIT,0.369,0.014,5.281,,e10:+0.018;e12:-0.054;e13:-0.054;e14*:-0.054
302,slimorca,B,4,1,2,65,0.48,HELDOUT,,,,,e25:-0.244;e26:-0.244;e30:-0.023;e31*:-0.200
303,python_instructions,B,4,1,1,15,0.72,ADMIT,0.173,0.006,0.352,,e15:-0.083;e16:+0.004;e17:-0.008;e18*:-0.017
304,metamath,B,4,1,2,128,0.54,ADMIT,0.01,0.001,0.188,,e32:-0.068;e34:-0.066;e36:-0.064;e38*:-0.064
305,ultrachat,B,3,1,2,128,0.37,HELDOUT,,,,,e39:-0.052;e40:-0.033;e41*:-0.014
306,ultrachat,B,3,1,2,128,0.39,ADMIT,0.58,,1.242,,e42:-0.009;e43:-0.018;e44*:-0.000
307,metamath,B,4,1,0,128,0.45,ADMIT,0.228,,0.162,,e98:-0.068;e33:-0.060;e49:-0.033;e50*:-0.068
308,metamath,B,4,1,0,128,0.44,ADMIT,0.391,,0.281,,e51:-0.002;e52:-0.002;e53:-0.002;e75*:-0.002
309,gsm8k,B,4,1,0,44,0.5,HELDOUT,,,,,e93:-0.212;e0:-0.210;e1:-0.232;e2*:-0.212
310,camel_science,B,4,1,2,3,0.4,REFUSE,,,0.042,,e45:-0.083;e46:-0.125;e47:-0.896;e48*:-1.083
311,python_instructions,B,4,1,1,62,0.66,ADMIT,0.101,,0.434,,e19:-0.010;e21:-0.011;e22:-0.019;e23*:-0.012
312,python_instructions,B,4,1,1,96,0.73,HELDOUT,,,,,e24:-0.041;e25:-0.037;e26:-0.024;e30*:+0.001
313,gsm8k,B,4,1,3,104,0.49,HELDOUT,,,,,e84:-0.020;e85:-0.034;e0:-0.050;e1*:-0.081
314,metamath,B,4,1,3,128,0.52,ADMIT,0.288,,0.291,,e2:-0.058;e3:-0.051;e4:-0.066;e7*:-0.067
315,metamath,B,4,1,1,53,0.78,ADMIT,0.775,-0.002,0.151,,e31:-0.124;e32:-0.118;e34:-0.112;e36*:-0.105
316,gsm8k,B,4,1,3,53,0.53,ADMIT,1.786,0.034,0.096,,e8:-0.163;e10:-0.051;e12:-0.060;e13*:-0.060
317,ai2_arc,B,4,1,2,5,0.45,ADMIT,0.711,0.115,0.0,,e54:-1.038;e55:-0.662;e57:-0.188;e61*:-0.250
318,ai2_arc,B,4,1,2,7,0.46,ADMIT,0.127,-0.0,0.0,,e63:-0.062;e64:-0.036;e65:-0.098;e66*:-0.027
319,github_code,B,4,1,1,60,0.78,ADMIT,0.576,-0.009,0.402,,e38:+0.078;e39:+0.084;e40:+0.034;e41*:+0.034
320,gsm8k,B,4,1,3,85,0.52,ADMIT,1.853,0.003,0.134,,e12:-0.053;e13:-0.064;e14:-0.106;e15*:-0.015
321,ultrachat,B,4,1,2,104,0.47,HELDOUT,,,,,e68:+0.012;e70:+0.019;e71:+0.019;e76*:-0.141
322,python_instructions,B,4,1,1,54,0.77,ADMIT,0.318,-0.005,0.188,,e41:-0.091;e42:-0.022;e43:-0.043;e45*:-0.022
323,ai2_arc,B,4,1,2,7,0.33,ADMIT,0.519,0.076,0.0,,e77:-0.312;e78:-0.018;e79:-1.205;e80*:-0.179
324,gsm8k,B,4,1,0,85,0.51,ADMIT,0.679,,0.441,,e3:-0.079;e4:-0.060;e5:-0.090;e7*:-0.161
325,python_instructions,B,4,1,1,90,0.58,ADMIT,0.38,,0.883,,e46:-0.003;e47:-0.001;e48:-0.017;e54*:-0.009
326,metamath,B,4,1,3,62,0.48,ADMIT,0.378,0.005,0.118,,e16:-0.226;e17:-0.189;e18:-0.209;e19*:-0.231
327,slimorca,B,4,1,1,128,0.6,ADMIT,0.576,,0.777,,e55:-0.077;e57:-0.047;e61:-0.040;e63*:-0.067
328,python_instructions,B,4,1,1,24,0.59,ADMIT,0.353,-0.034,0.742,,e64:-0.031;e66:-0.056;e67:-0.130;e68*:-0.094
329,gsm8k,B,4,1,0,128,0.52,ADMIT,0.162,,0.566,,e8:+0.007;e9:+0.005;e10:+0.007;e12*:+0.007
330,ai2_arc,B,4,1,2,4,0.33,ADMIT,2.781,0.003,0.0,,e82:-0.031;e86:+0.000;e88:-1.281;e89*:-2.656
331,github_code,B,4,1,1,92,0.7,ADMIT,0.207,,0.195,,e70:-0.022;e71:-0.021;e76:-0.001;e77*:+0.001
332,camel_science,B,4,1,2,2,0.33,REFUSE,,,0.062,,e91:-0.875;e92:-0.719;e94:-1.500;e95*:-2.031
333,ai2_arc,B,4,1,2,5,0.33,ADMIT,0.47,0.001,0.0,,e96:-0.025;e97:-0.013;e98:+0.000;e20*:-0.025
334,camel_science,B,4,1,2,3,0.33,REFUSE,,,3.922,,e28:-0.167;e37:+0.042;e44:+0.125;e69*:-0.063
335,camel_science,B,4,1,2,2,0.34,REFUSE,,,0.0,,e72:-0.094;e74:-0.188;e83:-0.094;e87*:-3.062
336,metamath,B,4,1,3,128,0.44,HELDOUT,,,,,e21:-0.026;e22:-0.072;e23:-0.045;e24*:-0.011
337,camel_science,B,4,1,2,4,0.57,HELDOUT,,,,,e0:-1.500;e1:-1.500;e2:-1.500;e3*:-1.500
338,ultrachat,B,4,1,2,93,0.62,ADMIT,0.296,,0.734,,e4:-0.030;e5:-0.014;e7:-0.030;e8*:-0.041
339,metamath,B,4,1,3,128,0.56,HELDOUT,,,,,e25:-0.042;e26:-0.061;e27:-0.035;e29*:-0.061
340,ultrachat,B,4,1,2,128,0.56,HELDOUT,,,,,e13:-0.007;e14:+0.013;e15:+0.012;e16*:-0.010
341,slimorca,B,4,1,2,50,0.6,HELDOUT,,,,,e17:+0.059;e18:+0.073;e19:+0.041;e20*:+0.057
342,gsm8k,B,4,1,0,100,0.54,ADMIT,0.186,0.002,0.268,,e17:-0.054;e18:-0.002;e15:-0.014;e16*:-0.060
343,github_code,B,4,1,1,109,0.79,ADMIT,0.536,,0.361,,e79:-0.014;e82:-0.015;e86:-0.014;e88*:-0.018
344,github_code,B,4,1,1,9,0.78,ADMIT,0.348,0.026,0.223,,e89:-0.160;e91:-0.007;e92:-0.028;e94*:+0.125
345,python_instructions,B,4,1,1,51,0.71,ADMIT,0.392,,0.602,,e95:+0.039;e96:+0.025;e97:+0.049;e98*:+0.050
346,metamath,B,4,1,0,66,0.54,ADMIT,0.616,-0.012,0.13,,e19:-0.098;e20:-0.219;e21:-0.219;e22*:-0.219
347,gsm8k,B,4,1,0,88,0.56,ADMIT,0.615,-0.017,0.258,,e23:-0.065;e24:-0.117;e25:-0.067;e26*:-0.067
348,ultrachat,B,4,1,2,65,0.45,ADMIT,1.155,0.104,2.25,,e23:-0.223;e24:-0.013;e21:-0.050;e22*:-0.023
349,ai2_arc,B,4,1,2,3,0.44,REFUSE,,,0.0,,e25:+0.000;e26:+0.000;e27:-0.042;e29*:-0.438
350,slimorca,B,4,1,2,30,0.5,ADMIT,0.076,0.005,1.172,,e30:-0.232;e31:-0.234;e34:-0.202;e39*:-0.171
351,camel_science,B,4,1,2,3,0.42,REFUSE,,,0.0,,e40:+0.000;e41:-1.083;e42:-0.417;e43*:+0.000
352,github_code,B,4,1,1,11,0.75,ADMIT,0.99,-0.016,0.113,,e99:-0.011;e32:+0.034;e36:+0.000;e38*:+0.011
353,python_instructions,B,4,1,1,117,0.8,ADMIT,1.179,,0.414,,e56:-0.020;e58:-0.011;e73:-0.017;e80*:-0.025
354,slimorca,B,2,1,2,128,0.47,ADMIT,0.144,,1.289,,e45:-0.046;e46*:-0.113
355,camel_science,B,4,1,2,2,0.42,HELDOUT,,,,,e47:+0.062;e48:+0.062;e53:+0.062;e54*:+0.062
356,ultrachat,B,3,1,2,128,0.42,HELDOUT,,,,,e55:-0.024;e57:-0.042;e61*:-0.021
357,metamath,B,4,1,3,128,0.58,HELDOUT,,,,,e34:-0.012;e39:-0.021;e40:+0.005;e41*:-0.005
358,camel_science,B,4,1,2,3,0.56,REFUSE,,,1.625,,e65:+0.271;e66:-1.688;e67:-1.333;e68*:-1.979
359,metamath,B,4,1,0,120,0.52,ADMIT,0.131,,0.128,,e27:-0.052;e29:-0.102;e30:-0.043;e31*:-0.060
360,gsm8k,B,4,1,0,128,0.55,ADMIT,1.348,-0.002,0.254,,e39:-0.018;e40:-0.021;e41:-0.030;e42*:-0.021
361,python_instructions,B,4,1,1,128,0.79,ADMIT,0.519,,0.566,,e82:+0.001;e90:+0.008;e0:-0.002;e1*:+0.008
362,metamath,B,4,1,3,128,0.62,ADMIT,0.539,-0.004,0.402,,e43:-0.014;e45:-0.033;e46:-0.023;e47*:+0.012
363,ai2_arc,B,4,1,2,6,0.56,ADMIT,0.91,,0.0,,e70:+0.000;e71:+0.000;e75:-0.438;e76*:+0.000
364,slimorca,B,4,1,2,118,0.66,ADMIT,0.365,0.002,0.484,,e77:+0.011;e78:-0.021;e79:-0.031;e86*:-0.023
365,ai2_arc,B,4,1,2,6,0.56,ADMIT,0.461,0.404,0.042,,e88:-0.990;e89:-1.094;e91:-1.031;e92*:-0.167
366,ultrachat,B,3,1,2,21,0.58,HELDOUT,,,,,e93:-0.274;e94:-0.110;e95*:-0.220
367,gsm8k,B,4,1,3,121,0.63,ADMIT,1.191,-0.003,0.469,,e48:+0.010;e53:+0.025;e54:+0.015;e55*:-0.046
368,metamath,B,4,1,3,128,0.6,ADMIT,0.263,,0.141,,e57:-0.066;e61:-0.047;e63:-0.076;e65*:-0.050
369,slimorca,B,4,1,2,60,0.61,ADMIT,0.039,-0.082,1.859,,e96:-0.093;e97:-0.175;e98:-0.096;e99*:-0.132
370,metamath,B,4,1,1,128,0.71,HELDOUT,,,,,e2:-0.037;e3:-0.037;e4:-0.037;e5*:-0.044
371,ai2_arc,B,4,1,2,15,0.56,ADMIT,0.152,,0.0,,e11:-0.412;e28:-0.412;e37:-0.412;e44*:-0.412
372,metamath,B,4,1,3,128,0.57,ADMIT,0.142,0.003,0.332,,e66:-0.025;e67:-0.021;e68:+0.000;e70*:-0.071
373,ultrachat,B,3,1,2,128,0.55,ADMIT,0.255,,1.203,,e69:-0.051;e72:-0.062;e74*:-0.026
374,python_instructions,B,4,1,1,10,0.71,ADMIT,0.241,0.003,0.762,,e7:-0.069;e8:-0.069;e13:-0.069;e14*:-0.069
375,github_code,B,4,1,1,128,0.71,ADMIT,0.37,0.012,0.48,,e15:-0.024;e16:-0.012;e17:-0.013;e18*:-0.006
376,slimorca,B,4,1,3,11,0.61,ADMIT,1.039,-0.003,0.381,,e71:-1.108;e75:-1.006;e76:-0.741;e77*:-0.409
377,python_instructions,B,4,1,1,85,0.71,ADMIT,0.226,,0.422,,e19:+0.003;e20:-0.004;e21:-0.004;e22*:-0.004
378,ultrachat,B,3,1,2,128,0.57,ADMIT,0.689,,1.578,,e83:-0.026;e87:-0.006;e0*:-0.004
379,metamath,B,4,1,3,89,0.61,ADMIT,0.392,-0.039,0.081,,e78:-0.038;e79:-0.038;e86:-0.171;e88*:-0.038
380,python_instructions,B,4,1,1,70,0.71,ADMIT,0.451,,0.379,,e24:-0.003;e25:-0.017;e26:-0.012;e27*:-0.001
381,python_instructions,B,4,1,1,55,0.71,ADMIT,0.518,0.003,0.645,,e28:-0.027;e29:+0.000;e33:-0.018;e34*:-0.043
382,metamath,B,4,1,0,128,0.55,ADMIT,0.019,0.001,0.145,,e43:-0.047;e44:-0.058;e45:-0.104;e46*:-0.104
383,camel_science,B,4,1,2,1,0.58,REFUSE,,,3.75,,e2:-5.375;e3:-0.500;e4:-0.812;e5*:-5.438
384,camel_science,B,4,1,2,3,0.56,HELDOUT,,,,,e7:-1.104;e8:-1.958;e11:-0.167;e13*:-2.312
385,ai2_arc,B,4,1,2,9,0.57,ADMIT,0.063,0.016,0.0,,e14:-0.097;e15:-0.257;e16:-0.069;e17*:-0.014
386,metamath,B,4,1,3,128,0.57,HELDOUT,,,,,e86:-0.056;e88:-0.056;e89:-0.056;e91*:-0.056
387,ai2_arc,B,4,1,2,9,0.57,ADMIT,1.03,,0.0,,e18:-0.028;e19:-0.014;e21:+0.000;e22*:+0.000
388,github_code,B,4,1,1,10,0.75,ADMIT,0.609,-0.015,0.013,,e37:-0.013;e40:-0.006;e41:+0.000;e42*:-0.013
389,camel_science,B,4,1,2,2,0.57,REFUSE,,,1.625,,e23:-3.969;e24:-2.750;e25:-3.969;e26*:-3.969
390,ultrachat,B,3,1,2,128,0.56,HELDOUT,,,,,e27:-0.011;e28:+0.010;e29*:-0.003
391,camel_science,B,4,1,2,3,0.46,REFUSE,,,1.5,,e33:-1.125;e34:-1.125;e37:-1.125;e40*:-1.125
392,slimorca,B,4,1,3,128,0.6,HELDOUT,,,,,e92:-0.079;e93:-0.110;e94:-0.109;e95*:-0.084
393,github_code,B,4,1,1,15,0.71,ADMIT,0.494,-0.002,0.101,,e43:-0.008;e44:-0.067;e45:-0.033;e46*:-0.008
394,python_instructions,B,4,1,1,79,0.69,HELDOUT,,,,,e47:-0.010;e48:-0.009;e51:-0.019;e53*:-0.032
395,ai2_arc,B,4,1,2,2,0.47,REFUSE,,,0.0,,e41:+0.000;e42:+0.000;e43:+0.000;e44*:+0.000
396,ultrachat,B,4,1,2,128,0.47,HELDOUT,,,,,e45:-0.043;e46:-0.021;e47:-0.038;e48*:-0.048
397,python_instructions,B,4,1,1,75,0.53,ADMIT,0.054,,0.369,,e54:-0.003;e55:-0.017;e57:-0.041;e61*:-0.011
398,python_instructions,B,4,1,1,128,0.52,HELDOUT,,,,,e65:+0.009;e66:-0.007;e67:-0.007;e68*:-0.001
399,camel_science,B,4,1,2,3,0.5,REFUSE,,,0.812,,e51:-0.167;e53:+0.333;e54:-2.010;e55*:-2.010
400,github_code,B,4,1,1,46,0.68,ADMIT,0.077,0.014,0.385,,e68:-0.039;e70:+0.069;e71:+0.087;e75*:+0.087
401,slimorca,B,4,1,1,128,0.62,ADMIT,0.061,,0.754,,e76:-0.043;e77:-0.051;e79:-0.044;e80*:-0.049
402,ai2_arc,B,4,1,2,1,0.48,REFUSE,,,0.0,,e55:+0.000;e57:+0.000;e61:+0.000;e65*:+0.000
403,slimorca,B,4,1,2,128,0.53,ADMIT,0.595,-0.024,0.668,,e66:-0.037;e67:-0.014;e68:-0.040;e70*:-0.060
404,slimorca,B,4,1,2,1,0.55,REFUSE,,,0.0,,e71:-5.812;e75:-5.812;e76:-7.188;e77*:-7.188
405,ultrachat,B,3,1,2,128,0.49,ADMIT,0.25,,0.961,,e79:-0.034;e80:-0.015;e86*:-0.016
406,slimorca,B,4,1,3,69,0.55,HELDOUT,,,,,e97:-0.060;e98:-0.033;e6:-0.021;e59*:+0.042
407,ai2_arc,B,4,1,2,6,0.48,ADMIT,3.448,-0.163,1.578,,e88:+1.333;e89:+1.542;e91:+1.333;e92*:+1.000
408,python_instructions,B,4,1,1,31,0.65,ADMIT,0.504,,0.469,,e88:-0.026;e89:+0.030;e91:+0.024;e86*:-0.020
409,camel_science,B,4,1,2,2,0.48,REFUSE,,,0.0,,e93:-2.156;e94:-3.000;e95:+0.000;e97*:-0.125
410,gsm8k,B,4,1,3,128,0.49,ADMIT,1.064,-0.001,0.424,,e60:-0.026;e62:-0.049;e63:-0.119;e64*:-0.049
411,python_instructions,B,4,1,1,79,0.63,HELDOUT,,,,,e92:+0.025;e93:-0.023;e94:-0.033;e95*:-0.055
412,metamath,B,4,1,3,88,0.49,ADMIT,1.125,0.011,0.142,,e84:-0.158;e85:-0.126;e96:-0.161;e0*:-0.165
413,python_instructions,B,4,1,1,18,0.6,ADMIT,0.283,-0.01,0.504,,e97:+0.038;e98:+0.142;e32:+0.031;e36*:+0.038
414,slimorca,B,4,1,2,128,0.47,HELDOUT,,,,,e98:-0.009;e20:-0.035;e35:-0.024;e69*:-0.072
415,slimorca,B,4,1,3,42,0.52,ADMIT,0.289,-0.001,0.582,,e1:-0.001;e2:-0.225;e3:-0.161;e4*:-0.302
416,ai2_arc,B,4,1,2,3,0.43,REFUSE,,,0.167,,e72:-0.750;e73:-2.062;e74:-1.917;e78*:-0.750
417,camel_science,B,4,1,2,1,0.42,REFUSE,,,7.5,,e83:-0.500;e87:+0.625;e0:-0.188;e1*:-0.500
418,python_instructions,B,4,1,1,57,0.56,HELDOUT,,,,,e38:-0.015;e56:-0.019;e58:-0.046;e81*:-0.032
419,github_code,B,4,1,1,25,0.61,ADMIT,0.164,,0.275,,e82:-0.028;e90:-0.025;e99:-0.007;e0*:-0.015
420,slimorca,B,4,1,2,81,0.43,HELDOUT,,,,,e3:-0.014;e4:+0.006;e5:-0.162;e7*:-0.017
421,camel_science,B,4,1,2,2,0.46,HELDOUT,,,,,e8:-0.125;e11:-0.125;e13:-0.125;e14*:-0.125
422,ai2_arc,B,4,1,2,8,0.48,HELDOUT,,,,,e15:-0.016;e16:-0.055;e17:-0.102;e18*:-0.031
423,slimorca,B,4,1,2,128,0.5,ADMIT,0.235,,1.805,,e19:-0.060;e21:-0.023;e22:-0.048;e23*:-0.057
424,gsm8k,B,4,1,3,93,0.45,ADMIT,0.092,0.006,0.594,,e7:-0.110;e8:-0.036;e11:+0.003;e13*:-0.067
425,camel_science,B,4,1,2,2,0.5,HELDOUT,,,,,e24:-1.000;e25:-1.000;e26:-1.000;e28*:-0.562
426,camel_science,B,4,1,2,1,0.51,REFUSE,,,3.875,,e29:-5.562;e31:+0.000;e33:-0.438;e34*:-6.875
427,ai2_arc,B,4,1,2,1,0.5,REFUSE,,,0.0,,e37:-5.500;e40:+0.000;e41:+0.000;e42*:-4.125
428,ultrachat,B,2,1,2,128,0.47,ADMIT,0.315,,1.156,,e43:-0.069;e44*:-0.003
429,python_instructions,B,4,1,1,108,0.56,ADMIT,0.022,0.005,0.676,,e2:-0.004;e3:+0.008;e4:-0.004;e5*:+0.001
430,gsm8k,B,4,1,2,62,0.48,ADMIT,0.258,0.0,0.684,,e45:-0.351;e46:-0.118;e47:-0.048;e48*:-0.259
431,camel_science,B,4,1,2,2,0.5,REFUSE,,,0.438,,e53:-0.719;e54:-1.000;e55:-1.000;e56*:+0.062
432,ultrachat,B,3,1,2,61,0.47,ADMIT,0.249,,0.237,,e57:-0.090;e61:-0.080;e65*:-0.158
433,github_code,B,4,1,1,55,0.59,ADMIT,0.133,,0.256,,e7:-0.085;e8:-0.102;e11:+0.001;e13*:-0.108
434,ultrachat,B,2,1,2,128,0.49,HELDOUT,,,,,e66:-0.060;e67*:-0.111
435,camel_science,B,4,1,2,4,0.4,HELDOUT,,,,,e68:+0.781;e70:+0.781;e71:+0.719;e75*:+0.719
436,gsm8k,B,4,1,0,118,0.55,ADMIT,0.576,0.012,0.402,,e47:-0.162;e48:-0.075;e53:-0.049;e54*:-0.113
437,gsm8k,B,4,1,3,71,0.47,HELDOUT,,,,,e14:-0.079;e15:-0.050;e16:-0.079;e17*:-0.040
438,python_instructions,B,4,1,1,118,0.65,ADMIT,0.381,,0.314,,e14:-0.009;e15:-0.014;e16:-0.023;e17*:-0.014
439,ultrachat,B,3,1,2,128,0.4,ADMIT,0.161,,0.766,,e76:-0.020;e77:-0.041;e79*:-0.033
440,metamath,B,4,1,3,128,0.47,ADMIT,0.174,0.002,0.226,,e19:-0.023;e21:-0.043;e22:-0.035;e23*:-0.016
441,python_instructions,B,4,1,1,128,0.66,HELDOUT,,,,,e19:+0.004;e21:-0.006;e22:-0.005;e23*:-0.015
442,github_code,B,4,1,1,118,0.57,ADMIT,0.176,-0.002,0.307,,e24:+0.006;e25:-0.004;e26:-0.015;e27*:+0.005
443,ai2_arc,B,4,1,2,11,0.39,ADMIT,0.004,-0.037,0.023,,e80:-0.125;e86:-0.170;e89:-0.170;e91*:-0.170
444,metamath,B,4,1,3,128,0.46,ADMIT,0.144,0.0,0.336,,e24:-0.090;e25:-0.024;e26:-0.069;e27*:-0.095
445,camel_science,B,4,1,2,1,0.39,REFUSE,,,12.062,,e92:+8.750;e93:+8.750;e94:+3.938;e95*:+3.188
446,ai2_arc,B,4,1,2,12,0.4,ADMIT,0.064,,0.0,,e96:+0.000;e97:-0.010;e98:+0.000;e99*:-0.021
447,gsm8k,B,4,1,3,128,0.47,ADMIT,0.095,-0.013,0.373,,e28:-0.004;e29:-0.034;e31:-0.046;e33*:-0.007
448,github_code,B,4,1,2,3,0.46,REFUSE,,,0.334,,e20:-1.354;e35:-1.667;e69:-1.667;e73*:-1.667
449,ai2_arc,B,4,1,2,5,0.43,HELDOUT,,,,,e74:+0.000;e78:+0.000;e83:-0.075;e84*:-0.025
450,ultrachat,B,2,1,3,128,0.42,ADMIT,0.141,-0.016,0.254,,e34:-0.042;e37*:-0.108
451,slimorca,B,4,1,2,4,0.41,ADMIT,0.176,-0.045,0.0,,e87:-0.250;e1:-0.219;e2:-0.250;e3*:-0.062
452,slimorca,B,4,1,2,128,0.43,ADMIT,0.017,,1.125,,e4:-0.045;e5:-0.040;e8:-0.018;e11*:-0.031
453,python_instructions,B,4,1,1,10,0.62,ADMIT,0.386,,0.125,,e28:-0.075;e29:-0.056;e31:-0.206;e33*:-0.125
454,camel_science,B,4,1,2,2,0.4,REFUSE,,,1.188,,e13:-1.312;e14:-1.062;e15:-1.312;e16*:-1.062
455,camel_science,B,4,1,2,5,0.4,ADMIT,0.365,-0.039,1.312,,e17:-0.050;e18:-0.750;e19:-0.912;e21*:-0.438
456,slimorca,B,4,1,2,69,0.41,ADMIT,0.537,,0.844,,e22:-0.187;e23:-0.058;e24:-0.058;e25*:-0.103
457,metamath,B,4,1,1,128,0.53,ADMIT,0.491,0.002,0.41,,e34:-0.057;e37:-0.056;e40:-0.062;e41*:-0.048
458,python_instructions,B,4,1,1,128,0.63,ADMIT,0.564,,1.133,,e42:+0.004;e43:+0.003;e44:-0.011;e45*:-0.019
459,ai2_arc,B,4,1,2,1,0.4,REFUSE,,,0.0,,e26:+0.000;e27:-0.938;e28:+0.000;e29*:-0.125
460,ai2_arc,B,4,1,2,6,0.41,ADMIT,0.025,0.011,0.0,,e31:-0.094;e33:+0.000;e34:+0.000;e37*:+0.000
461,camel_science,B,4,1,2,1,0.42,HELDOUT,,,,,e40:-1.750;e41:-2.375;e42:-2.375;e43*:-2.375
462,gsm8k,B,4,1,3,76,0.43,ADMIT,0.178,0.007,0.695,,e40:-0.039;e41:-0.056;e42:-0.004;e43*:-0.043
463,github_code,B,4,1,1,116,0.61,ADMIT,0.411,,0.875,,e46:+0.075;e47:+0.079;e48:+0.111;e53*:+0.087
464,metamath,B,4,1,3,128,0.49,ADMIT,0.104,0.003,0.33,,e46:-0.120;e47:-0.087;e44:-0.071;e45*:-0.069
465,ai2_arc,B,4,1,2,1,0.41,REFUSE,,,0.0,,e44:+0.000;e45:-1.000;e46:-0.125;e47*:-0.125
466,slimorca,B,4,1,2,128,0.4,ADMIT,0.216,0.022,0.223,,e48:-0.094;e53:-0.091;e54:-0.081;e55*:-0.092
467,slimorca,B,4,1,2,128,0.48,ADMIT,0.099,0.002,0.852,,e56:-0.071;e57:-0.049;e61:-0.039;e63*:-0.042
468,slimorca,B,4,1,2,128,0.46,ADMIT,0.209,-0.004,0.766,,e65:-0.068;e66:-0.056;e67:-0.074;e68*:-0.015
469,metamath,B,4,1,3,128,0.42,ADMIT,0.385,0.004,0.102,,e48:-0.104;e53:-0.083;e54:-0.047;e55*:-0.117
470,ai2_arc,B,4,1,2,7,0.41,ADMIT,0.7,0.052,0.875,,e70:-0.089;e71:+0.607;e75:+0.571;e76*:+0.321
471,metamath,B,4,1,1,128,0.57,ADMIT,0.177,-0.008,0.196,,e54:-0.042;e55:-0.042;e56:-0.070;e57*:-0.042
472,metamath,B,4,1,1,128,0.52,HELDOUT,,,,,e61:-0.052;e63:-0.020;e65:-0.032;e66*:+0.007
473,camel_science,B,4,1,2,2,0.47,HELDOUT,,,,,e77:-2.375;e79:-2.375;e80:-0.594;e86*:-0.281
474,slimorca,B,4,1,2,11,0.45,ADMIT,0.053,,0.147,,e87:+0.000;e89:+0.034;e91:-0.085;e92*:+0.000
475,gsm8k,B,4,1,3,48,0.46,ADMIT,0.34,,0.062,,e56:-0.108;e57:-0.121;e61:-0.150;e63*:-0.150
476,metamath,B,4,1,2,128,0.5,ADMIT,0.107,,0.234,,e93:-0.031;e94:-0.045;e95:-0.017;e97*:-0.019
477,slimorca,B,4,1,2,128,0.5,ADMIT,0.127,0.059,1.32,,e98:-0.068;e20:-0.023;e35:-0.089;e69*:-0.053
478,camel_science,B,4,1,2,4,0.47,ADMIT,0.491,,3.0,,e72:-0.062;e73:-1.812;e74:-0.242;e78*:-0.531
479,python_instructions,B,4,1,1,128,0.71,ADMIT,0.068,-0.005,0.404,,e67:-0.017;e68:-0.014;e70:-0.009;e71*:-0.010
480,camel_science,B,4,1,2,4,0.46,ADMIT,0.531,-0.002,1.141,,e85:-0.359;e90:-0.297;e1:-0.484;e2*:-0.219
481,gsm8k,B,4,1,3,87,0.43,ADMIT,0.161,,0.402,,e65:-0.018;e66:-0.044;e67:-0.018;e68*:-0.040
482,python_instructions,B,4,1,1,128,0.59,HELDOUT,,,,,e75:-0.013;e77:-0.012;e78:-0.030;e79*:+0.011
483,gsm8k,B,4,1,0,104,0.53,ADMIT,0.299,-0.001,0.473,,e55:-0.072;e56:-0.053;e57:-0.070;e61*:-0.123
484,metamath,B,4,1,2,128,0.5,ADMIT,0.56,,0.157,,e3:-0.029;e4:-0.032;e5:-0.029;e8*:-0.021
485,python_instructions,B,4,1,1,32,0.45,ADMIT,0.119,,0.758,,e80:+0.051;e86:+0.053;e87:-0.020;e89*:+0.037
486,camel_science,B,4,1,2,1,0.48,REFUSE,,,0.125,,e11:-3.562;e13:-6.750;e14:-3.562;e15*:-2.438
487,metamath,B,4,1,3,128,0.45,ADMIT,0.595,,0.234,,e70:-0.018;e73:-0.011;e75:+0.010;e77*:-0.012
488,metamath,B,4,1,3,94,0.43,ADMIT,0.224,,0.196,,e78:-0.046;e79:-0.036;e80:-0.036;e86*:-0.036
489,python_instructions,B,4,1,1,124,0.45,ADMIT,0.115,,0.492,,e91:+0.003;e92:+0.010;e94:+0.001;e95*:+0.006
490,camel_science,B,4,1,2,4,0.48,ADMIT,1.033,-1.223,0.0,,e16:-1.375;e17:-1.375;e18:-1.375;e19*:-1.766
491,python_instructions,B,4,1,1,36,0.45,ADMIT,0.054,,0.396,,e96:-0.012;e97:-0.009;e98:-0.002;e0*:-0.003
492,gsm8k,B,4,1,0,128,0.51,ADMIT,0.21,,0.371,,e63:-0.027;e65:-0.026;e66:-0.031;e67*:-0.019
493,metamath,B,4,1,0,128,0.48,HELDOUT,,,,,e68:-0.044;e70:-0.040;e73:-0.029;e75*:-0.068
494,gsm8k,B,4,1,3,128,0.56,ADMIT,0.453,0.0,0.961,,e87:-0.072;e89:-0.024;e91:+0.004;e92*:+0.030
495,ultrachat,B,3,1,2,128,0.55,ADMIT,0.111,,1.023,,e21:-0.027;e22:-0.046;e23*:-0.032
496,slimorca,B,4,1,2,46,0.55,HELDOUT,,,,,e24:-0.208;e25:-0.154;e26:-0.141;e27*:-0.152
497,ultrachat,B,4,1,2,128,0.5,HELDOUT,,,,,e28:-0.058;e29:-0.041;e31:-0.077;e33*:-0.102
498,ai2_arc,B,4,1,2,9,0.27,ADMIT,0.146,,0.0,,e34:+0.000;e37:-0.014;e39:-0.826;e40*:-0.014
499,gsm8k,B,4,1,0,128,0.55,ADMIT,0.298,,0.5,,e77:-0.004;e78:+0.002;e79:+0.004;e80*:+0.002
500,ultrachat,B,3,1,2,128,0.37,HELDOUT,,,,,e40:-0.020;e41:-0.019;e42*:-0.018
501,ai2_arc,B,4,1,2,3,0.29,REFUSE,,,0.0,,e43:+0.000;e45:+0.000;e46:+0.000;e47*:+0.000
502,gsm8k,B,4,1,3,57,0.46,ADMIT,0.432,-0.037,0.586,,e92:-0.095;e94:-0.091;e95:-0.054;e97*:-0.086
503,ultrachat,B,2,1,2,128,0.32,ADMIT,0.186,-0.012,1.32,,e48:-0.118;e50*:+0.022
504,metamath,B,4,1,2,128,0.36,ADMIT,0.217,-0.002,0.238,,e51:-0.053;e54:-0.059;e55:-0.054;e57*:-0.051
505,slimorca,B,4,1,2,7,0.3,HELDOUT,,,,,e61:-0.750;e65:-0.589;e66:-0.625;e67*:-0.277
506,gsm8k,B,4,1,0,71,0.46,HELDOUT,,,,,e86:-0.157;e87:-0.121;e89:-0.157;e90*:-0.121
507,ai2_arc,B,4,1,2,13,0.35,ADMIT,0.189,,0.0,,e68:+0.000;e70:+0.000;e73:+0.000;e75*:-0.010
508,camel_science,B,4,1,2,3,0.39,REFUSE,,,0.375,,e77:-0.771;e78:+0.062;e79:-1.000;e85*:-1.500
509,ultrachat,B,2,1,2,128,0.41,ADMIT,0.02,,1.141,,e86:-0.019;e87*:-0.051
510,gsm8k,B,4,1,0,60,0.49,HELDOUT,,,,,e91:-0.067;e92:-0.113;e94:-0.252;e95*:-0.051
511,ai2_arc,B,4,1,2,3,0.37,REFUSE,,,0.0,,e91:-0.771;e92:-0.833;e89:-0.875;e90*:-0.083
512,github_code,B,4,1,1,35,0.76,ADMIT,0.632,-0.003,0.064,,e7:-0.004;e27:-0.004;e36:-0.004;e38*:-0.014
513,ai2_arc,B,4,1,2,10,0.33,ADMIT,0.105,,0.0,,e94:+0.000;e95:-0.013;e97:+0.000;e98*:-0.550
514,slimorca,B,4,1,2,8,0.42,ADMIT,1.051,-0.038,0.859,,e6:-0.398;e20:-1.680;e58:-0.398;e69*:+0.195
515,metamath,B,4,1,0,128,0.52,ADMIT,1.228,,0.077,,e97:-0.053;e98:-0.053;e9:-0.066;e10*:-0.044
516,ai2_arc,B,4,1,2,3,0.33,REFUSE,,,0.0,,e71:-0.083;e72:-1.333;e76:-0.042;e83*:-1.500
517,gsm8k,B,4,1,3,55,0.42,ADMIT,0.136,-0.006,0.093,,e98:-0.066;e35:-0.066;e44:-0.056;e59*:-0.056
518,python_instructions,B,4,1,1,52,0.67,ADMIT,0.358,-0.0,0.381,,e81:+0.041;e82:+0.012;e93:+0.017;e99*:-0.036
519,python_instructions,B,4,1,1,58,0.75,HELDOUT,,,,,e1:-0.010;e2:-0.034;e3:-0.006;e4*:-0.062
520,gsm8k,B,4,1,3,102,0.45,HELDOUT,,,,,e62:-0.059;e64:-0.010;e71:-0.058;e80*:-0.059
521,metamath,B,4,1,0,128,0.45,HELDOUT,,,,,e30:-0.130;e49:-0.130;e52:-0.082;e53*:-0.095
522,slimorca,B,4,1,2,128,0.54,ADMIT,0.046,0.031,0.828,,e99:-0.048;e1:-0.042;e2:-0.080;e3*:+0.003
523,python_instructions,B,4,1,1,31,0.62,ADMIT,0.178,,0.246,,e5:+0.024;e6:+0.016;e8:+0.016;e11*:+0.024
524,github_code,B,4,1,1,41,0.64,ADMIT,0.106,,0.396,,e12:+0.000;e13:+0.008;e14:+0.026;e15*:+0.000
525,github_code,B,4,1,1,27,0.63,ADMIT,0.699,0.001,0.715,,e16:-0.002;e17:+0.012;e18:+0.009;e19*:+0.032
526,metamath,B,4,1,3,128,0.48,ADMIT,0.47,0.002,0.14,,e88:-0.042;e96:-0.017;e1:-0.017;e2*:-0.034
527,github_code,B,4,1,1,21,0.62,ADMIT,0.284,-0.006,0.071,,e20:-0.033;e21:-0.015;e22:-0.015;e23*:-0.009
528,github_code,B,4,1,1,28,0.6,ADMIT,0.141,-0.002,0.551,,e24:+0.002;e25:+0.018;e26:+0.002;e28*:-0.069
529,github_code,B,4,1,1,128,0.63,ADMIT,0.413,,0.086,,e29:-0.004;e31:-0.003;e33:-0.006;e34*:-0.004
530,ultrachat,B,2,1,2,128,0.53,ADMIT,0.02,0.005,2.219,,e4:-0.045;e5*:+0.007
531,ai2_arc,B,4,1,2,15,0.6,ADMIT,0.682,,0.0,,e6:+0.000;e8:+0.000;e11:+0.000;e12*:+0.000
532,gsm8k,B,4,1,0,128,0.52,ADMIT,0.194,,0.273,,e56:-0.041;e63:-0.082;e74:-0.038;e1*:-0.058
533,slimorca,B,4,1,2,128,0.54,HELDOUT,,,,,e13:-0.042;e14:-0.051;e15:-0.066;e16*:+0.013
534,metamath,B,4,1,1,128,0.62,ADMIT,0.069,0.005,0.393,,e37:-0.052;e39:-0.023;e40:-0.007;e41*:-0.033
535,ultrachat,B,2,1,2,128,0.51,ADMIT,0.057,,2.031,,e17:-0.031;e18*:-0.025
536,python_instructions,B,4,1,1,57,0.63,ADMIT,0.287,,0.66,,e42:-0.015;e43:-0.037;e45:-0.029;e46*:-0.045
537,gsm8k,B,4,1,2,121,0.5,ADMIT,0.155,,0.996,,e19:-0.048;e20:-0.077;e21:-0.044;e22*:-0.066
538,ultrachat,B,4,1,2,98,0.43,HELDOUT,,,,,e23:-0.194;e24:-0.064;e25:-0.060;e26*:-0.059
539,camel_science,B,4,1,2,2,0.36,REFUSE,,,0.0,,e28:-0.625;e29:-0.219;e31:-0.625;e33*:+0.000
540,ai2_arc,B,4,1,2,5,0.36,ADMIT,0.21,-0.044,0.0,,e34:+0.000;e37:+0.000;e39:+0.000;e40*:-0.025
541,ai2_arc,B,4,1,2,1,0.37,REFUSE,,,0.0,,e41:+0.000;e42:-1.250;e43:-0.250;e45*:-0.625
542,metamath,B,4,1,3,124,0.44,ADMIT,0.044,-0.006,0.082,,e3:-0.053;e4:-0.068;e5:-0.058;e6*:-0.074
543,gsm8k,B,4,1,0,62,0.47,ADMIT,0.128,0.009,0.652,,e3:-0.130;e4:-0.048;e5:-0.101;e2*:-0.064
544,gsm8k,B,4,1,0,128,0.47,ADMIT,0.235,0.004,0.617,,e6:-0.128;e8:-0.077;e11:-0.069;e12*:-0.058
545,metamath,B,4,1,3,104,0.39,ADMIT,0.965,,0.135,,e8:-0.088;e11:-0.112;e12:-0.071;e13*:-0.037
546,slimorca,B,4,1,3,19,0.37,ADMIT,0.474,0.025,0.283,,e14:-0.786;e15:-0.385;e16:-0.600;e17*:-0.523
547,metamath,B,4,1,1,99,0.61,HELDOUT,,,,,e47:-0.101;e48:-0.011;e50:-0.090;e54*:-0.101
548,camel_science,B,4,1,2,4,0.43,ADMIT,6.066,0.201,0.75,,e47:-2.266;e48:-2.266;e50:-2.156;e46*:-2.266
549,ultrachat,B,4,1,2,128,0.46,ADMIT,0.055,,1.492,,e54:+0.001;e55:-0.002;e57:+0.002;e58*:-0.009
550,slimorca,B,4,1,3,128,0.5,ADMIT,0.173,0.006,0.602,,e18:-0.111;e19:-0.036;e20:-0.044;e21*:-0.039
551,slimorca,B,4,1,3,8,0.39,ADMIT,0.173,0.039,0.0,,e22:-0.227;e23:-0.344;e24:-0.422;e25*:-0.086
552,gsm8k,B,4,1,0,99,0.46,ADMIT,1.244,0.011,0.184,,e13:-0.103;e14:-0.139;e15:-0.085;e16*:-0.104
553,github_code,B,4,1,1,28,0.77,ADMIT,0.147,,0.727,,e55:+0.045;e57:+0.049;e58:+0.047;e61*:+0.033
554,camel_science,B,4,1,2,2,0.39,REFUSE,,,1.562,,e61:-2.312;e66:-2.312;e67:-2.312;e68*:-2.562
555,gsm8k,B,4,1,3,128,0.38,ADMIT,0.053,0.002,0.582,,e26:+0.013;e28:-0.011;e29:+0.013;e31*:+0.013
556,ultrachat,B,2,1,2,128,0.39,ADMIT,0.049,-0.0,2.078,,e69:-0.091;e70*:-0.047
557,github_code,B,4,1,1,126,0.77,HELDOUT,,,,,e69:-0.005;e66:-0.003;e67:-0.002;e68*:-0.006
558,slimorca,B,4,1,3,128,0.41,HELDOUT,,,,,e33:-0.021;e34:-0.059;e37:-0.032;e39*:-0.027
559,python_instructions,B,4,1,1,128,0.7,ADMIT,0.17,,1.336,,e70:-0.014;e73:-0.014;e75:-0.016;e77*:-0.017
560,ultrachat,B,4,1,2,128,0.43,ADMIT,0.42,,0.676,,e75:-0.015;e77:-0.027;e78:-0.020;e79*:-0.016
561,metamath,B,4,1,3,128,0.39,HELDOUT,,,,,e41:-0.009;e42:-0.017;e43:-0.015;e45*:-0.008
562,github_code,B,4,1,1,24,0.76,ADMIT,0.319,-0.002,0.625,,e79:+0.057;e83:+0.062;e85:-0.042;e86*:-0.070
563,ultrachat,B,3,1,2,128,0.57,ADMIT,0.573,,1.242,,e83:-0.024;e85:-0.016;e86*:-0.013
564,camel_science,B,4,1,2,5,0.57,HELDOUT,,,,,e87:-0.938;e89:-0.850;e90:-0.938;e91*:-0.938
565,github_code,B,4,1,1,97,0.78,ADMIT,0.618,-0.002,0.396,,e87:-0.037;e89:-0.004;e90:-0.011;e91*:-0.014
566,camel_science,B,4,1,2,2,0.5,REFUSE,,,3.125,,e92:-0.062;e95:-2.406;e97:-0.062;e98*:-0.062
567,python_instructions,B,4,1,1,50,0.76,ADMIT,0.621,,0.224,,e92:-0.005;e95:-0.041;e97:-0.436;e98*:+0.009
568,python_instructions,B,4,1,1,37,0.77,ADMIT,0.153,-0.005,0.153,,e0:+0.008;e7:-0.096;e27:-0.017;e32*:-0.056
569,gsm8k,B,4,1,3,110,0.45,HELDOUT,,,,,e46:-0.019;e47:-0.034;e48:-0.011;e50*:-0.087
570,metamath,B,4,1,3,128,0.48,HELDOUT,,,,,e51:-0.012;e54:-0.018;e55:-0.020;e57*:-0.012
571,slimorca,B,4,1,2,128,0.56,ADMIT,0.327,0.005,1.188,,e35:-0.013;e36:+0.008;e69:-0.005;e71*:-0.010
572,ai2_arc,B,4,1,2,13,0.63,ADMIT,0.027,0.008,0.0,,e72:-0.096;e76:-0.019;e84:-0.029;e94*:-0.029
573,metamath,B,4,1,1,128,0.73,ADMIT,0.312,-0.006,0.293,,e17:-0.042;e18:-0.118;e19:-0.078;e20*:-0.062
574,python_instructions,B,4,1,1,72,0.82,ADMIT,0.254,0.008,0.516,,e38:-0.148;e40:-0.145;e81:-0.152;e82*:-0.142
575,metamath,B,4,1,3,128,0.58,ADMIT,0.8,-0.002,0.215,,e58:-0.052;e65:-0.102;e66:-0.098;e67*:-0.087
576,gsm8k,B,4,1,0,119,0.53,ADMIT,0.847,0.009,0.303,,e21:-0.076;e22:-0.076;e23:-0.024;e24*:-0.036
577,gsm8k,B,4,1,0,128,0.53,HELDOUT,,,,,e25:-0.044;e26:-0.088;e28:-0.045;e29*:-0.122
578,github_code,B,4,1,1,24,0.86,ADMIT,0.338,-0.006,0.477,,e93:-0.034;e1:-0.052;e2:+0.017;e3*:-0.073
579,camel_science,B,4,1,2,1,0.59,HELDOUT,,,,,e1:+4.000;e2:+0.688;e3:-0.562;e99*:-0.688
580,slimorca,B,4,1,1,128,0.77,ADMIT,0.101,,0.486,,e4:-0.021;e5:-0.041;e6:+0.022;e8*:+0.021
581,metamath,B,4,1,3,122,0.48,ADMIT,0.294,0.007,0.27,,e67:-0.078;e68:-0.055;e70:-0.060;e72*:-0.055
582,metamath,B,4,1,3,114,0.48,ADMIT,0.141,,0.195,,e73:-0.023;e75:-0.070;e78:-0.023;e79*:-0.023
583,ai2_arc,B,4,1,2,8,0.6,ADMIT,0.267,,0.0,,e4:+0.000;e5:+0.000;e6:-0.312;e8*:+0.000
584,camel_science,B,4,1,2,3,0.59,HELDOUT,,,,,e11:-1.000;e12:-1.000;e13:-0.771;e14*:-0.688
585,gsm8k,B,4,1,0,128,0.53,HELDOUT,,,,,e29:-0.029;e31:-0.001;e33:-0.076;e34*:-0.078
586,gsm8k,B,4,1,0,128,0.54,HELDOUT,,,,,e37:-0.032;e39:-0.034;e41:-0.032;e42*:-0.073
587,github_code,B,4,1,1,28,0.79,ADMIT,1.116,,0.109,,e11:-0.031;e12:-0.261;e13:-0.042;e14*:-0.056
588,ai2_arc,B,4,1,2,6,0.6,ADMIT,0.529,,0.0,,e15:+0.000;e16:+0.000;e17:+0.000;e18*:+0.000
589,metamath,B,4,1,3,128,0.58,ADMIT,0.253,-0.002,0.18,,e83:-0.104;e85:-0.082;e86:-0.049;e89*:-0.054
590,ultrachat,B,2,1,2,128,0.58,ADMIT,0.837,,0.578,,e19:-0.010;e20*:-0.014
591,ultrachat,B,3,1,2,128,0.61,ADMIT,0.037,,1.883,,e21:-0.041;e22:-0.039;e23*:-0.024
592,gsm8k,B,4,1,3,128,0.51,HELDOUT,,,,,e90:-0.133;e91:-0.055;e92:-0.104;e95*:-0.072
593,ai2_arc,B,4,1,2,9,0.65,HELDOUT,,,,,e24:+0.000;e25:+0.000;e26:-0.062;e27*:-0.090
594,camel_science,B,4,1,2,3,0.65,HELDOUT,,,,,e28:+0.000;e29:+0.042;e31:+0.042;e33*:+0.042
595,gsm8k,B,4,1,3,56,0.56,ADMIT,0.093,-0.004,0.185,,e97:-0.089;e98:-0.121;e44:-0.087;e59*:-0.102
596,ai2_arc,B,4,1,2,11,0.67,ADMIT,0.066,,0.0,,e34:-0.062;e37:-0.062;e39:-0.062;e41*:+0.000
597,metamath,B,4,1,3,128,0.58,HELDOUT,,,,,e60:-0.098;e62:-0.032;e64:-0.099;e71*:-0.081
598,gsm8k,B,4,1,0,74,0.57,ADMIT,0.802,-0.009,0.486,,e43:-0.013;e45:+0.025;e46:+0.003;e47*:+0.003
599,python_instructions,B,4,1,1,34,0.84,HELDOUT,,,,,e15:+0.204;e16:+0.077;e17:+0.116;e18*:+0.142
600,camel_science,B,4,1,2,4,0.77,ADMIT,0.152,-0.201,4.688,,e42:-0.531;e43:+0.312;e45:-0.203;e46*:+0.312
601,ultrachat,B,3,1,2,128,0.71,HELDOUT,,,,,e47:-0.017;e48:-0.021;e50*:-0.033
602,slimorca,B,4,1,2,128,0.54,ADMIT,0.161,0.002,0.988,,e51:-0.073;e52:-0.062;e54:-0.076;e55*:-0.093
603,camel_science,B,4,1,2,3,0.56,REFUSE,,,0.083,,e57:-0.042;e58:+0.042;e61:-0.042;e66*:-0.042
604,python_instructions,B,4,1,1,80,0.8,HELDOUT,,,,,e19:-0.036;e20:-0.043;e21:-0.012;e22*:-0.018
605,slimorca,B,4,1,3,67,0.54,HELDOUT,,,,,e87:-0.049;e88:-0.108;e96:-0.343;e1*:-0.284
606,python_instructions,B,4,1,1,27,0.65,ADMIT,0.248,,0.246,,e23:-0.009;e24:-0.007;e25:-0.014;e26*:-0.002
607,ai2_arc,B,4,1,2,1,0.49,REFUSE,,,0.0,,e67:+0.000;e68:-2.562;e70:+0.000;e73*:+0.000
608,ai2_arc,B,4,1,2,3,0.48,HELDOUT,,,,,e75:-1.583;e78:-0.917;e79:-0.917;e83*:-2.562
609,slimorca,B,4,1,2,25,0.5,ADMIT,0.413,,0.08,,e85:-0.085;e86:-0.053;e89:-0.090;e90*:+0.010
610,camel_science,B,4,1,2,4,0.47,HELDOUT,,,,,e91:-2.531;e92:-0.062;e95:-0.078;e97*:-1.312
611,ultrachat,B,3,1,2,128,0.5,ADMIT,0.29,-0.001,0.645,,e98:-0.084;e35:-0.097;e40*:-0.065
612,camel_science,B,4,1,2,1,0.47,REFUSE,,,0.0,,e69:-2.312;e72:-1.188;e76:-2.000;e81*:-1.188
613,github_code,B,4,1,1,26,0.65,ADMIT,0.83,,0.258,,e27:+0.012;e28:-0.010;e29:-0.029;e31*:-0.046
614,slimorca,B,4,1,2,80,0.53,HELDOUT,,,,,e82:-0.099;e84:-0.062;e99:-0.081;e1*:-0.056
615,metamath,B,4,1,3,78,0.54,ADMIT,0.953,,0.114,,e2:-0.016;e3:-0.188;e4:-0.031;e5*:-0.031
616,ultrachat,B,2,1,2,128,0.4,HELDOUT,,,,,e2:-0.039;e3*:-0.047
617,ultrachat,B,2,1,1,128,0.61,ADMIT,0.33,-0.003,0.371,,e33:+0.067;e34*:+0.083
618,python_instructions,B,4,1,1,52,0.61,ADMIT,0.199,,0.439,,e37:+0.002;e39:+0.006;e41:-0.012;e42*:+0.006
619,camel_science,B,4,1,2,3,0.33,HELDOUT,,,,,e4:-4.250;e5:-4.250;e6:-4.250;e8*:-4.250
620,github_code,B,4,1,1,21,0.6,ADMIT,0.063,-0.003,0.048,,e45:+0.012;e46:+0.012;e47:+0.012;e48*:-0.006
621,python_instructions,B,4,1,1,128,0.54,ADMIT,0.224,0.002,0.664,,e50:-0.051;e54:-0.016;e55:+0.013;e57*:-0.045
622,metamath,B,4,1,0,128,0.48,HELDOUT,,,,,e50:-0.057;e54:-0.058;e55:-0.057;e57*:-0.057
623,metamath,B,4,1,1,128,0.6,ADMIT,0.69,0.011,0.439,,e58:-0.054;e61:-0.054;e65:-0.054;e66*:-0.037
624,gsm8k,B,4,1,3,97,0.48,ADMIT,1.378,-0.004,0.566,,e6:-0.004;e8:-0.045;e11:-0.035;e12*:-0.002
625,ai2_arc,B,4,1,2,4,0.55,ADMIT,0.198,0.123,0.0,,e11:-0.797;e12:-0.656;e13:-0.359;e14*:-0.359
626,python_instructions,B,4,1,1,68,0.69,ADMIT,0.054,,0.412,,e58:-0.002;e61:-0.019;e65:-0.025;e66*:-0.022
627,ai2_arc,B,4,1,2,1,0.56,REFUSE,,,0.0,,e15:+0.000;e16:+0.000;e17:+0.000;e18*:+0.000
628,ultrachat,B,3,1,3,114,0.49,ADMIT,0.054,-0.011,1.875,,e15:-0.020;e13:-0.021;e14*:-0.039
629,github_code,B,4,1,1,14,0.66,ADMIT,0.463,0.0,0.598,,e67:+0.040;e68:-0.013;e70:-0.018;e71*:+0.027
630,camel_science,B,4,1,2,3,0.54,REFUSE,,,0.0,,e19:-1.042;e20:-1.042;e21:-2.417;e22*:-0.979
631,camel_science,B,4,1,2,4,0.53,ADMIT,0.106,-0.007,2.703,,e23:+0.016;e24:+0.016;e25:+0.172;e26*:-0.422
632,metamath,B,4,1,3,114,0.53,ADMIT,0.09,-0.004,0.134,,e16:-0.032;e17:-0.032;e18:-0.071;e19*:-0.113
633,camel_science,B,4,1,2,3,0.55,REFUSE,,,1.688,,e27:-1.323;e28:-1.167;e29:-1.104;e31*:-1.229
634,camel_science,B,4,1,2,2,0.55,REFUSE,,,1.812,,e33:-0.406;e37:-0.406;e39:-3.031;e41*:-0.406
635,camel_science,B,4,1,2,2,0.55,REFUSE,,,0.0,,e42:+0.000;e43:-0.062;e45:-10.094;e46*:-0.062
636,ai2_arc,B,4,1,2,7,0.57,ADMIT,1.083,,0.0,,e47:-0.062;e48:-0.071;e50:-0.071;e54*:-0.071
637,ai2_arc,B,4,1,2,4,0.54,HELDOUT,,,,,e55:-0.078;e57:-0.359;e58:-0.141;e61*:+0.062
638,slimorca,B,4,1,2,128,0.56,HELDOUT,,,,,e65:-0.032;e66:+0.015;e67:-0.032;e68*:-0.067
639,metamath,B,4,1,0,106,0.51,HELDOUT,,,,,e67:+0.065;e68:-0.060;e70:-0.060;e71*:+0.015
640,metamath,B,4,1,1,112,0.76,ADMIT,0.079,0.007,0.102,,e73:-0.103;e75:-0.151;e77:-0.079;e78*:-0.079
641,github_code,B,4,1,1,1,0.78,REFUSE,,,6.25,,e79:+1.938;e83:+2.125;e85:+2.188;e86*:-0.500
642,python_instructions,B,4,1,1,86,0.76,HELDOUT,,,,,e89:+0.018;e90:+0.018;e91:+0.036;e92*:+0.016
643,ultrachat,B,3,1,2,128,0.51,HELDOUT,,,,,e70:-0.014;e71:-0.016;e73*:-0.007
644,ai2_arc,B,4,1,2,9,0.33,HELDOUT,,,,,e75:+0.000;e77:-0.562;e78:-0.014;e79*:-0.799
645,slimorca,B,4,1,2,37,0.44,ADMIT,0.237,-0.004,1.508,,e83:-0.003;e85:+0.027;e86:-0.122;e89*:-0.240
646,slimorca,B,4,1,2,106,0.43,HELDOUT,,,,,e90:-0.146;e91:-0.028;e92:-0.082;e95*:-0.088
647,ai2_arc,B,4,1,2,3,0.39,REFUSE,,,0.0,,e97:-0.042;e98:+0.000;e9:-0.042;e35*:-1.729
648,github_code,B,4,1,1,97,0.55,HELDOUT,,,,,e97:-0.006;e98:+0.001;e95:+0.019;e0*:+0.024
649,ultrachat,B,3,1,2,128,0.44,HELDOUT,,,,,e69:+0.000;e72:+0.001;e76*:+0.014
650,ultrachat,B,3,1,2,128,0.36,ADMIT,0.197,0.003,0.832,,e81:+0.008;e82:+0.017;e84*:+0.013
651,ultrachat,B,4,1,2,128,0.3,ADMIT,0.057,,1.25,,e99:-0.016;e1:-0.024;e2:-0.006;e3*:+0.010
652,camel_science,B,4,1,2,1,0.26,HELDOUT,,,,,e4:-0.125;e5:-0.125;e6:-0.125;e8*:-0.125
653,python_instructions,B,4,1,1,75,0.56,ADMIT,0.415,0.004,0.906,,e7:-0.124;e32:+0.015;e38:-0.033;e51*:-0.058
654,gsm8k,B,4,1,0,126,0.46,ADMIT,0.314,,0.42,,e73:+0.001;e75:-0.120;e77:+0.001;e78*:-0.053
655,metamath,B,4,1,1,128,0.54,ADMIT,0.353,,0.539,,e65:-0.034;e80:-0.018;e93:-0.034;e94*:-0.018
656,github_code,B,4,1,1,4,0.51,ADMIT,0.02,,1.484,,e1:-0.094;e2:+0.188;e3:-0.211;e4*:+0.047
657,python_instructions,B,4,1,1,24,0.56,ADMIT,0.064,,0.047,,e5:+0.031;e6:+0.026;e8:+0.044;e11*:+0.018
658,metamath,B,4,1,2,82,0.44,HELDOUT,,,,,e11:-0.026;e12:-0.026;e13:-0.009;e14*:-0.015
659,github_code,B,4,1,1,73,0.61,ADMIT,0.063,,0.484,,e12:-0.002;e13:-0.007;e14:-0.023;e15*:-0.007
660,camel_science,B,4,1,2,2,0.32,HELDOUT,,,,,e15:-0.062;e16:-0.062;e17:-0.062;e18*:-0.062
661,metamath,B,4,1,3,128,0.53,HELDOUT,,,,,e20:-0.106;e21:-0.112;e22:-0.082;e23*:-0.040
662,ai2_arc,B,4,1,2,11,0.41,HELDOUT,,,,,e20:+1.023;e21:+0.369;e22:+1.023;e19*:+0.477
663,python_instructions,B,4,1,1,59,0.72,ADMIT,0.491,-0.004,0.22,,e19:-0.014;e16:-0.030;e17:-0.106;e18*:-0.029
664,ultrachat,B,4,1,2,128,0.41,ADMIT,0.102,0.002,1.562,,e23:-0.020;e24:-0.037;e25:-0.032;e26*:-0.099
665,metamath,B,4,1,3,128,0.58,ADMIT,0.204,-0.017,0.266,,e24:-0.054;e25:-0.054;e26:-0.119;e27*:-0.054
666,python_instructions,B,4,1,1,77,0.73,ADMIT,0.195,-0.031,0.336,,e20:-0.005;e21:-0.028;e22:-0.071;e23*:-0.027
667,metamath,B,4,1,0,128,0.62,ADMIT,0.215,0.002,0.299,,e79:-0.059;e83:-0.067;e85:-0.082;e86*:-0.055
668,camel_science,B,4,1,2,2,0.4,REFUSE,,,2.188,,e27:-4.438;e28:-0.156;e29:-2.188;e31*:-2.188
669,metamath,B,4,1,3,128,0.61,ADMIT,0.071,0.001,0.236,,e28:-0.037;e29:-0.050;e31:-0.038;e33*:-0.038
670,slimorca,B,4,1,2,39,0.49,ADMIT,0.162,-0.078,1.555,,e33:-0.037;e36:-0.296;e37:-0.046;e39*:-0.152
671,slimorca,B,4,1,2,72,0.52,HELDOUT,,,,,e41:-0.065;e42:-0.113;e43:-0.089;e45*:-0.083
672,slimorca,B,4,1,2,128,0.61,ADMIT,0.182,-0.009,0.863,,e46:-0.025;e47:+0.001;e48:-0.075;e50*:-0.034
673,metamath,B,4,1,3,128,0.58,ADMIT,0.838,,0.083,,e36:-0.063;e37:-0.132;e39:-0.058;e41*:-0.058
674,github_code,B,4,1,1,5,0.69,ADMIT,0.562,-0.014,0.463,,e24:-0.500;e25:-0.287;e26:-0.050;e27*:+0.013
675,metamath,B,4,1,3,128,0.58,HELDOUT,,,,,e42:-0.068;e43:-0.066;e45:-0.065;e46*:-0.075
676,ai2_arc,B,4,1,2,4,0.66,HELDOUT,,,,,e52:+2.469;e54:+2.109;e55:+1.641;e57*:+2.188
677,github_code,B,4,1,1,20,0.71,HELDOUT,,,,,e28:+0.022;e29:+0.003;e31:-0.078;e33*:+0.022
678,gsm8k,B,4,1,0,44,0.58,ADMIT,0.233,-0.025,0.204,,e89:-0.044;e90:+0.023;e91:-0.081;e92*:-0.577
679,ai2_arc,B,4,1,2,5,0.67,HELDOUT,,,,,e58:+0.000;e61:-0.025;e66:-0.025;e67*:-0.025
680,github_code,B,4,1,1,124,0.72,ADMIT,0.062,,0.082,,e39:-0.002;e41:-0.002;e42:-0.001;e43*:-0.002
681,gsm8k,B,4,1,3,128,0.64,HELDOUT,,,,,e50:-0.000;e52:-0.048;e54:+0.010;e55*:-0.044
682,python_instructions,B,4,1,1,74,0.74,ADMIT,0.069,0.003,0.482,,e45:-0.041;e46:-0.022;e47:-0.015;e48*:-0.024
683,metamath,B,4,1,3,123,0.66,ADMIT,0.453,-0.022,0.342,,e57:-0.045;e58:-0.114;e61:-0.026;e66*:-0.026
684,gsm8k,B,4,1,3,102,0.61,ADMIT,0.157,0.0,0.797,,e67:-0.023;e68:-0.020;e69:-0.045;e70*:-0.094
685,camel_science,B,4,1,2,8,0.69,HELDOUT,,,,,e70:-0.391;e71:-1.148;e73:-0.391;e75*:-0.789
686,python_instructions,B,4,1,1,74,0.78,ADMIT,0.213,,0.918,,e50:+0.035;e52:-0.088;e54:+0.012;e55*:+0.006
687,slimorca,B,4,1,2,49,0.62,ADMIT,0.288,,0.309,,e77:+0.082;e78:+0.061;e79:+0.000;e83*:+0.075
688,camel_science,B,4,1,2,3,0.62,HELDOUT,,,,,e85:-0.542;e86:+0.000;e89:+0.000;e90*:+0.000
689,metamath,B,4,1,0,128,0.59,ADMIT,0.086,,0.142,,e95:-0.059;e97:-0.066;e98:-0.064;e10*:-0.081
690,github_code,B,4,1,1,51,0.78,ADMIT,0.276,-0.001,0.344,,e57:-0.040;e58:-0.050;e61:-0.058;e66*:-0.029
691,camel_science,B,4,1,2,4,0.62,ADMIT,0.386,-0.111,0.125,,e91:+0.062;e92:-1.109;e95:+0.125;e97*:-0.156
692,python_instructions,B,4,1,1,53,0.78,ADMIT,0.428,0.001,0.473,,e67:+0.014;e68:+0.000;e69:-0.008;e70*:-0.060
693,github_code,B,4,1,1,32,0.78,ADMIT,0.401,0.006,0.266,,e71:-0.033;e73:+0.010;e75:+0.084;e77*:+0.072
694,ultrachat,B,3,1,2,128,0.62,HELDOUT,,,,,e98:-0.076;e9:-0.043;e25*:-0.046
695,ultrachat,B,2,1,2,128,0.65,ADMIT,0.021,-0.002,1.078,,e35:+0.010;e44*:+0.004
696,slimorca,B,4,1,2,50,0.61,ADMIT,0.38,-0.005,1.258,,e72:-0.095;e76:-0.133;e82:-0.080;e84*:-0.046
697,slimorca,B,4,1,2,110,0.61,HELDOUT,,,,,e87:+0.019;e1:-0.032;e2:+0.010;e3*:-0.032
698,github_code,B,4,1,1,13,0.61,ADMIT,0.353,0.177,0.338,,e78:-0.327;e79:+0.029;e83:-0.327;e85*:-0.091
699,github_code,B,4,1,1,11,0.63,ADMIT,0.189,,0.023,,e86:+0.000;e89:-0.062;e90:+0.000;e91*:-0.011
700,python_instructions,B,4,1,1,40,0.59,ADMIT,0.139,-0.018,1.422,,e91:+0.133;e95:-0.119;e97:+0.077;e98*:+0.117
701,ultrachat,B,4,1,2,128,0.39,ADMIT,0.072,,1.047,,e3:-0.044;e4:-0.023;e5:-0.037;e6*:+0.011
702,slimorca,B,4,1,2,17,0.45,ADMIT,0.248,0.011,0.271,,e8:-0.044;e11:-0.015;e12:+0.011;e13*:-0.129
703,ai2_arc,B,4,1,2,18,0.4,ADMIT,0.217,0.009,0.0,,e14:-0.049;e15:-0.007;e16:-0.049;e17*:-0.049
704,python_instructions,B,4,1,1,60,0.61,ADMIT,0.182,-0.002,0.477,,e7:+0.015;e38:+0.015;e65:+0.015;e80*:-0.001
705,metamath,B,4,1,1,128,0.57,ADMIT,0.448,-0.005,0.203,,e81:-0.044;e88:-0.038;e93:-0.044;e94*:-0.044
706,ai2_arc,B,4,1,2,5,0.39,ADMIT,0.855,0.62,1.43,,e18:-1.038;e19:-0.125;e20:+1.300;e21*:-0.963
707,gsm8k,B,4,1,2,88,0.45,ADMIT,0.063,-0.014,0.34,,e22:-0.072;e23:-0.208;e24:-0.075;e26*:-0.094
708,python_instructions,B,4,1,1,61,0.57,ADMIT,0.238,,0.271,,e99:+0.003;e0:+0.012;e1:+0.004;e2*:+0.017
709,gsm8k,B,4,1,0,85,0.46,ADMIT,0.889,0.004,0.684,,e30:-0.087;e40:-0.051;e51:-0.079;e53*:-0.099
710,python_instructions,B,4,1,1,67,0.63,ADMIT,0.196,,0.672,,e3:+0.008;e4:+0.019;e5:+0.032;e6*:-0.025
711,camel_science,B,4,1,2,2,0.39,REFUSE,,,0.125,,e27:-1.406;e28:-1.312;e29:-1.406;e31*:-1.844
712,metamath,B,4,1,0,98,0.48,ADMIT,0.678,,0.404,,e56:-0.019;e63:-0.077;e74:-0.071;e90*:-0.073
713,ultrachat,B,3,1,2,128,0.45,HELDOUT,,,,,e32:-0.024;e33:-0.035;e37*:-0.016
714,python_instructions,B,4,1,1,95,0.53,ADMIT,0.754,-0.005,0.373,,e8:-0.056;e11:-0.007;e12:-0.032;e13*:-0.028
715,github_code,B,4,1,1,57,0.63,ADMIT,0.052,0.001,0.77,,e14:-0.015;e15:+0.026;e16:+0.010;e17*:-0.220
716,ai2_arc,B,4,1,2,6,0.42,ADMIT,0.377,0.094,0.021,,e39:-0.500;e41:-0.292;e42:-0.135;e43*:-0.833
717,python_instructions,B,4,1,1,128,0.61,ADMIT,0.262,,0.424,,e18:-0.005;e19:+0.004;e20:+0.004;e21*:-0.013
718,ai2_arc,B,4,1,2,2,0.39,HELDOUT,,,,,e45:+0.188;e46:+0.188;e47:-0.938;e48*:+0.188
719,metamath,B,4,1,1,47,0.66,ADMIT,0.324,,0.225,,e22:-0.069;e23:-0.047;e24:-0.144;e26*:-0.186
720,ultrachat,B,4,1,2,63,0.41,HELDOUT,,,,,e50:-0.035;e52:-0.023;e54:+0.005;e55*:-0.060
721,slimorca,B,4,1,2,39,0.38,ADMIT,0.356,-0.0,0.289,,e57:-0.131;e58:-0.194;e61:-0.112;e66*:-0.285
722,metamath,B,4,1,0,96,0.44,ADMIT,0.221,-0.003,0.238,,e0:-0.139;e1:-0.172;e2:-0.124;e3*:-0.130
723,ultrachat,B,2,1,2,128,0.42,ADMIT,0.079,,0.812,,e67:-0.035;e68*:-0.013
724,camel_science,B,4,1,2,5,0.39,ADMIT,0.117,0.014,2.047,,e69:+0.419;e70:+0.200;e71:+0.338;e73*:+0.763
725,slimorca,B,4,1,2,2,0.4,HELDOUT,,,,,e75:-0.688;e76:-0.344;e78:-2.750;e79*:+0.531
726,python_instructions,B,4,1,1,89,0.59,ADMIT,0.28,,0.262,,e28:-0.017;e29:-0.015;e31:-0.055;e32*:-0.017
727,ultrachat,B,4,1,3,20,0.4,ADMIT,0.134,-0.067,0.447,,e69:-0.066;e70:-0.294;e71:-0.163;e73*:-0.116
728,ultrachat,B,3,1,2,128,0.46,ADMIT,0.066,,0.898,,e85:-0.019;e86:-0.011;e87*:-0.023
729,metamath,B,4,1,3,62,0.53,HELDOUT,,,,,e75:-0.032;e76:-0.016;e78:-0.031;e79*:-0.160
730,github_code,B,4,1,1,36,0.69,HELDOUT,,,,,e33:-0.017;e37:-0.028;e39:-0.019;e41*:-0.010
731,slimorca,B,4,1,2,128,0.5,HELDOUT,,,,,e89:-0.073;e91:-0.047;e95:-0.041;e97*:-0.097
732,ultrachat,B,4,1,2,128,0.47,ADMIT,0.225,,0.836,,e98:-0.023;e9:+0.000;e25:-0.016;e34*:-0.141
733,ultrachat,B,2,1,2,128,0.52,ADMIT,0.165,,0.902,,e35:-0.101;e44*:-0.016
734,github_code,B,4,1,1,29,0.68,ADMIT,0.386,-0.019,0.33,,e42:-0.034;e43:-0.032;e45:-0.069;e46*:+0.000
735,slimorca,B,4,1,1,57,0.52,ADMIT,0.275,,0.82,,e47:-0.112;e48:-0.031;e49:-0.054;e50*:-0.076
736,python_instructions,B,4,1,1,38,0.67,ADMIT,0.305,,1.031,,e52:+0.003;e54:+0.143;e55:-0.007;e57*:+0.005
737,ai2_arc,B,4,1,2,2,0.47,HELDOUT,,,,,e72:-0.062;e82:-0.062;e83:-0.062;e84*:+0.000
738,metamath,B,4,1,2,128,0.48,ADMIT,0.082,,0.311,,e0:-0.073;e1:-0.075;e2:-0.075;e3*:-0.075
739,metamath,B,4,1,1,128,0.59,ADMIT,0.878,-0.004,0.301,,e58:-0.024;e61:-0.021;e66:-0.040;e67*:-0.058
740,ultrachat,B,2,1,3,128,0.45,ADMIT,0.01,0.001,1.141,,e85:-0.063;e86*:-0.033
741,python_instructions,B,4,1,1,128,0.65,ADMIT,0.197,,0.648,,e68:+0.000;e69:-0.012;e70:-0.069;e71*:-0.005
742,python_instructions,B,4,1,1,128,0.65,ADMIT,0.122,-0.002,0.133,,e73:-0.023;e75:-0.029;e76:-0.021;e78*:-0.006
743,ultrachat,B,4,1,2,120,0.5,ADMIT,0.081,-0.005,0.941,,e5:-0.056;e6:-0.044;e8:-0.015;e11*:-0.126
744,github_code,B,4,1,1,66,0.64,ADMIT,0.265,0.012,0.992,,e79:-0.011;e85:-0.083;e86:-0.059;e87*:-0.083
745,python_instructions,B,4,1,1,128,0.6,ADMIT,0.083,-0.006,1.102,,e89:+0.013;e91:-0.004;e95:+0.007;e97*:+0.011
746,metamath,B,4,1,0,128,0.48,ADMIT,0.384,,0.273,,e5:-0.076;e6:-0.018;e8:-0.031;e11*:-0.021
747,gsm8k,B,4,1,3,82,0.44,HELDOUT,,,,,e87:-0.032;e89:+0.016;e91:+0.034;e95*:+0.043
748,gsm8k,B,4,1,3,123,0.46,HELDOUT,,,,,e97:-0.007;e98:-0.033;e36:-0.020;e59*:-0.032
749,metamath,B,4,1,1,128,0.72,ADMIT,0.42,0.001,0.311,,e98:-0.076;e0:-0.055;e7:+0.006;e38*:-0.011
750,ai2_arc,B,4,1,2,10,0.53,ADMIT,0.09,,0.0,,e12:+0.000;e13:-0.113;e14:-0.356;e15*:-0.138
751,github_code,B,4,1,1,42,0.8,HELDOUT,,,,,e40:-0.001;e51:+0.001;e65:+0.012;e81*:-0.009
752,camel_science,B,4,1,2,4,0.5,ADMIT,0.214,-0.013,0.656,,e16:+0.297;e17:+0.297;e18:+0.297;e19*:+0.297
753,gsm8k,B,4,1,0,128,0.43,HELDOUT,,,,,e12:-0.104;e13:-0.123;e14:-0.116;e15*:-0.032
754,github_code,B,4,1,1,45,0.81,ADMIT,0.169,,0.111,,e93:+0.013;e99:+0.037;e1:+0.036;e2*:+0.031
755,slimorca,B,4,1,1,128,0.61,HELDOUT,,,,,e3:+0.021;e4:-0.011;e5:-0.008;e6*:+0.038
756,slimorca,B,4,1,0,28,0.49,ADMIT,0.049,-0.017,1.312,,e16:-0.210;e17:-0.087;e18:-0.163;e19*:-0.270
757,ultrachat,B,3,1,2,128,0.44,ADMIT,0.251,-0.0,1.086,,e21:-0.074;e22:-0.031;e23*:-0.035
758,github_code,B,4,1,1,60,0.66,ADMIT,0.49,-0.004,0.551,,e8:-0.047;e11:-0.050;e12:-0.050;e13*:+0.007
759,metamath,B,4,1,3,82,0.42,ADMIT,0.266,-0.011,0.108,,e60:-0.096;e62:-0.111;e64:-0.281;e80*:-0.268
760,github_code,B,4,1,1,53,0.66,ADMIT,0.052,0.002,0.299,,e14:-0.032;e15:+0.039;e16:+0.029;e17*:+0.018
761,ai2_arc,B,4,1,2,3,0.39,REFUSE,,,0.042,,e24:-3.792;e26:-3.542;e27:-3.542;e28*:+0.083
762,python_instructions,B,4,1,1,71,0.65,ADMIT,0.1,,0.224,,e18:-0.002;e19:+0.006;e21:-0.004;e22*:+0.003
763,gsm8k,B,4,1,3,113,0.45,ADMIT,0.133,0.007,0.336,,e88:-0.114;e92:-0.130;e96:-0.032;e1*:-0.069
764,github_code,B,4,1,1,128,0.56,ADMIT,0.1,-0.011,0.613,,e23:-0.006;e24:+0.010;e26:-0.006;e27*:-0.004
765,ultrachat,B,2,1,3,128,0.41,HELDOUT,,,,,e2:-0.039;e3*:-0.035
766,camel_science,B,4,1,2,3,0.29,REFUSE,,,3.422,,e29:+1.229;e31:+1.021;e32:+1.125;e33*:+1.667
767,camel_science,B,4,1,2,1,0.29,HELDOUT,,,,,e34:-2.000;e37:-0.250;e39:-1.250;e41*:-1.625
768,camel_science,B,4,1,2,2,0.29,REFUSE,,,0.625,,e42:+0.688;e43:-0.250;e45:+0.000;e46*:+0.688
769,ultrachat,B,2,1,3,128,0.33,HELDOUT,,,,,e4:-0.084;e5*:-0.015
770,ultrachat,B,4,1,2,79,0.33,ADMIT,0.371,-0.015,0.77,,e47:-0.025;e48:-0.090;e49:-0.043;e50*:-0.290
771,gsm8k,B,4,1,0,94,0.35,ADMIT,0.745,-0.005,0.271,,e21:-0.007;e22:-0.003;e23:+0.005;e24*:+0.025
772,ai2_arc,B,4,1,2,1,0.32,REFUSE,,,0.0,,e52:-0.250;e54:+0.000;e55:-0.375;e57*:-0.312
773,ai2_arc,B,4,1,2,2,0.28,HELDOUT,,,,,e58:+0.000;e61:-2.625;e64:+0.000;e66*:-2.188
774,camel_science,B,4,1,2,1,0.27,REFUSE,,,3.5,,e68:+2.750;e69:+3.125;e70:+2.750;e71*:+2.750
775,github_code,B,4,1,1,128,0.64,HELDOUT,,,,,e28:-0.003;e29:-0.010;e31:-0.019;e32*:-0.010
776,github_code,B,4,1,1,14,0.52,HELDOUT,,,,,e33:-0.246;e34:+0.018;e37:-0.246;e39*:+0.018
777,python_instructions,B,4,1,1,32,0.51,HELDOUT,,,,,e41:+0.033;e42:+0.008;e43:+0.158;e45*:-0.016
778,github_code,B,4,1,1,20,0.53,ADMIT,0.792,0.002,1.141,,e46:+0.003;e47:+0.009;e48:+0.006;e49*:+0.028
779,camel_science,B,4,1,2,2,0.27,REFUSE,,,0.0,,e73:-0.062;e75:-0.219;e78:+0.000;e79*:-0.562
780,slimorca,B,4,1,3,128,0.38,ADMIT,0.006,0.004,0.797,,e6:-0.072;e8:-0.073;e11:-0.073;e12*:-0.125
781,python_instructions,B,4,1,1,19,0.56,ADMIT,0.293,-0.005,0.408,,e52:-0.020;e54:-0.122;e55:-0.095;e57*:-0.092
782,ai2_arc,B,4,1,2,9,0.26,ADMIT,0.111,0.064,0.0,,e85:-0.271;e86:-0.111;e87:-0.118;e89*:-0.188
783,ai2_arc,B,4,1,2,1,0.39,REFUSE,,,9.188,,e90:+9.250;e91:+9.250;e95:+9.250;e97*:+8.438
784,slimorca,B,4,1,2,38,0.39,ADMIT,0.167,-0.006,0.396,,e58:-0.110;e61:-0.094;e63:-0.077;e64*:-0.097
785,metamath,B,4,1,3,128,0.44,ADMIT,0.194,,0.201,,e13:-0.081;e14:-0.064;e15:-0.107;e16*:-0.054
786,ai2_arc,B,4,1,2,8,0.27,ADMIT,0.029,-0.009,0.0,,e98:-0.031;e9:-0.023;e25:-0.031;e35*:-0.141
787,python_instructions,B,4,1,1,16,0.57,HELDOUT,,,,,e66:+0.008;e69:+0.070;e70:-0.016;e71*:+0.086
788,python_instructions,B,4,1,1,128,0.59,ADMIT,0.985,,0.465,,e73:-0.010;e75:-0.010;e78:+0.011;e79*:+0.006
789,slimorca,B,4,1,2,128,0.36,ADMIT,0.283,0.021,0.902,,e44:-0.150;e72:-0.150;e82:-0.098;e84*:-0.127
790,slimorca,B,4,1,2,53,0.37,HELDOUT,,,,,e88:-0.104;e94:-0.083;e1:-0.083;e2*:-0.004
791,camel_science,B,4,1,2,2,0.37,REFUSE,,,0.125,,e3:-2.938;e4:+0.062;e5:-0.250;e6*:-0.250
792,metamath,B,4,1,3,106,0.4,HELDOUT,,,,,e17:-0.008;e18:-0.041;e19:-0.045;e21*:-0.045
793,github_code,B,4,1,1,77,0.62,HELDOUT,,,,,e80:+0.041;e85:-0.028;e86:-0.028;e87*:-0.028
794,python_instructions,B,4,1,1,74,0.7,HELDOUT,,,,,e89:+0.018;e90:-0.001;e91:+0.035;e95*:-0.017
795,gsm8k,B,4,1,3,128,0.37,ADMIT,0.155,0.003,0.398,,e22:-0.050;e23:-0.033;e24:-0.024;e26*:-0.060
796,python_instructions,B,4,1,1,128,0.56,ADMIT,0.558,-0.004,0.742,,e97:+0.006;e98:+0.002;e0:+0.004;e7*:-0.012
797,python_instructions,B,4,1,1,128,0.56,ADMIT,1.001,,0.277,,e38:+0.006;e40:-0.000;e51:-0.007;e65*:+0.004
798,gsm8k,B,4,1,0,128,0.39,ADMIT,0.079,-0.011,0.867,,e26:-0.061;e27:-0.059;e28:-0.012;e29*:-0.029
799,slimorca,B,4,1,3,1,0.39,REFUSE,,,1.5,,e27:-0.375;e28:-0.812;e29:-1.125;e31*:-2.625
800,camel_science,B,4,1,2,2,0.43,REFUSE,,,4.938,,e8:+0.000;e11:+0.469;e12:+0.125;e13*:+0.562
801,metamath,B,4,1,0,128,0.37,ADMIT,0.397,,0.152,,e31:-0.063;e32:-0.130;e33:-0.052;e34*:-0.052
802,slimorca,A,4,1,2,128,0.45,ADMIT,0.042,0.008,1.281,,e14:-0.046;e15:-0.046;e16:-0.046;e17*:-0.046
803,metamath,A,4,1,0,128,0.41,ADMIT,0.064,,0.133,,e37:-0.041;e39:-0.062;e41:-0.053;e42*:-0.041
804,slimorca,A,4,1,2,116,0.41,ADMIT,0.17,0.01,1.039,,e18:-0.113;e19:-0.067;e21:-0.065;e22*:-0.170
805,github_code,B,4,1,1,12,0.56,ADMIT,0.753,-0.027,0.146,,e81:-0.010;e93:-0.479;e99:-0.089;e1*:-0.307
806,metamath,B,4,1,1,128,0.48,ADMIT,0.123,0.001,0.209,,e2:-0.145;e3:-0.047;e4:-0.048;e5*:-0.049
807,metamath,B,4,1,3,128,0.42,HELDOUT,,,,,e32:-0.048;e33:-0.053;e34:-0.066;e37*:-0.052
808,gsm8k,A,4,1,3,81,0.47,ADMIT,0.557,0.008,0.123,,e39:-0.100;e41:-0.034;e42:-0.029;e43*:-0.034
809,slimorca,B,4,1,2,128,0.5,ADMIT,0.119,0.012,0.676,,e23:-0.061;e24:-0.021;e26:-0.015;e27*:-0.086
810,ultrachat,B,2,1,2,128,0.48,HELDOUT,,,,,e28:-0.030;e29*:-0.072
811,slimorca,B,4,1,2,128,0.51,ADMIT,1.211,,0.68,,e31:-0.063;e32:-0.091;e33:-0.087;e34*:-0.057
812,slimorca,A,4,1,2,128,0.51,ADMIT,0.241,-0.002,1.062,,e37:-0.036;e39:-0.171;e41:-0.021;e42*:-0.007
813,ultrachat,A,3,1,2,128,0.55,HELDOUT,,,,,e43:-0.006;e45:-0.018;e46*:-0.033
814,camel_science,B,4,1,2,2,0.33,REFUSE,,,1.875,,e47:+0.219;e48:+0.219;e50:+0.219;e52*:+0.219
815,python_instructions,B,4,1,1,128,0.48,ADMIT,0.389,,1.984,,e6:-0.002;e8:-0.021;e11:-0.005;e12*:+0.007
816,slimorca,A,4,1,1,107,0.42,HELDOUT,,,,,e13:+0.018;e14:+0.025;e15:+0.013;e16*:-0.017
817,metamath,A,4,1,3,106,0.47,ADMIT,0.037,0.008,0.34,,e45:-0.157;e46:-0.104;e47:-0.096;e48*:-0.124
818,gsm8k,B,4,1,3,69,0.42,HELDOUT,,,,,e50:-0.048;e52:-0.039;e54:-0.080;e55*:-0.047
819,metamath,A,4,1,0,128,0.45,ADMIT,1.502,-0.003,0.225,,e43:-0.033;e45:-0.068;e46:-0.061;e47*:-0.030
820,gsm8k,A,4,1,3,128,0.52,HELDOUT,,,,,e58:-0.033;e61:-0.035;e63:-0.012;e64*:-0.011
821,metamath,B,4,1,0,128,0.52,ADMIT,0.523,,0.287,,e50:-0.012;e52:-0.008;e54:-0.014;e55*:-0.008
822,python_instructions,A,4,1,1,38,0.78,HELDOUT,,,,,e16:+0.008;e17:+0.005;e18:+0.000;e19*:-0.128
823,gsm8k,B,4,1,3,84,0.5,ADMIT,0.722,,0.449,,e65:+0.055;e66:+0.054;e68:+0.020;e69*:+0.020
824,gsm8k,B,4,1,3,128,0.46,ADMIT,0.233,0.001,0.179,,e70:-0.083;e71:-0.045;e73:-0.076;e75*:-0.045
825,gsm8k,A,4,1,3,128,0.49,ADMIT,0.422,,0.453,,e78:-0.075;e79:-0.080;e85:-0.063;e86*:-0.075
826,camel_science,B,4,1,2,2,0.39,HELDOUT,,,,,e55:-1.688;e57:+0.062;e58:+0.000;e61*:-3.250
827,metamath,B,4,1,0,128,0.46,ADMIT,0.273,,0.279,,e57:-0.046;e58:-0.047;e61:-0.023;e63*:-0.046
828,github_code,B,4,1,2,101,0.56,ADMIT,0.142,-0.005,1.523,,e63:-0.067;e64:-0.040;e65:-0.071;e66*:-0.071
829,python_instructions,A,4,1,1,48,0.75,ADMIT,0.055,,0.32,,e21:-0.014;e22:-0.036;e23:-0.014;e24*:-0.035
830,python_instructions,B,4,1,1,11,0.78,HELDOUT,,,,,e26:+0.011;e27:-0.028;e28:-0.011;e29*:-0.006
831,ai2_arc,B,4,1,2,6,0.36,ADMIT,0.083,-0.017,0.0,,e68:-0.021;e69:-0.094;e70:-0.021;e71*:-0.188
832,ai2_arc,B,4,1,2,1,0.42,REFUSE,,,0.0,,e73:-0.562;e75:+0.000;e78:-1.438;e79*:+0.000
833,python_instructions,B,4,1,1,128,0.72,ADMIT,0.218,-0.004,0.451,,e31:-0.009;e34:-0.009;e37:-0.009;e39*:-0.005
834,metamath,B,4,1,3,128,0.59,ADMIT,0.415,-0.001,0.363,,e87:-0.095;e89:-0.095;e90:-0.095;e91*:-0.090
835,python_instructions,A,4,1,1,39,0.65,HELDOUT,,,,,e41:-0.002;e42:+0.013;e43:-0.018;e45*:+0.016
836,gsm8k,B,4,1,3,80,0.49,HELDOUT,,,,,e95:-0.025;e97:-0.059;e98:-0.127;e36*:-0.059
837,ultrachat,A,2,1,2,128,0.41,ADMIT,0.13,-0.004,1.312,,e85:-0.036;e86*:-0.036
838,ai2_arc,B,4,1,2,6,0.39,ADMIT,1.244,0.012,1.719,,e87:-0.562;e89:-0.635;e90:-0.896;e91*:+1.635
839,ultrachat,A,2,1,2,128,0.43,HELDOUT,,,,,e95:-0.033;e97*:-0.030
840,metamath,B,4,1,3,122,0.48,ADMIT,0.278,0.001,0.169,,e59:-0.086;e60:-0.053;e62:-0.063;e67*:-0.069
841,metamath,B,4,1,3,128,0.51,ADMIT,0.311,,0.18,,e68:-0.089;e76:-0.055;e92:-0.032;e96*:-0.035
842,gsm8k,B,4,1,0,128,0.39,ADMIT,0.735,-0.002,0.211,,e64:-0.081;e65:-0.090;e66:-0.075;e69*:-0.050
843,python_instructions,A,4,1,1,44,0.67,HELDOUT,,,,,e46:-0.009;e47:-0.001;e48:+0.001;e50*:+0.033
844,camel_science,B,4,1,2,1,0.37,REFUSE,,,0.0,,e98:-0.125;e9:-0.625;e25:-0.625;e35*:-0.625
845,python_instructions,B,4,1,1,55,0.66,HELDOUT,,,,,e52:+0.009;e54:+0.009;e55:+0.007;e57*:+0.009
846,metamath,B,4,1,2,75,0.51,ADMIT,0.128,0.001,0.486,,e44:-0.040;e77:-0.058;e82:-0.016;e83*:-0.053
847,camel_science,B,4,1,2,2,0.41,HELDOUT,,,,,e84:-2.656;e88:-2.656;e1:-2.656;e2*:-2.656
848,gsm8k,A,4,1,3,101,0.48,ADMIT,0.035,,0.262,,e1:-0.055;e2:-0.055;e3:-0.024;e4*:-0.066
849,github_code,B,4,1,1,128,0.67,ADMIT,0.112,,0.334,,e58:+0.003;e61:+0.002;e63:-0.003;e64*:+0.002
850,camel_science,B,4,1,2,2,0.39,REFUSE,,,0.0,,e70:-0.062;e71:-0.125;e72:-0.062;e73*:-0.062
851,slimorca,B,4,1,2,9,0.48,HELDOUT,,,,,e3:-0.181;e4:-0.708;e5:-0.507;e6*:-0.361
852,ai2_arc,B,4,1,2,10,0.4,ADMIT,0.113,0.01,0.0,,e7:-0.294;e8:-0.294;e11:+0.000;e12*:-0.312
853,gsm8k,B,4,1,0,119,0.46,ADMIT,0.621,0.001,0.324,,e75:-0.048;e78:-0.046;e79:-0.080;e85*:-0.063
854,ultrachat,A,3,1,2,128,0.38,ADMIT,0.318,,0.531,,e13:+0.007;e14:+0.008;e15*:+0.005
855,ai2_arc,A,4,1,2,8,0.38,ADMIT,0.338,0.001,0.0,,e16:-0.125;e17:-0.922;e18:-0.773;e19*:-0.188
856,ultrachat,A,3,1,2,128,0.38,HELDOUT,,,,,e21:-0.040;e22:-0.012;e23*:-0.041
857,github_code,B,4,1,1,40,0.65,ADMIT,0.136,,0.676,,e65:+0.000;e66:-0.006;e69:+0.005;e70*:-0.058
858,metamath,B,4,1,3,128,0.5,ADMIT,0.069,-0.01,0.086,,e5:-0.009;e6:-0.022;e7:-0.025;e8*:-0.022
859,ultrachat,A,2,1,2,128,0.54,ADMIT,0.037,0.003,1.18,,e24:-0.031;e26*:+0.000
860,github_code,B,4,1,2,13,0.53,ADMIT,0.093,,1.188,,e28:-0.173;e29:-0.188;e31:-0.870;e33*:+0.091
861,ai2_arc,A,4,1,2,3,0.44,REFUSE,,,0.711,,e37:-0.729;e39:-0.646;e41:-0.354;e42*:-0.479
862,python_instructions,A,4,1,1,128,0.68,ADMIT,0.379,,0.227,,e73:-0.019;e74:-0.009;e75:-0.016;e78*:-0.010
863,slimorca,B,4,1,3,5,0.49,ADMIT,0.193,0.153,0.025,,e11:-0.512;e12:-0.762;e13:-0.438;e14*:-0.375
864,ultrachat,A,3,1,2,102,0.45,ADMIT,0.099,0.002,0.816,,e43:-0.097;e45:-0.057;e46*:-0.037
865,ultrachat,B,4,1,2,128,0.53,ADMIT,0.611,0.012,0.711,,e47:-0.031;e48:-0.014;e50:-0.009;e52*:-0.036
866,camel_science,B,4,1,2,2,0.44,REFUSE,,,0.062,,e54:-0.812;e55:-1.062;e57:-1.156;e58*:-1.062
867,slimorca,B,4,1,1,128,0.61,HELDOUT,,,,,e79:-0.037;e80:-0.036;e85:-0.087;e86*:-0.017
868,ultrachat,A,2,1,2,128,0.63,ADMIT,0.106,-0.005,1.102,,e61:-0.028;e63*:-0.017
869,python_instructions,B,4,1,1,113,0.71,ADMIT,0.96,,0.352,,e87:+0.004;e89:+0.004;e90:+0.004;e91*:-0.019
870,ai2_arc,B,4,1,2,2,0.57,HELDOUT,,,,,e64:+0.000;e65:+0.000;e66:+0.000;e69*:+0.000
871,github_code,B,4,1,1,30,0.72,ADMIT,0.21,-0.001,0.459,,e95:+0.021;e97:+0.025;e98:+0.010;e0*:-0.029
872,gsm8k,A,4,1,0,109,0.44,HELDOUT,,,,,e86:-0.173;e87:-0.123;e89:-0.096;e90*:-0.079
873,python_instructions,B,4,1,1,83,0.82,ADMIT,0.191,0.007,0.179,,e32:-0.080;e38:-0.005;e40:-0.011;e51*:-0.014
874,metamath,B,4,1,1,128,0.78,ADMIT,0.019,,0.25,,e81:-0.057;e82:-0.045;e94:-0.046;e99*:-0.046
875,metamath,A,4,1,1,128,0.8,ADMIT,0.582,0.011,0.159,,e1:-0.069;e2:-0.056;e3:-0.061;e4*:-0.064
876,camel_science,B,4,1,2,2,0.49,REFUSE,,,0.0,,e70:-0.281;e71:+0.000;e73:-0.469;e74*:-0.062
877,slimorca,B,4,1,2,4,0.55,ADMIT,0.265,-0.457,0.094,,e75:-0.062;e78:-0.500;e79:-0.234;e80*:-0.500
878,ultrachat,A,4,1,2,128,0.49,ADMIT,0.419,,1.273,,e85:+0.012;e86:-0.027;e87:+0.000;e89*:-0.005
879,gsm8k,A,4,1,3,128,0.53,ADMIT,0.308,-0.001,0.613,,e15:-0.031;e16:-0.037;e17:-0.072;e18*:-0.029
880,camel_science,B,4,1,2,3,0.47,REFUSE,,,0.0,,e90:-0.042;e91:-0.042;e95:-0.625;e97*:-0.042
881,ai2_arc,B,4,1,2,14,0.47,ADMIT,0.402,0.006,0.527,,e98:+0.062;e9:+0.094;e25:+0.013;e35*:+0.250
882,gsm8k,A,4,1,3,128,0.5,ADMIT,0.248,,0.648,,e19:-0.082;e21:-0.050;e22:-0.069;e23*:-0.040
883,gsm8k,B,4,1,0,105,0.45,ADMIT,0.978,,0.531,,e91:-0.066;e95:-0.069;e97:-0.090;e98*:-0.090
884,python_instructions,B,4,1,1,97,0.77,ADMIT,0.217,-0.013,0.695,,e5:+0.006;e6:-0.008;e7:-0.013;e8*:-0.011
885,github_code,A,4,1,1,128,0.82,ADMIT,0.025,0.001,0.797,,e11:-0.061;e12:-0.079;e13:+0.009;e14*:-0.076
886,ultrachat,B,2,1,2,128,0.47,ADMIT,0.185,-0.007,1.211,,e44:-0.003;e59*:-0.024
887,slimorca,B,4,1,2,36,0.56,ADMIT,0.431,0.022,1.031,,e76:-0.186;e83:-0.420;e84:-0.349;e88*:-0.285
888,github_code,A,4,1,1,50,0.82,HELDOUT,,,,,e15:-0.148;e16:-0.003;e17:+0.003;e18*:-0.003
889,python_instructions,A,4,1,1,99,0.74,HELDOUT,,,,,e19:-0.011;e21:-0.002;e22:+0.003;e23*:-0.006
890,gsm8k,B,4,1,2,94,0.6,ADMIT,0.121,0.007,0.309,,e1:-0.039;e2:-0.096;e3:-0.075;e4*:-0.016
891,github_code,B,4,1,1,33,0.8,ADMIT,0.111,-0.007,0.393,,e24:+0.021;e26:+0.027;e27:-0.045;e28*:-0.125
892,camel_science,B,4,1,2,2,0.52,REFUSE,,,0.75,,e5:-5.094;e6:-5.094;e7:+0.438;e8*:-2.375
893,metamath,B,4,1,3,128,0.54,ADMIT,0.209,0.007,0.098,,e24:-0.058;e26:-0.058;e27:-0.035;e28*:-0.029
894,python_instructions,B,4,1,1,97,0.84,ADMIT,0.221,,0.416,,e31:-0.008;e33:-0.021;e37:-0.017;e39*:-0.012
895,slimorca,A,4,1,2,32,0.6,HELDOUT,,,,,e11:-0.002;e12:-0.037;e13:+0.014;e14*:+0.014
896,ai2_arc,A,4,1,2,24,0.42,HELDOUT,,,,,e15:+0.047;e16:-0.005;e17:-0.240;e18*:-0.070
897,ultrachat,A,4,1,2,128,0.57,ADMIT,0.203,,1.109,,e19:-0.006;e21:-0.013;e22:-0.006;e23*:-0.009
898,python_instructions,A,4,1,1,128,0.78,ADMIT,0.072,,0.68,,e41:+0.001;e42:+0.003;e43:+0.001;e45*:-0.008
899,slimorca,A,4,1,1,128,0.68,HELDOUT,,,,,e46:-0.043;e47:-0.026;e48:-0.034;e50*:-0.041
900,ultrachat,A,2,43,3,128,0.44,HELDOUT,,,,,e33:-0.012;e35*:-0.021
901,python_instructions,B,4,6,1,21,0.74,ADMIT,0.052,-0.005,1.305,,e54:+0.039;e55:+0.033;e57:+0.039;e58*:+0.036
902,python_instructions,B,4,8,1,73,0.74,ADMIT,0.248,-0.019,0.305,,e63:+0.016;e64:+0.050;e65:+0.044;e66*:+0.007
903,gsm8k,A,4,10,3,128,0.34,ADMIT,0.692,,0.523,,e37:+0.001;e39:-0.076;e41:+0.001;e42*:+0.001
904,slimorca,B,4,7,2,25,0.39,ADMIT,0.175,-0.002,0.314,,e24:-0.170;e27:-0.285;e28:-0.045;e31*:-0.050
905,python_instructions,B,4,4,1,81,0.62,ADMIT,0.648,-0.01,0.824,,e69:-0.010;e70:+0.001;e71:-0.014;e73*:+0.001
906,ai2_arc,B,4,7,2,2,0.29,HELDOUT,,,,,e33:+0.000;e35:+0.000;e37:+0.000;e39*:-1.500
907,camel_science,A,4,5,2,2,0.3,REFUSE,,,0.0,,e41:-1.250;e42:-1.250;e43:-1.250;e45*:-1.250
908,github_code,B,4,5,1,25,0.73,ADMIT,0.236,-0.012,0.256,,e75:-0.025;e78:-0.190;e79:-0.190;e80*:-0.048
909,ai2_arc,B,4,11,2,13,0.27,ADMIT,0.022,,0.0,,e46:+0.000;e47:-0.010;e48:+0.000;e50*:-0.010
910,metamath,B,4,10,2,128,0.35,ADMIT,0.326,-0.021,0.247,,e54:-0.037;e55:-0.036;e57:-0.048;e58*:-0.112
911,camel_science,B,4,4,2,2,0.32,REFUSE,,,2.156,,e63:-0.969;e64:-1.000;e65:-2.281;e66*:-2.281
912,github_code,B,4,5,1,31,0.63,ADMIT,0.517,0.004,1.148,,e83:+0.069;e84:-0.008;e85:+0.081;e86*:+0.032
913,ai2_arc,B,4,10,2,6,0.27,ADMIT,0.038,-0.08,0.0,,e69:+0.000;e70:+0.000;e71:+0.000;e73*:+0.000
914,ultrachat,B,4,23,2,128,0.36,ADMIT,0.058,,0.863,,e75:-0.018;e78:-0.007;e79:-0.016;e80*:-0.003
915,camel_science,B,4,6,2,3,0.27,REFUSE,,,2.172,,e83:+0.354;e84:+1.417;e85:+0.875;e86*:+0.875
916,slimorca,A,4,17,2,95,0.31,ADMIT,0.063,0.007,1.156,,e87:-0.033;e88:-0.002;e89:+0.011;e90*:-0.032
917,python_instructions,B,4,5,1,128,0.64,ADMIT,0.158,,0.377,,e87:+0.003;e88:+0.003;e89:-0.006;e90*:+0.001
918,ultrachat,A,2,33,2,128,0.34,ADMIT,0.025,-0.003,0.855,,e91:-0.052;e95*:-0.046
919,github_code,B,4,7,1,16,0.74,ADMIT,0.059,0.027,0.52,,e91:-0.184;e95:-0.230;e97:-0.285;e98*:-0.188
920,ultrachat,A,2,31,2,128,0.29,ADMIT,0.2,-0.002,0.926,,e97:+0.017;e98*:-0.036
921,python_instructions,B,4,6,1,52,0.7,ADMIT,0.098,,0.318,,e0:+0.004;e27:-0.011;e29:-0.002;e32*:-0.005
922,python_instructions,B,4,5,1,128,0.66,ADMIT,0.421,,0.711,,e38:-0.010;e40:+0.004;e51:-0.005;e81*:-0.014
923,gsm8k,B,4,9,0,71,0.39,ADMIT,0.449,0.006,0.566,,e10:-0.091;e26:-0.088;e49:-0.040;e52*:-0.088
924,ai2_arc,B,4,11,2,10,0.27,HELDOUT,,,,,e20:+0.000;e25:-0.250;e30:+0.000;e44*:-0.212
925,gsm8k,B,4,9,3,78,0.35,ADMIT,0.236,-0.002,0.176,,e43:-0.297;e45:-0.100;e46:-0.087;e47*:-0.068
926,camel_science,B,4,5,2,3,0.3,REFUSE,,,0.0,,e59:-0.083;e72:-0.083;e77:-0.167;e82*:-0.042
927,ai2_arc,B,4,10,2,7,0.3,ADMIT,0.197,,0.0,,e94:-0.036;e1:-0.036;e2:-0.250;e3*:-0.250
928,metamath,A,4,5,1,81,0.69,ADMIT,0.307,-0.017,0.174,,e1:-0.025;e2:-0.058;e3:-0.136;e99*:-0.039
929,gsm8k,B,4,9,0,95,0.38,ADMIT,0.36,-0.002,0.139,,e53:-0.040;e56:-0.035;e64:-0.074;e74*:-0.032
930,metamath,A,4,6,3,76,0.36,ADMIT,0.007,-0.004,0.211,,e48:-0.016;e50:-0.047;e54:-0.051;e55*:-0.025
931,gsm8k,B,4,10,0,128,0.39,ADMIT,1.874,-0.001,0.203,,e93:-0.154;e1:-0.117;e2:-0.044;e3*:-0.117
932,ai2_arc,B,4,9,2,2,0.3,HELDOUT,,,,,e4:+0.000;e5:+0.000;e6:+0.000;e7*:+0.000
933,slimorca,B,4,8,2,112,0.47,ADMIT,0.355,-0.102,1.219,,e8:-0.092;e9:-0.147;e11:-0.206;e12*:-0.171
934,github_code,B,4,7,1,106,0.74,ADMIT,0.328,,0.439,,e4:+0.018;e5:+0.011;e6:+0.022;e7*:+0.006
935,github_code,A,4,6,1,6,0.73,ADMIT,0.352,0.02,2.562,,e8:+0.271;e9:-0.073;e11:+0.198;e12*:+0.365
936,ultrachat,B,3,27,2,128,0.31,HELDOUT,,,,,e13:-0.036;e14:-0.034;e15*:-0.028
937,camel_science,B,4,4,2,6,0.32,ADMIT,0.021,0.064,0.459,,e16:-0.438;e17:-0.677;e18:-0.427;e19*:-0.583
938,ultrachat,B,2,33,1,128,0.58,HELDOUT,,,,,e13:-0.094;e14*:-0.024
939,python_instructions,B,4,5,1,128,0.4,HELDOUT,,,,,e16:-0.005;e15:-0.003;e17:-0.004;e18*:-0.010
940,github_code,A,4,4,1,101,0.68,HELDOUT,,,,,e21:-0.004;e22:-0.004;e23:-0.008;e24*:-0.007
941,gsm8k,A,4,10,3,128,0.43,ADMIT,0.197,,0.645,,e58:-0.057;e61:-0.045;e63:-0.030;e64*:-0.067
942,ultrachat,B,4,21,2,128,0.37,ADMIT,0.177,0.0,1.117,,e22:-0.017;e23:-0.013;e24:-0.008;e28*:-0.004
943,metamath,B,4,11,3,128,0.35,ADMIT,0.584,,0.05,,e65:-0.093;e66:-0.038;e69:-0.092;e70*:-0.093
944,github_code,B,4,7,1,12,0.7,ADMIT,0.099,-0.008,0.266,,e28:-0.099;e31:-0.120;e33:-0.083;e35*:-0.078
945,python_instructions,B,4,8,1,38,0.77,ADMIT,0.098,0.003,0.355,,e39:-0.125;e41:+0.025;e42:-0.143;e43*:-0.164
946,metamath,B,4,10,3,128,0.36,HELDOUT,,,,,e71:-0.122;e73:+0.004;e75:-0.018;e76*:+0.015
947,ai2_arc,B,4,10,2,4,0.52,ADMIT,4.31,,0.938,,e31:-0.188;e33:-2.266;e35:-2.641;e39*:-2.281
948,camel_science,A,4,5,2,3,0.53,REFUSE,,,0.543,,e41:+0.292;e42:-0.479;e43:+0.250;e45*:-0.521
949,slimorca,B,4,12,3,128,0.51,HELDOUT,,,,,e78:-0.020;e79:-0.138;e80:-0.059;e83*:-0.048
950,metamath,A,4,9,3,116,0.47,ADMIT,0.383,,0.168,,e85:-0.032;e86:-0.096;e87:+0.010;e88*:-0.034
951,ultrachat,B,4,23,2,128,0.55,HELDOUT,,,,,e46:-0.014;e47:-0.011;e48:-0.021;e50*:-0.038
952,github_code,B,4,7,1,33,0.74,ADMIT,0.388,,0.322,,e46:-0.015;e47:+0.008;e48:-0.032;e45*:-0.040
953,github_code,B,4,4,2,42,0.58,ADMIT,0.224,-0.004,0.988,,e51:-0.018;e54:-0.158;e55:+0.012;e57*:-0.158
954,github_code,B,4,8,1,44,0.74,ADMIT,0.254,,0.131,,e51:+0.057;e54:+0.088;e55:+0.085;e50*:+0.074
955,camel_science,B,4,5,2,2,0.46,REFUSE,,,0.125,,e58:-2.500;e61:-0.656;e63:-0.656;e64*:-3.469
956,github_code,B,4,5,1,36,0.72,ADMIT,0.146,0.005,0.428,,e58:-0.082;e61:-0.019;e63:-0.017;e57*:-0.024
957,ai2_arc,B,4,8,2,8,0.44,ADMIT,0.026,-0.003,0.0,,e65:-0.109;e66:-0.016;e69:-0.164;e70*:-0.398
958,github_code,B,4,5,1,25,0.71,HELDOUT,,,,,e65:-0.010;e66:-0.008;e69:-0.003;e64*:-0.037
959,github_code,B,4,6,1,15,0.73,ADMIT,0.092,,1.125,,e70:-0.058;e71:-0.021;e73:-0.058;e75*:-0.042
960,python_instructions,B,4,11,1,107,0.78,HELDOUT,,,,,e78:+0.002;e79:-0.001;e80:+0.002;e81*:-0.020
961,metamath,B,4,10,3,128,0.5,HELDOUT,,,,,e89:-0.128;e90:-0.136;e91:-0.039;e95*:-0.068
962,github_code,B,4,4,1,5,0.76,HELDOUT,,,,,e83:-0.450;e85:+0.000;e86:-0.250;e87*:-0.250
963,camel_science,B,4,4,2,3,0.54,REFUSE,,,4.938,,e71:-0.479;e73:-0.479;e75:-0.479;e78*:-0.479
964,camel_science,B,4,4,2,1,0.54,REFUSE,,,1.75,,e79:-6.438;e80:-2.500;e81:-2.500;e83*:-2.438
965,python_instructions,B,4,8,1,23,0.79,ADMIT,0.71,0.035,1.219,,e88:-0.162;e89:-0.039;e90:-0.111;e91*:-0.175
966,metamath,B,4,7,3,68,0.62,ADMIT,0.509,,0.488,,e97:-0.028;e98:+0.020;e34:-0.095;e36*:-0.095
967,metamath,B,4,10,1,128,0.7,ADMIT,0.651,,0.299,,e97:-0.050;e98:-0.033;e95:-0.027;e0*:-0.044
968,metamath,B,4,9,3,128,0.56,ADMIT,0.408,-0.01,0.23,,e62:-0.018;e67:-0.070;e68:-0.015;e76*:-0.075
969,ai2_arc,A,4,9,2,2,0.54,REFUSE,,,0.0,,e85:-0.562;e86:-0.875;e87:+0.000;e88*:-1.000
970,slimorca,B,4,16,2,65,0.54,ADMIT,0.075,,1.273,,e89:-0.042;e90:-0.024;e91:-0.037;e95*:-0.209
971,ultrachat,B,4,18,2,31,0.55,ADMIT,0.031,,0.59,,e97:-0.107;e98:-0.101;e9:-0.133;e20*:-0.113
972,github_code,B,4,8,1,33,0.79,ADMIT,0.138,,0.165,,e27:+0.017;e29:+0.004;e32:+0.004;e38*:+0.015
973,python_instructions,B,4,8,1,1,0.79,REFUSE,,,2.75,,e40:-0.438;e82:-0.625;e94:-2.938;e99*:-1.375
974,slimorca,B,4,9,2,43,0.58,HELDOUT,,,,,e25:+0.000;e30:-0.032;e44:-0.118;e59*:-0.071
975,ultrachat,B,4,16,2,48,0.56,ADMIT,0.013,-0.009,1.211,,e72:-0.031;e74:-0.082;e77:-0.082;e1*:-0.117
976,slimorca,B,4,12,2,128,0.59,ADMIT,0.081,-0.001,1.281,,e2:-0.041;e3:-0.021;e4:-0.049;e5*:-0.050
977,ai2_arc,B,4,8,2,5,0.54,HELDOUT,,,,,e6:+0.425;e7:+0.375;e8:+0.238;e11*:+0.425
978,metamath,B,4,12,3,128,0.56,ADMIT,0.369,0.016,0.228,,e84:-0.156;e92:-0.117;e96:-0.087;e1*:-0.118
979,ultrachat,B,2,34,2,128,0.58,HELDOUT,,,,,e12:+0.002;e13*:-0.052
980,slimorca,B,4,13,2,107,0.46,ADMIT,0.215,0.011,0.918,,e14:-0.043;e15:-0.012;e16:-0.022;e17*:-0.026
981,ai2_arc,B,4,10,2,3,0.42,HELDOUT,,,,,e18:-2.292;e19:+0.000;e21:+0.000;e22*:+0.000
982,gsm8k,B,4,10,3,128,0.56,ADMIT,0.379,0.002,0.373,,e2:-0.047;e3:-0.031;e4:+0.013;e5*:+0.018
983,slimorca,A,4,13,1,128,0.65,ADMIT,0.057,0.011,0.617,,e2:-0.032;e3:-0.024;e4:-0.038;e1*:-0.032
984,metamath,B,4,5,1,128,0.57,ADMIT,0.481,,0.231,,e5:-0.045;e6:-0.062;e7:-0.034;e8*:-0.041
985,gsm8k,B,4,10,0,128,0.46,ADMIT,0.338,-0.001,0.672,,e5:-0.023;e6:-0.059;e7:-0.023;e4*:-0.052
986,slimorca,A,4,16,2,18,0.42,ADMIT,0.214,0.039,0.355,,e23:-0.358;e24:-0.094;e28:-0.174;e31*:-0.503
987,ai2_arc,B,4,12,2,9,0.42,ADMIT,0.668,,0.0,,e33:-0.333;e35:-0.333;e39:+0.000;e41*:-0.153
988,ultrachat,B,3,29,2,128,0.5,ADMIT,0.081,,0.859,,e42:-0.029;e43:-0.026;e45*:-0.008
989,gsm8k,B,4,10,0,72,0.49,HELDOUT,,,,,e8:+0.028;e11:+0.023;e12:+0.023;e13*:-0.039
990,gsm8k,B,4,14,0,128,0.47,ADMIT,0.19,-0.005,0.602,,e14:-0.042;e15:-0.011;e16:-0.021;e17*:-0.021
991,gsm8k,B,4,8,3,80,0.53,ADMIT,0.463,0.006,0.385,,e6:-0.098;e7:-0.098;e8:-0.045;e11*:-0.084
992,github_code,A,4,5,1,128,0.68,ADMIT,0.06,0.021,0.215,,e11:-0.028;e12:-0.081;e13:-0.002;e14*:-0.064
993,ultrachat,B,2,35,2,128,0.49,HELDOUT,,,,,e46:-0.025;e47*:-0.025
994,camel_science,B,4,5,2,2,0.28,REFUSE,,,0.0,,e48:-0.344;e50:-0.250;e51:-3.906;e54*:-0.344
995,github_code,B,4,7,1,54,0.68,ADMIT,0.065,0.002,0.512,,e15:-0.030;e16:-0.020;e17:-0.064;e18*:-0.023
996,slimorca,B,4,9,2,38,0.39,HELDOUT,,,,,e55:-0.122;e57:-0.143;e58:-0.206;e60*:-0.143
997,metamath,B,4,10,2,128,0.37,ADMIT,0.045,-0.005,0.171,,e61:-0.120;e65:-0.089;e66:-0.039;e69*:-0.034
998,ai2_arc,B,4,13,2,9,0.24,ADMIT,0.101,,0.0,,e70:+0.000;e71:+0.000;e73:+0.000;e75*:+0.000
999,github_code,A,4,5,1,33,0.62,ADMIT,0.562,0.0,0.633,,e19:+0.066;e21:+0.044;e22:+0.044;e23*:+0.085
1000,metamath,B,4,11,3,128,0.49,ADMIT,0.028,-0.003,0.172,,e12:-0.022;e13:-0.022;e14:-0.022;e15*:-0.022
1001,gsm8k,B,4,9,3,67,0.5,HELDOUT,,,,,e16:-0.073;e17:+0.007;e18:-0.053;e19*:-0.078
1002,camel_science,B,4,4,2,2,0.25,REFUSE,,,0.969,,e78:-1.812;e79:-1.812;e80:-1.812;e81*:-0.812
1003,slimorca,B,4,8,2,109,0.38,ADMIT,0.305,0.003,1.367,,e83:-0.061;e84:-0.061;e85:+0.035;e86*:-0.061
1004,metamath,B,4,15,3,128,0.54,HELDOUT,,,,,e21:-0.121;e22:-0.076;e23:-0.059;e24*:-0.086
1005,ai2_arc,A,4,11,2,6,0.5,ADMIT,0.132,,0.0,,e87:-0.021;e88:-0.021;e89:-0.021;e90*:-0.021
1006,python_instructions,A,4,6,1,19,0.79,ADMIT,0.239,,0.418,,e24:+0.076;e28:+0.046;e31:-0.023;e33*:-0.033
1007,gsm8k,B,4,9,0,128,0.46,HELDOUT,,,,,e18:-0.067;e19:-0.124;e21:-0.099;e22*:-0.130
1008,gsm8k,A,4,5,3,88,0.54,ADMIT,0.128,,0.953,,e28:-0.070;e31:-0.055;e33:-0.070;e35*:-0.028
1009,ultrachat,B,3,34,2,128,0.41,ADMIT,0.08,0.001,1.117,,e91:-0.019;e95:+0.007;e97*:+0.039
1010,camel_science,B,4,6,2,2,0.41,REFUSE,,,0.625,,e98:-4.406;e9:-1.188;e20:-4.406;e25*:-5.062
1011,slimorca,A,4,10,1,128,0.64,ADMIT,0.169,0.002,0.703,,e35:-0.019;e39:-0.076;e41:-0.019;e42*:-0.047
1012,metamath,A,4,10,3,128,0.54,ADMIT,0.089,0.006,0.15,,e39:-0.096;e41:-0.022;e42:-0.017;e43*:-0.017
1013,slimorca,B,4,13,2,15,0.62,ADMIT,0.159,0.059,0.672,,e30:-0.125;e44:-0.050;e59:-0.138;e72*:-0.233
1014,metamath,B,4,9,1,128,0.81,ADMIT,0.549,-0.001,0.165,,e43:-0.015;e45:-0.024;e46:-0.042;e47*:-0.031
1015,slimorca,B,4,9,1,128,0.7,ADMIT,0.039,,0.645,,e48:-0.074;e50:-0.089;e51:-0.089;e54*:-0.119
1016,python_instructions,B,4,4,1,42,0.84,ADMIT,0.026,,0.482,,e55:-0.010;e57:-0.031;e58:-0.057;e60*:-0.007
1017,github_code,B,4,6,1,14,0.8,HELDOUT,,,,,e61:+0.013;e65:+0.031;e66:-0.018;e69*:-0.107
1018,metamath,B,4,9,2,128,0.53,ADMIT,0.074,,0.148,,e76:-0.061;e93:-0.061;e1:-0.048;e2*:-0.052
1019,slimorca,B,4,9,2,128,0.5,ADMIT,0.03,-0.005,1.969,,e3:-0.053;e4:-0.056;e5:-0.040;e6*:-0.091
1020,github_code,B,4,9,1,42,0.75,ADMIT,0.559,-0.011,0.602,,e70:+0.068;e71:+0.027;e72:+0.073;e73*:+0.043
1021,ai2_arc,B,4,10,2,10,0.42,ADMIT,0.19,,0.0,,e7:-0.013;e8:-0.087;e11:-0.025;e12*:-0.037
1022,python_instructions,A,4,7,1,51,0.7,ADMIT,0.06,0.002,0.766,,e75:-0.018;e78:-0.026;e79:-0.021;e80*:-0.021
1023,slimorca,B,4,17,2,4,0.46,ADMIT,0.205,-0.022,0.281,,e13:+0.016;e14:+0.062;e15:-0.250;e16*:-0.453
1024,metamath,B,4,10,1,128,0.67,ADMIT,0.577,,0.367,,e81:-0.009;e83:-0.030;e86:-0.030;e87*:-0.030
1025,python_instructions,B,4,7,1,128,0.72,ADMIT,0.049,,1.047,,e88:-0.002;e89:-0.002;e90:-0.009;e91*:+0.007
1026,python_instructions,B,4,6,1,128,0.68,HELDOUT,,,,,e93:-0.007;e95:+0.009;e97:-0.004;e98*:-0.016
1027,ultrachat,B,3,33,2,128,0.42,ADMIT,0.246,0.002,0.887,,e17:-0.086;e18:-0.022;e19*:-0.111
1028,camel_science,A,4,5,2,5,0.42,HELDOUT,,,,,e21:-1.400;e22:-1.400;e23:-1.400;e24*:-1.400
1029,ai2_arc,A,4,7,2,1,0.44,REFUSE,,,0.0,,e28:-2.250;e31:-1.625;e33:-6.000;e35*:-0.125
1030,ultrachat,A,4,24,2,128,0.47,ADMIT,0.187,,1.297,,e39:-0.022;e41:-0.074;e42:-0.012;e43*:-0.030
1031,gsm8k,A,4,10,0,128,0.46,ADMIT,0.237,,0.578,,e23:-0.023;e24:-0.021;e28:-0.046;e31*:-0.021
1032,github_code,B,4,5,1,29,0.63,HELDOUT,,,,,e0:-0.097;e27:-0.030;e29:-0.054;e32*:-0.131
1033,gsm8k,A,4,8,0,89,0.46,HELDOUT,,,,,e33:-0.199;e35:-0.084;e39:-0.199;e41*:-0.199
1034,camel_science,A,4,4,2,2,0.5,REFUSE,,,0.0,,e45:+0.000;e46:+0.000;e47:-0.062;e48*:+0.000
1035,gsm8k,B,4,8,0,83,0.47,ADMIT,0.093,,0.281,,e45:-0.061;e46:-0.117;e42:-0.020;e43*:-0.135
1036,camel_science,B,4,6,2,2,0.5,REFUSE,,,0.0,,e50:+0.000;e51:-0.062;e54:-0.062;e55*:-2.281
1037,camel_science,B,4,5,2,2,0.5,REFUSE,,,3.031,,e57:+0.625;e58:+1.062;e60:-0.312;e61*:+0.031
1038,python_instructions,B,4,5,1,13,0.68,ADMIT,0.863,0.002,0.621,,e38:-0.005;e40:+0.038;e82:-0.038;e94*:+0.005
1039,metamath,B,4,10,3,128,0.55,ADMIT,0.037,,0.036,,e45:-0.045;e46:-0.050;e47:-0.083;e48*:-0.034
1040,metamath,B,4,6,1,93,0.6,ADMIT,1.315,,0.216,,e99:-0.022;e1:-0.050;e2:-0.035;e3*:-0.060
1041,ai2_arc,B,4,9,2,5,0.51,ADMIT,0.164,-0.011,0.0,,e61:-0.325;e65:-0.075;e66:-0.150;e69*:-0.037
1042,slimorca,B,4,12,2,35,0.51,ADMIT,0.107,-0.005,0.32,,e70:-0.141;e71:-0.152;e73:-0.152;e75*:-0.123
1043,metamath,B,4,9,0,92,0.46,ADMIT,0.466,0.0,0.266,,e46:-0.056;e47:-0.163;e48:-0.099;e50*:-0.056
1044,ultrachat,B,2,44,3,128,0.52,ADMIT,0.081,0.007,0.641,,e48:-0.076;e50*:-0.040
1045,camel_science,B,4,6,2,4,0.5,HELDOUT,,,,,e78:-0.391;e79:-0.844;e80:-0.953;e83*:-1.461
1046,gsm8k,B,4,11,3,128,0.49,ADMIT,0.649,0.003,0.559,,e51:-0.054;e54:-0.059;e55:-0.010;e57*:-0.017
1047,slimorca,A,2,49,2,89,0.57,ADMIT,0.065,-0.008,1.594,,e85:-0.018;e86*:-0.022
1048,metamath,B,4,9,0,128,0.53,ADMIT,0.339,0.006,0.41,,e51:-0.087;e57:-0.054;e54:-0.091;e55*:-0.091
1049,gsm8k,B,4,12,0,128,0.47,ADMIT,0.128,0.0,0.574,,e58:+0.017;e60:-0.004;e61:-0.011;e65*:-0.005
1050,gsm8k,B,4,9,0,119,0.47,HELDOUT,,,,,e66:-0.061;e69:-0.064;e70:-0.050;e71*:-0.050
1051,camel_science,B,4,5,2,2,0.51,REFUSE,,,3.125,,e87:+2.062;e88:+2.062;e89:+1.156;e90*:+0.750
1052,gsm8k,A,4,11,0,128,0.44,HELDOUT,,,,,e73:-0.038;e75:-0.089;e78:-0.034;e79*:-0.090
1053,slimorca,B,4,27,2,77,0.49,ADMIT,0.149,-0.013,2.031,,e91:-0.102;e93:-0.082;e95:-0.071;e97*:-0.023
1054,ai2_arc,B,4,10,2,2,0.48,REFUSE,,,2.0,,e98:-2.219;e9:-2.219;e20:-2.219;e25*:-2.219
1055,python_instructions,B,4,6,1,87,0.81,ADMIT,0.132,-0.003,0.264,,e4:-0.029;e5:-0.011;e6:-0.034;e7*:-0.034
1056,slimorca,B,4,14,2,128,0.58,HELDOUT,,,,,e30:-0.038;e44:-0.046;e74:-0.058;e76*:-0.025
1057,camel_science,B,4,5,2,2,0.34,REFUSE,,,0.0,,e82:-0.344;e84:-0.344;e1:-0.062;e2*:-0.344
1058,python_instructions,B,4,8,1,77,0.83,ADMIT,0.153,,0.562,,e8:+0.012;e11:-0.030;e12:-0.007;e13*:+0.000
1059,slimorca,B,4,17,2,128,0.3,HELDOUT,,,,,e3:-0.034;e4:-0.079;e5:-0.044;e6*:-0.014
1060,ultrachat,A,2,52,3,128,0.39,ADMIT,0.056,,0.198,,e57:-0.008;e58*:-0.034
1061,ultrachat,A,4,27,2,128,0.39,ADMIT,0.171,,0.875,,e7:-0.022;e8:-0.024;e11:-0.021;e12*:-0.018
1062,ai2_arc,B,4,10,2,5,0.4,HELDOUT,,,,,e13:+0.000;e14:-0.138;e15:-0.163;e16*:+0.300
1063,ai2_arc,B,4,8,2,8,0.42,ADMIT,0.194,-0.004,0.0,,e17:-0.141;e18:-0.141;e19:-0.289;e21*:+0.000
1064,gsm8k,B,4,9,3,94,0.4,ADMIT,0.537,,0.231,,e60:-0.066;e61:-0.151;e65:-0.006;e66*:+0.008
1065,ai2_arc,A,4,10,2,6,0.42,ADMIT,0.097,,0.0,,e22:+0.000;e23:-0.021;e24:-0.021;e28*:+0.000
1066,python_instructions,B,4,7,1,32,0.82,HELDOUT,,,,,e14:-0.025;e15:-0.105;e16:-0.029;e17*:-0.105
1067,slimorca,B,4,27,3,128,0.4,ADMIT,0.056,0.014,2.297,,e69:-0.097;e70:-0.130;e71:-0.078;e73*:-0.105
1068,ai2_arc,A,4,14,2,15,0.45,ADMIT,0.31,0.021,0.0,,e31:-0.125;e33:-0.192;e35:-0.025;e37*:-0.388
1069,python_instructions,A,4,4,1,128,0.76,ADMIT,0.172,0.021,0.699,,e18:-0.046;e19:-0.000;e21:+0.009;e22*:+0.018
1070,slimorca,B,4,10,2,128,0.52,ADMIT,0.089,-0.008,1.086,,e39:-0.044;e40:-0.026;e41:-0.026;e42*:-0.034
1071,metamath,B,4,7,2,128,0.55,ADMIT,0.065,0.013,0.254,,e43:-0.160;e45:-0.019;e46:-0.028;e47*:-0.031
1072,ai2_arc,A,4,8,2,7,0.42,ADMIT,0.072,0.004,0.0,,e48:-0.062;e50:+0.000;e51:-0.018;e54*:-0.062
1073,ai2_arc,B,4,12,2,9,0.43,ADMIT,0.704,-0.031,0.0,,e55:-0.014;e57:-0.014;e58:-0.125;e60*:-0.229
1074,python_instructions,B,4,7,1,37,0.78,ADMIT,0.205,,0.469,,e23:+0.002;e24:+0.029;e28:+0.015;e31*:-0.042
1075,slimorca,A,4,11,2,28,0.42,HELDOUT,,,,,e75:-0.076;e78:-0.214;e79:-0.214;e80*:-0.232
1076,python_instructions,A,4,7,1,72,0.72,HELDOUT,,,,,e33:+0.003;e35:+0.011;e37:-0.016;e39*:-0.001
1077,metamath,B,4,9,1,128,0.58,HELDOUT,,,,,e40:-0.035;e41:-0.013;e42:-0.013;e43*:-0.013
1078,slimorca,B,4,9,1,111,0.57,ADMIT,0.297,0.005,1.625,,e79:-0.040;e80:-0.012;e83:-0.008;e86*:-0.039
1079,camel_science,B,4,4,2,3,0.46,HELDOUT,,,,,e61:-0.979;e65:-0.250;e66:-1.792;e69*:-2.750
1080,camel_science,B,4,4,2,2,0.47,REFUSE,,,1.906,,e71:-0.781;e73:-0.938;e75:-0.594;e78*:-0.859
1081,ultrachat,A,4,24,2,128,0.44,ADMIT,0.091,0.005,0.898,,e79:-0.016;e80:-0.005;e81:-0.028;e83*:-0.078
1082,camel_science,A,4,6,2,2,0.47,REFUSE,,,0.0,,e86:-0.125;e87:-0.062;e88:-0.125;e89*:-0.125
1083,python_instructions,B,4,10,1,128,0.78,ADMIT,0.112,,0.84,,e46:-0.003;e47:-0.010;e48:-0.002;e50*:-0.024
1084,github_code,B,4,8,1,60,0.78,ADMIT,0.337,-0.007,0.402,,e51:+0.054;e54:+0.042;e55:+0.048;e57*:+0.054
1085,ai2_arc,B,4,12,2,8,0.5,ADMIT,0.086,-0.004,0.0,,e90:+0.000;e91:-0.016;e93:+0.000;e95*:-0.055
1086,slimorca,B,4,13,2,81,0.52,ADMIT,0.078,,0.98,,e97:-0.008;e98:-0.150;e7:-0.137;e9*:-0.137
1087,camel_science,B,4,5,2,1,0.47,REFUSE,,,0.0,,e20:-0.250;e25:-0.250;e44:-1.062;e74*:-0.250
1088,github_code,B,4,7,1,17,0.78,ADMIT,0.451,-0.024,0.11,,e58:-0.195;e60:+0.000;e61:+0.004;e65*:-0.224
1089,python_instructions,B,4,9,1,122,0.77,ADMIT,0.072,-0.001,0.35,,e66:-0.011;e69:-0.022;e70:-0.052;e71*:-0.013
1090,ai2_arc,B,4,10,2,7,0.47,ADMIT,0.217,,0.0,,e76:+0.000;e84:+0.000;e85:-0.045;e1*:-0.018
1091,camel_science,B,4,6,2,3,0.47,HELDOUT,,,,,e2:-0.583;e3:-1.250;e4:-0.812;e5*:-0.938
1092,slimorca,B,4,22,3,116,0.42,ADMIT,0.346,,1.008,,e83:-0.052;e86:-0.081;e87:-0.091;e88*:-0.072
1093,python_instructions,B,4,7,1,103,0.76,ADMIT,0.086,,0.465,,e73:-0.025;e75:-0.100;e78:+0.001;e79*:+0.001
1094,ultrachat,B,4,23,2,16,0.5,ADMIT,0.057,-0.005,0.977,,e6:-0.293;e8:-0.285;e11:-0.242;e12*:-0.176
1095,github_code,B,4,9,1,12,0.76,HELDOUT,,,,,e80:-0.068;e81:-0.057;e83:-0.042;e86*:+0.042
1096,camel_science,A,4,4,2,4,0.46,ADMIT,0.744,0.003,1.875,,e13:-0.750;e14:-0.531;e15:-0.609;e16*:-0.609
1097,ai2_arc,B,4,9,2,6,0.49,ADMIT,0.304,-0.003,0.0,,e17:-0.031;e18:-0.031;e19:-0.812;e21*:-0.021
1098,ultrachat,B,4,23,2,76,0.48,ADMIT,0.164,0.002,1.328,,e22:-0.043;e23:-0.065;e24:-0.049;e28*:-0.023
1099,python_instructions,B,4,6,1,65,0.67,ADMIT,0.095,,0.198,,e87:-0.013;e88:-0.013;e89:-0.021;e90*:-0.021
1100,python_instructions,B,4,4,1,55,0.67,ADMIT,0.115,,0.434,,e91:+0.002;e93:-0.002;e95:-0.005;e97*:-0.008
1101,slimorca,B,4,9,2,49,0.48,ADMIT,0.11,-0.04,0.887,,e28:-0.091;e31:-0.108;e33:-0.107;e35*:-0.120
1102,python_instructions,B,4,6,1,59,0.7,HELDOUT,,,,,e98:+0.008;e0:+0.011;e27:+0.008;e29*:+0.008
1103,github_code,B,4,5,1,19,0.66,HELDOUT,,,,,e32:+0.010;e65:-0.125;e72:+0.020;e82*:+0.013
1104,camel_science,B,4,3,2,2,0.47,HELDOUT,,,,,e37:+0.625;e38:+1.125;e39:+1.125;e40*:+0.812
1105,slimorca,B,4,14,1,128,0.66,HELDOUT,,,,,e94:-0.086;e99:-0.083;e1:-0.077;e2*:-0.087
1106,ultrachat,A,4,23,3,47,0.45,ADMIT,0.051,-0.007,0.801,,e89:-0.005;e90:-0.016;e91:-0.039;e93*:-0.181
1107,slimorca,B,4,22,2,12,0.47,ADMIT,0.203,-0.031,0.104,,e41:-0.052;e42:-0.260;e43:-0.208;e45*:-0.349
1108,metamath,B,4,9,3,128,0.43,HELDOUT,,,,,e95:-0.059;e97:-0.071;e98:-0.080;e26*:-0.071
1109,ai2_arc,B,4,6,2,1,0.52,HELDOUT,,,,,e46:-0.125;e47:+0.000;e48:-0.250;e50*:-0.375
1110,camel_science,B,4,3,2,5,0.49,ADMIT,2.284,-0.226,2.234,,e51:+1.275;e54:+1.275;e55:+1.275;e57*:+1.275
1111,metamath,B,4,14,1,77,0.59,HELDOUT,,,,,e3:-0.017;e4:-0.006;e5:+0.001;e6*:-0.070
1112,python_instructions,B,4,7,1,64,0.7,HELDOUT,,,,,e7:-0.050;e8:-0.143;e11:+0.008;e12*:-0.028
1113,ai2_arc,B,4,9,2,14,0.49,ADMIT,0.124,,0.0,,e58:+0.000;e60:+0.000;e61:-0.071;e66*:-0.009
1114,ultrachat,A,4,28,2,96,0.49,ADMIT,0.191,0.001,1.492,,e69:-0.090;e70:-0.044;e71:-0.056;e73*:-0.129
1115,camel_science,B,4,5,2,2,0.5,REFUSE,,,0.0,,e75:-0.719;e78:-0.375;e79:-0.375;e80*:-0.375
1116,gsm8k,B,4,10,0,128,0.43,ADMIT,0.188,0.021,0.691,,e87:-0.131;e88:-0.084;e89:-0.087;e90*:-0.087
1117,gsm8k,B,4,12,0,128,0.43,ADMIT,0.853,-0.003,0.305,,e91:-0.066;e93:-0.019;e95:-0.026;e97*:-0.089
1118,ai2_arc,B,4,10,2,8,0.5,HELDOUT,,,,,e81:-0.016;e86:-0.031;e87:-0.031;e88*:-0.062
1119,ai2_arc,B,4,7,2,5,0.52,ADMIT,0.106,,0.05,,e89:+0.025;e90:-0.362;e91:-0.100;e93*:-0.075
1120,github_code,B,4,4,1,128,0.51,ADMIT,0.161,,0.287,,e13:+0.000;e14:+0.005;e15:+0.006;e16*:+0.001
1121,gsm8k,B,4,14,0,123,0.46,ADMIT,0.115,,0.447,,e98:-0.019;e10:-0.084;e20:-0.067;e49*:-0.022
1122,ai2_arc,B,4,10,2,5,0.5,HELDOUT,,,,,e98:-0.037;e95:-0.188;e97:+0.000;e9*:+0.000
1123,camel_science,B,4,5,2,2,0.52,REFUSE,,,2.594,,e25:-1.906;e32:-1.594;e44:-0.203;e72*:-1.000
1124,ai2_arc,B,4,7,2,2,0.52,REFUSE,,,0.0,,e76:+0.000;e82:+0.000;e84:-0.250;e85*:-1.188
1125,gsm8k,B,4,13,0,128,0.44,ADMIT,0.267,0.008,0.245,,e52:-0.030;e53:-0.055;e56:-0.034;e60*:-0.003
1126,metamath,B,4,10,3,128,0.45,HELDOUT,,,,,e34:-0.089;e36:-0.058;e59:-0.150;e62*:-0.058
1127,python_instructions,A,4,6,1,45,0.61,HELDOUT,,,,,e17:-0.036;e18:-0.050;e19:+0.015;e21*:-0.001
1128,slimorca,B,4,13,0,128,0.51,ADMIT,0.05,-0.006,0.469,,e77:+0.021;e83:+0.005;e1:-0.001;e2*:-0.003
1129,ai2_arc,A,4,14,2,10,0.64,HELDOUT,,,,,e1:-0.287;e2:-0.056;e3:-0.337;e4*:-0.362
1130,camel_science,B,4,5,2,3,0.66,REFUSE,,,0.0,,e5:-0.083;e6:+0.000;e7:+0.000;e8*:+0.000
1131,ai2_arc,B,4,10,2,8,0.66,ADMIT,0.082,-0.027,0.0,,e11:-0.016;e12:+0.000;e13:-0.102;e14*:+0.000
1132,python_instructions,A,4,5,2,63,0.62,ADMIT,0.168,,0.457,,e15:-0.011;e16:-0.012;e17:-0.075;e18*:-0.032
1133,gsm8k,B,4,10,0,90,0.43,HELDOUT,,,,,e3:-0.100;e4:-0.103;e5:-0.100;e6*:-0.094
1134,ai2_arc,A,4,7,2,5,0.61,ADMIT,0.032,0.006,0.0,,e19:-0.200;e21:-0.113;e22:+0.000;e23*:-0.125
1135,metamath,B,4,9,3,128,0.55,ADMIT,0.078,-0.005,0.133,,e67:-0.027;e68:-0.000;e92:-0.000;e96*:-0.000
1136,metamath,B,4,6,1,105,0.64,ADMIT,0.105,-0.001,0.363,,e22:-0.042;e23:-0.042;e24:-0.042;e28*:-0.042
1137,ultrachat,B,2,47,2,128,0.6,ADMIT,0.075,0.001,0.914,,e24:-0.012;e28*:-0.039
1138,metamath,A,4,8,3,120,0.58,HELDOUT,,,,,e1:-0.019;e2:-0.015;e3:-0.022;e4*:-0.006
1139,ai2_arc,B,4,9,2,2,0.68,HELDOUT,,,,,e30:-1.000;e31:-0.250;e33:-0.125;e35*:-0.125
1140,gsm8k,B,4,8,0,128,0.49,ADMIT,0.247,,0.492,,e7:-0.070;e8:-0.070;e11:-0.070;e12*:-0.062
1141,ultrachat,B,3,37,2,128,0.65,ADMIT,0.137,,0.434,,e37:-0.001;e39:-0.019;e41*:-0.002
1142,metamath,B,4,19,1,128,0.67,ADMIT,1.327,,0.43,,e30:-0.062;e31:-0.062;e33:-0.016;e35*:+0.001
1143,slimorca,B,4,12,1,61,0.74,ADMIT,0.113,-0.004,0.072,,e37:-0.134;e39:-0.133;e41:-0.067;e42*:+0.003
1144,metamath,B,4,12,3,128,0.63,ADMIT,0.128,,0.047,,e5:-0.052;e6:-0.030;e7:-0.039;e8*:-0.031
1145,ai2_arc,B,4,9,2,7,0.7,ADMIT,1.08,0.014,0.0,,e42:-1.214;e43:-0.625;e45:+0.000;e46*:+0.000
1146,python_instructions,A,4,4,1,101,0.75,ADMIT,0.689,,0.707,,e43:+0.020;e45:-0.028;e46:-0.007;e47*:+0.004
1147,slimorca,B,4,9,2,128,0.68,ADMIT,0.159,,1.141,,e47:+0.071;e48:+0.067;e50:+0.013;e51*:+0.013
1148,ultrachat,B,2,44,2,47,0.69,ADMIT,0.056,0.055,1.203,,e54:-0.205;e55*:-0.207
1149,metamath,B,4,12,0,128,0.5,ADMIT,0.283,-0.003,0.258,,e13:-0.023;e14:-0.012;e15:-0.017;e16*:-0.025
1150,slimorca,B,4,17,2,1,0.68,REFUSE,,,0.625,,e57:-5.688;e58:-4.250;e61:-4.062;e63*:-0.688
1151,slimorca,B,4,23,2,112,0.68,ADMIT,0.199,0.003,1.18,,e64:-0.031;e66:-0.066;e69:-0.054;e70*:-0.048
1152,ultrachat,A,2,65,2,128,0.66,ADMIT,0.03,,1.484,,e71:+0.022;e73*:-0.009
1153,ultrachat,B,2,66,1,128,0.75,ADMIT,0.142,0.003,1.211,,e48:-0.050;e50*:-0.045
1154,slimorca,B,4,10,2,43,0.69,ADMIT,0.043,-0.027,0.293,,e74:-0.218;e75:-0.094;e78:-0.346;e79*:-0.185
1155,metamath,A,4,7,0,72,0.55,ADMIT,0.207,,0.073,,e17:-0.153;e18:-0.026;e19:-0.109;e21*:-0.061
1156,github_code,A,4,4,2,64,0.72,HELDOUT,,,,,e80:-0.073;e86:-0.097;e87:-0.140;e88*:-0.116
1157,slimorca,B,4,12,2,128,0.56,HELDOUT,,,,,e89:+0.025;e90:-0.014;e91:-0.015;e93*:-0.028
1158,camel_science,B,4,5,2,2,0.43,REFUSE,,,0.0,,e95:+0.000;e97:+0.000;e98:+0.000;e10*:+0.000
1159,camel_science,B,4,6,2,3,0.4,HELDOUT,,,,,e20:-0.250;e25:+0.208;e32:-0.250;e44*:+0.167
1160,camel_science,B,4,4,2,6,0.41,ADMIT,0.284,0.254,0.73,,e72:-0.667;e76:-0.250;e82:-0.333;e84*:-0.885
1161,ultrachat,B,2,47,3,128,0.54,HELDOUT,,,,,e11:+0.026;e12*:+0.022
1162,python_instructions,B,4,8,1,75,0.58,ADMIT,0.186,,0.147,,e48:+0.009;e50:+0.000;e51:+0.004;e55*:+0.016
1163,ultrachat,B,2,63,3,128,0.48,HELDOUT,,,,,e13:-0.043;e14*:-0.054
1164,slimorca,A,4,25,2,113,0.37,ADMIT,0.189,,0.52,,e1:-0.041;e2:-0.035;e3:-0.019;e4*:-0.074
1165,gsm8k,B,4,9,3,85,0.42,ADMIT,0.282,-0.006,0.221,,e15:-0.055;e16:-0.110;e17:-0.068;e18*:-0.059
1166,slimorca,B,3,35,2,100,0.35,HELDOUT,,,,,e5:-0.030;e6:-0.026;e7*:-0.046
1167,gsm8k,A,4,8,3,84,0.45,ADMIT,0.13,-0.003,0.217,,e19:-0.097;e21:-0.025;e22:-0.030;e23*:-0.029
1168,slimorca,B,4,7,2,128,0.44,ADMIT,0.088,,1.727,,e8:+0.033;e11:+0.052;e12:+0.023;e13*:-0.027
1169,ultrachat,A,3,33,3,128,0.42,ADMIT,0.384,-0.008,1.578,,e24:+0.002;e26:-0.027;e28*:-0.010
1170,metamath,B,4,12,3,128,0.45,ADMIT,0.587,0.006,0.25,,e30:-0.121;e31:-0.122;e33:-0.067;e35*:-0.090
1171,slimorca,B,4,13,1,128,0.54,ADMIT,0.461,,0.734,,e57:-0.039;e58:-0.071;e61:-0.073;e63*:-0.070
1172,ai2_arc,A,4,6,2,1,0.38,REFUSE,,,0.0,,e14:+0.000;e15:+0.000;e16:+0.000;e17*:+0.000
1173,camel_science,A,4,5,2,3,0.35,REFUSE,,,4.188,,e18:-0.188;e19:-0.250;e21:-0.437;e22*:-0.646
1174,ai2_arc,B,4,7,2,3,0.37,REFUSE,,,0.0,,e23:+0.000;e24:+0.000;e26:+0.000;e28*:+0.000
1175,metamath,B,4,7,3,53,0.45,ADMIT,0.123,,0.301,,e37:+0.001;e39:-0.106;e40:-0.106;e41*:-0.064
1176,gsm8k,B,4,10,3,128,0.47,ADMIT,0.452,,0.422,,e42:-0.052;e43:-0.003;e45:+0.020;e46*:-0.003
1177,gsm8k,A,4,8,0,113,0.45,HELDOUT,,,,,e22:-0.066;e23:-0.080;e24:-0.058;e26*:-0.105
1178,slimorca,B,4,12,2,65,0.47,ADMIT,0.02,-0.012,1.0,,e30:+0.019;e31:-0.024;e33:-0.024;e35*:+0.018
1179,metamath,B,4,7,3,73,0.46,ADMIT,0.181,,0.162,,e47:+0.000;e48:+0.004;e50:-0.058;e51*:-0.033
1180,slimorca,B,4,14,2,41,0.39,ADMIT,0.027,-0.012,0.434,,e39:-0.163;e41:-0.113;e42:-0.163;e43*:-0.224
1181,ultrachat,B,4,26,2,85,0.44,ADMIT,0.243,0.002,0.797,,e45:-0.097;e46:-0.097;e47:-0.121;e48*:-0.018
1182,python_instructions,B,4,7,1,42,0.77,ADMIT,0.106,,0.211,,e70:-0.030;e71:-0.048;e72:-0.012;e73*:-0.037
1183,camel_science,B,4,4,2,2,0.35,REFUSE,,,2.125,,e50:+0.219;e51:+2.188;e54:+2.188;e55*:+2.188
1184,metamath,B,4,8,3,87,0.44,HELDOUT,,,,,e57:-0.088;e58:-0.088;e61:-0.088;e66*:-0.088
1185,camel_science,B,4,4,2,1,0.43,REFUSE,,,0.0,,e57:+0.000;e58:+0.000;e61:+0.000;e66*:-1.188
1186,python_instructions,B,4,11,1,128,0.73,ADMIT,0.199,,2.5,,e74:+0.001;e75:+0.005;e76:-0.003;e78*:+0.001
1187,github_code,A,4,3,1,76,0.62,ADMIT,0.371,0.004,1.016,,e79:+0.055;e80:+0.002;e84:+0.012;e86*:-0.045
1188,ai2_arc,B,4,11,2,9,0.44,ADMIT,0.23,0.055,0.0,,e69:-0.097;e70:+0.000;e71:-0.285;e72*:-0.056
1189,python_instructions,B,4,5,1,82,0.74,ADMIT,0.078,,0.523,,e87:-0.011;e89:-0.003;e90:-0.011;e91*:-0.003
1190,slimorca,A,4,8,2,94,0.54,HELDOUT,,,,,e73:+0.005;e74:-0.147;e75:-0.057;e76*:-0.091
1191,python_instructions,B,4,5,1,40,0.74,ADMIT,0.227,,0.141,,e93:-0.009;e95:+0.003;e97:+0.009;e98*:+0.009
1192,slimorca,A,4,16,2,128,0.41,HELDOUT,,,,,e78:-0.060;e79:-0.026;e80:-0.034;e84*:-0.051
1193,camel_science,B,4,4,2,3,0.45,REFUSE,,,0.083,,e86:-0.521;e87:-0.521;e89:-0.521;e90*:-0.521
1194,metamath,B,4,6,2,128,0.56,ADMIT,0.076,-0.003,0.445,,e91:-0.008;e93:-0.032;e95:-0.010;e97*:-0.044
1195,github_code,B,4,4,1,53,0.76,ADMIT,0.147,,0.219,,e0:+0.012;e27:-0.007;e29:-0.033;e38*:-0.005
1196,slimorca,B,4,27,2,128,0.46,ADMIT,0.371,-0.01,0.719,,e98:-0.033;e9:-0.026;e10:-0.022;e20*:+0.000
1197,gsm8k,B,4,6,0,63,0.49,HELDOUT,,,,,e30:-0.165;e31:-0.135;e33:-0.165;e35*:-0.165
1198,metamath,B,4,4,1,55,0.7,ADMIT,0.574,0.03,0.147,,e40:-0.150;e65:-0.075;e81:-0.068;e94*:-0.145
1199,gsm8k,B,4,8,3,90,0.5,ADMIT,0.107,-0.0,0.395,,e69:-0.003;e70:-0.077;e71:-0.047;e72*:-0.029
1200,gsm8k,B,4,8,0,78,0.49,ADMIT,0.244,-0.001,0.245,,e37:-0.132;e38:-0.091;e39:-0.114;e41*:-0.018
1201,github_code,A,4,4,1,57,0.71,HELDOUT,,,,,e99:-0.015;e1:-0.019;e2:-0.037;e3*:+0.023
1202,github_code,B,4,7,1,40,0.63,ADMIT,0.399,0.004,0.469,,e4:-0.053;e5:-0.045;e6:-0.066;e7*:-0.044
1203,gsm8k,A,4,9,3,59,0.5,ADMIT,0.391,0.005,0.256,,e73:-0.210;e74:-0.028;e75:-0.078;e76*:-0.210
1204,gsm8k,B,4,8,0,52,0.49,ADMIT,0.092,0.0,0.465,,e42:-0.046;e43:+0.024;e45:-0.026;e46*:+0.010
1205,ultrachat,A,3,36,2,128,0.49,ADMIT,0.105,,0.824,,e25:-0.019;e71:-0.063;e81*:-0.017
1206,metamath,B,4,9,0,106,0.5,HELDOUT,,,,,e47:-0.080;e48:-0.085;e50:-0.085;e51*:-0.107
1207,gsm8k,B,4,9,3,86,0.63,ADMIT,0.168,0.008,0.182,,e78:-0.025;e79:-0.065;e80:-0.025;e82*:-0.031
1208,ai2_arc,B,4,12,2,7,0.53,HELDOUT,,,,,e85:-0.768;e93:-0.545;e94:-0.527;e1*:+0.223
1209,slimorca,B,4,10,2,63,0.53,ADMIT,0.034,,0.43,,e2:-0.113;e3:-0.021;e4:-0.051;e5*:-0.036
1210,ai2_arc,B,4,8,2,5,0.51,ADMIT,0.384,,0.0,,e6:-0.550;e7:-0.025;e8:-0.275;e11*:+0.000
1211,gsm8k,B,4,8,0,71,0.53,ADMIT,0.123,,0.058,,e54:-0.139;e55:-0.139;e57:-0.135;e58*:-0.139
1212,python_instructions,B,4,8,2,128,0.61,ADMIT,0.153,-0.009,0.316,,e12:-0.003;e13:+0.006;e14:-0.002;e15*:-0.007
1213,python_instructions,B,4,13,1,128,0.72,ADMIT,0.15,-0.003,1.008,,e12:+0.052;e13:+0.009;e8:+0.011;e11*:+0.039
1214,python_instructions,A,4,5,1,56,0.7,ADMIT,0.123,,0.82,,e14:+0.016;e15:+0.045;e16:+0.016;e17*:+0.003
1215,metamath,A,4,10,3,128,0.62,ADMIT,0.371,,0.093,,e84:-0.018;e86:-0.091;e87:-0.028;e89*:-0.057
1216,github_code,A,4,8,1,119,0.72,ADMIT,0.021,-0.007,0.68,,e18:-0.011;e19:-0.008;e21:-0.027;e22*:-0.013
1217,gsm8k,B,4,6,3,46,0.6,ADMIT,0.496,-0.0,0.816,,e90:-0.103;e91:-0.020;e95:-0.038;e97*:-0.103
1218,ultrachat,B,4,28,2,127,0.54,HELDOUT,,,,,e16:-0.006;e17:-0.012;e18:-0.015;e19*:-0.032
1219,slimorca,A,4,23,2,7,0.56,ADMIT,0.284,0.001,0.0,,e21:-0.518;e22:-0.143;e23:-0.188;e24*:-0.054
1220,ultrachat,A,2,50,3,128,0.56,ADMIT,0.294,,1.594,,e98:-0.011;e36*:-0.017
1221,ai2_arc,B,4,8,2,4,0.49,ADMIT,0.391,-0.018,0.0,,e30:-0.547;e31:-0.531;e33:-0.625;e35*:-0.469
1222,ai2_arc,B,4,9,2,5,0.52,HELDOUT,,,,,e37:+0.000;e38:+0.000;e39:+0.000;e41*:+0.000
1223,ai2_arc,B,4,9,2,2,0.5,REFUSE,,,0.0,,e42:+0.000;e43:+0.000;e45:-0.062;e46*:-0.562
1224,python_instructions,A,4,6,1,107,0.66,HELDOUT,,,,,e24:+0.001;e28:-0.013;e30:-0.003;e31*:-0.009
1225,camel_science,B,4,4,2,1,0.49,HELDOUT,,,,,e47:+2.188;e48:+2.188;e50:+2.188;e51*:+2.188
1226,github_code,B,4,5,1,55,0.5,HELDOUT,,,,,e33:+0.030;e35:+0.015;e37:-0.012;e38*:+0.059
1227,github_code,B,4,6,1,37,0.54,HELDOUT,,,,,e39:-0.003;e41:+0.017;e42:-0.056;e43*:-0.019
1228,slimorca,B,4,18,2,30,0.53,ADMIT,0.226,,1.047,,e55:-0.098;e57:-0.160;e58:-0.160;e61*:-0.160
1229,ai2_arc,B,4,5,2,1,0.5,REFUSE,,,0.75,,e63:-1.000;e66:-1.125;e69:-0.750;e70*:+0.375
1230,ultrachat,B,3,42,2,52,0.49,ADMIT,0.1,0.006,0.136,,e72:-0.099;e73:-0.055;e74*:-0.067
1231,camel_science,A,4,6,2,2,0.49,REFUSE,,,0.0,,e75:-2.594;e76:-0.188;e78:-0.812;e79*:-0.188
1232,gsm8k,B,4,8,3,58,0.62,ADMIT,0.129,0.001,0.157,,e59:-0.064;e62:-0.205;e65:-0.036;e67*:-0.080
1233,camel_science,B,4,4,2,3,0.49,REFUSE,,,0.5,,e80:+0.500;e81:-1.625;e84:-1.625;e86*:-1.625
1234,ai2_arc,B,4,12,2,15,0.49,ADMIT,0.146,,0.0,,e87:+0.000;e89:+0.000;e90:+0.000;e91*:-0.042
1235,github_code,A,4,5,1,128,0.57,ADMIT,0.261,,0.116,,e45:-0.001;e46:-0.001;e47:-0.001;e48*:-0.028
1236,gsm8k,B,4,11,3,128,0.62,HELDOUT,,,,,e68:+0.001;e82:-0.015;e92:-0.007;e96*:-0.002
1237,camel_science,B,4,5,2,3,0.49,REFUSE,,,0.0,,e93:-0.042;e95:-1.000;e97:-0.042;e98*:-0.042
1238,ultrachat,A,2,44,2,128,0.5,ADMIT,0.32,,1.25,,e7:-0.040;e9*:-0.041
1239,ai2_arc,B,4,7,2,2,0.49,REFUSE,,,0.0,,e10:+0.000;e20:+0.000;e25:-2.312;e34*:+0.000
1240,gsm8k,A,4,7,3,82,0.57,HELDOUT,,,,,e1:-0.011;e2:-0.031;e3:+0.008;e4*:-0.026
1241,github_code,B,4,8,1,66,0.7,ADMIT,0.074,0.005,1.32,,e50:-0.093;e51:-0.111;e55:-0.125;e57*:-0.065
1242,slimorca,B,4,14,2,100,0.5,ADMIT,0.153,0.004,0.746,,e74:-0.091;e85:-0.091;e94:-0.091;e1*:-0.089
1243,gsm8k,B,4,9,0,128,0.52,ADMIT,0.711,-0.005,0.494,,e66:-0.074;e69:-0.093;e70:-0.093;e72*:-0.093
1244,ultrachat,B,2,67,2,128,0.5,ADMIT,0.014,,0.539,,e2:-0.049;e3*:-0.027
1245,slimorca,B,4,15,2,128,0.57,HELDOUT,,,,,e4:-0.053;e5:-0.038;e6:-0.021;e8*:+0.029
1246,python_instructions,B,4,7,1,128,0.7,ADMIT,0.116,,0.539,,e58:+0.000;e61:+0.012;e63:-0.024;e66*:-0.001
1247,slimorca,B,4,12,2,128,0.48,ADMIT,0.184,,1.156,,e11:-0.051;e12:-0.051;e13:-0.051;e14*:-0.056
1248,slimorca,B,4,15,2,3,0.46,REFUSE,,,3.219,,e15:+0.812;e16:+1.521;e17:+0.979;e18*:+1.521
1249,metamath,A,4,9,2,128,0.51,HELDOUT,,,,,e19:-0.058;e21:-0.041;e22:-0.041;e23*:-0.041
1250,github_code,B,4,7,1,41,0.79,HELDOUT,,,,,e69:-0.014;e70:-0.012;e72:-0.005;e73*:-0.037
1251,ultrachat,A,2,61,3,128,0.52,ADMIT,0.838,0.022,1.703,,e5:-0.039;e6*:+0.067
1252,python_instructions,A,4,6,1,44,0.81,ADMIT,0.306,-0.008,0.723,,e75:-0.027;e76:-0.043;e78:-0.050;e79*:-0.050
1253,slimorca,B,4,10,1,128,0.66,ADMIT,0.52,0.008,0.809,,e80:-0.061;e81:-0.053;e84:-0.041;e86*:-0.042
1254,gsm8k,B,4,10,3,113,0.51,ADMIT,0.311,,0.398,,e8:-0.017;e11:-0.018;e12:-0.017;e13*:-0.017
1255,gsm8k,A,4,17,0,128,0.53,ADMIT,0.549,-0.009,0.246,,e73:-0.021;e75:-0.030;e76:-0.028;e78*:-0.021
1256,github_code,B,4,4,1,31,0.76,HELDOUT,,,,,e87:-0.008;e88:-0.014;e89:-0.014;e90*:-0.018
1257,metamath,B,4,12,1,128,0.66,HELDOUT,,,,,e91:-0.036;e93:-0.023;e95:-0.076;e97*:-0.023
1258,github_code,B,4,6,1,125,0.72,HELDOUT,,,,,e98:-0.006;e0:-0.006;e27:-0.008;e29*:-0.004
1259,metamath,B,4,7,1,128,0.67,ADMIT,0.481,0.002,0.235,,e79:-0.039;e80:-0.042;e81:-0.043;e84*:-0.029
1260,ultrachat,B,4,23,2,128,0.63,HELDOUT,,,,,e24:-0.028;e28:-0.019;e30:-0.012;e31*:-0.074
1261,metamath,A,4,10,3,128,0.48,ADMIT,0.713,0.005,0.027,,e14:-0.131;e15:-0.121;e16:-0.121;e17*:-0.121
1262,github_code,B,4,5,1,15,0.62,ADMIT,0.21,-0.008,0.41,,e32:+0.108;e40:+0.017;e44:+0.025;e54*:+0.058
1263,python_instructions,A,4,4,1,34,0.67,ADMIT,0.56,-0.0,0.434,,e71:-0.112;e99:-0.011;e1:-0.164;e2*:-0.037
1264,gsm8k,A,4,10,3,128,0.47,ADMIT,0.266,0.0,0.547,,e18:-0.039;e19:-0.043;e21:-0.025;e22*:+0.006
1265,github_code,B,4,5,1,9,0.69,HELDOUT,,,,,e3:-0.531;e4:-0.747;e5:-0.378;e6*:-0.451
1266,github_code,A,4,5,1,43,0.57,ADMIT,0.043,-0.001,0.652,,e8:-0.026;e11:-0.001;e12:-0.020;e13*:-0.029
1267,slimorca,B,4,29,3,36,0.49,ADMIT,0.047,-0.009,1.18,,e23:-0.088;e24:-0.053;e28:-0.049;e30*:-0.128
1268,slimorca,B,4,20,3,14,0.47,ADMIT,0.063,0.059,1.0,,e31:-0.464;e33:-0.304;e35:-0.196;e37*:-0.089
1269,slimorca,B,4,8,2,87,0.55,ADMIT,0.164,,1.391,,e33:-0.025;e35:-0.185;e37:-0.031;e38*:-0.185
1270,ai2_arc,B,4,12,2,9,0.6,ADMIT,0.279,,0.0,,e39:-0.014;e41:-0.014;e42:-0.125;e43*:+0.000
1271,slimorca,B,4,24,2,123,0.58,ADMIT,0.045,-0.011,0.132,,e45:-0.013;e46:-0.008;e47:-0.028;e48*:-0.051
1272,ultrachat,A,3,32,2,128,0.59,ADMIT,0.201,0.001,0.777,,e50:-0.015;e51:+0.020;e55*:-0.000
1273,gsm8k,B,4,8,3,127,0.45,ADMIT,0.55,0.003,0.43,,e38:-0.110;e39:-0.066;e41:-0.108;e42*:-0.088
1274,ai2_arc,B,4,9,2,9,0.6,HELDOUT,,,,,e57:-0.014;e58:+0.000;e61:+0.000;e63*:-0.014
1275,ultrachat,A,4,28,2,128,0.62,HELDOUT,,,,,e66:-0.100;e69:-0.077;e70:-0.037;e72*:+0.005
1276,metamath,A,4,6,1,64,0.56,ADMIT,0.229,-0.007,0.084,,e14:-0.033;e15:-0.117;e16:-0.117;e17*:-0.117
1277,camel_science,A,4,8,2,5,0.43,ADMIT,2.52,-0.146,1.703,,e73:-0.637;e74:-1.325;e75:-2.212;e76*:-2.212
1278,metamath,A,4,4,1,26,0.56,ADMIT,0.668,-0.009,0.135,,e18:-0.212;e19:-0.279;e21:-0.216;e22*:-0.231
1279,camel_science,B,4,4,2,1,0.43,HELDOUT,,,,,e78:-6.281;e79:-0.125;e80:-0.250;e81*:-7.156
1280,gsm8k,B,4,10,3,86,0.45,HELDOUT,,,,,e43:-0.003;e45:-0.052;e46:-0.003;e47*:-0.009
1281,ultrachat,B,3,42,2,128,0.48,HELDOUT,,,,,e81:-0.047;e84:-0.016;e86*:-0.042
1282,metamath,B,4,7,3,67,0.48,HELDOUT,,,,,e48:-0.078;e50:-0.109;e51:-0.111;e54*:-0.111
1283,ultrachat,B,2,45,2,128,0.42,HELDOUT,,,,,e87:-0.033;e89*:-0.029
1284,ultrachat,B,3,33,3,128,0.45,HELDOUT,,,,,e55:-0.037;e57:-0.120;e58*:-0.031
1285,python_instructions,A,4,4,1,50,0.48,ADMIT,0.176,,0.314,,e23:-0.006;e24:-0.001;e28:-0.016;e30*:+0.006
1286,gsm8k,B,4,8,0,80,0.53,ADMIT,0.127,-0.017,0.187,,e81:-0.077;e84:-0.132;e86:-0.132;e87*:-0.132
1287,ultrachat,A,2,47,3,128,0.34,ADMIT,0.145,0.0,1.844,,e61:+0.081;e63*:-0.001
1288,gsm8k,B,4,8,3,63,0.41,ADMIT,0.132,,0.348,,e66:-0.055;e69:-0.055;e70:-0.055;e72*:-0.055
1289,ai2_arc,B,4,9,2,5,0.26,ADMIT,0.132,0.006,0.0,,e90:+0.000;e91:+0.000;e95:-0.188;e97*:-0.013
1290,camel_science,B,4,4,2,2,0.27,REFUSE,,,1.688,,e98:+1.344;e7:-0.594;e9:-0.469;e10*:+1.344
1291,slimorca,B,4,8,2,62,0.4,HELDOUT,,,,,e20:+0.103;e25:+0.080;e71:-0.094;e85*:-0.084
1292,gsm8k,B,4,8,3,71,0.45,ADMIT,0.796,,0.668,,e73:+0.000;e74:-0.087;e75:-0.033;e76*:-0.008
1293,ai2_arc,B,4,9,2,10,0.17,ADMIT,0.047,,0.0,,e93:+0.000;e94:+0.000;e1:-0.087;e2*:-0.206
1294,metamath,B,4,7,1,128,0.38,ADMIT,0.449,-0.006,0.254,,e31:-0.098;e33:-0.001;e35:-0.015;e37*:-0.015
1295,camel_science,B,4,4,2,3,0.2,REFUSE,,,0.0,,e3:-0.542;e4:-1.729;e5:-1.729;e6*:-1.312
1296,python_instructions,B,4,5,1,128,0.53,ADMIT,0.472,,0.338,,e38:+0.008;e39:+0.000;e41:+0.003;e42*:+0.002
1297,metamath,B,4,12,3,128,0.35,ADMIT,0.041,-0.007,0.252,,e78:-0.063;e79:-0.083;e80:-0.086;e81*:-0.063
1298,github_code,B,4,8,1,51,0.53,ADMIT,0.221,0.003,0.428,,e43:-0.025;e45:-0.070;e46:-0.047;e47*:-0.076
1299,python_instructions,B,4,8,1,128,0.49,ADMIT,0.499,,0.871,,e48:+0.008;e50:-0.001;e51:+0.012;e54*:-0.001
1300,github_code,B,4,4,1,68,0.5,HELDOUT,,,,,e55:-0.153;e57:-0.061;e58:-0.028;e61*:-0.081
1301,python_instructions,B,4,8,1,57,0.5,ADMIT,0.299,0.006,0.249,,e66:+0.001;e69:+0.013;e70:+0.023;e72*:+0.024
1302,ultrachat,B,2,48,2,128,0.21,ADMIT,0.017,,1.305,,e8:-0.083;e11*:-0.071
1303,ai2_arc,B,4,6,2,2,0.19,REFUSE,,,0.0,,e12:-0.062;e13:+0.000;e14:-0.062;e15*:-0.062
1304,camel_science,A,4,4,2,2,0.16,REFUSE,,,0.812,,e16:-1.000;e17:-1.406;e18:+0.281;e19*:-1.219
1305,metamath,B,4,10,0,128,0.49,ADMIT,0.091,0.019,0.218,,e89:-0.136;e90:-0.114;e91:-0.071;e95*:-0.052
1306,python_instructions,B,4,6,1,60,0.44,ADMIT,0.038,0.004,0.422,,e73:-0.001;e74:+0.040;e75:+0.014;e76*:+0.000
1307,slimorca,B,4,21,2,91,0.25,ADMIT,0.053,-0.008,1.156,,e21:+0.001;e22:-0.019;e23:-0.058;e24*:-0.050
1308,ultrachat,B,4,30,2,128,0.26,ADMIT,0.104,0.008,0.82,,e28:-0.058;e30:-0.054;e31:-0.017;e33*:-0.062
1309,ultrachat,A,2,58,2,128,0.26,HELDOUT,,,,,e35:-0.033;e37*:-0.023
1310,python_instructions,B,4,6,1,33,0.46,ADMIT,0.156,,0.129,,e78:-0.008;e79:-0.008;e80:+0.000;e81*:+0.000
1311,camel_science,B,4,5,2,1,0.24,REFUSE,,,0.0,,e38:-1.938;e39:-2.875;e41:-2.812;e42*:-2.875
1312,ultrachat,B,4,28,2,54,0.29,ADMIT,0.024,,0.84,,e43:-0.068;e45:-0.072;e46:-0.122;e47*:-0.064
1313,github_code,B,4,4,2,68,0.34,ADMIT,0.119,,0.441,,e48:+0.001;e50:-0.017;e51:+0.003;e54*:-0.017
1314,ultrachat,B,2,50,2,128,0.29,ADMIT,0.332,,1.047,,e55:-0.099;e57*:+0.001
1315,gsm8k,B,4,10,0,128,0.55,ADMIT,0.042,-0.002,0.314,,e97:-0.079;e98:-0.031;e49:-0.031;e52*:-0.030
1316,python_instructions,B,4,12,1,65,0.46,HELDOUT,,,,,e84:-0.060;e86:-0.007;e87:-0.018;e88*:-0.038
1317,python_instructions,B,4,12,1,128,0.56,HELDOUT,,,,,e89:+0.001;e90:-0.007;e91:-0.028;e95*:-0.013
1318,ai2_arc,B,4,11,2,8,0.19,ADMIT,0.379,-0.019,0.0,,e58:+0.000;e61:-0.125;e66:-0.109;e69*:-0.109
1319,gsm8k,B,4,10,0,128,0.53,HELDOUT,,,,,e53:-0.059;e56:-0.106;e60:-0.096;e63*:-0.049
1320,ultrachat,B,3,44,2,128,0.22,ADMIT,0.029,0.004,0.676,,e70:-0.090;e72:-0.054;e73*:-0.032
1321,metamath,A,4,10,3,128,0.41,HELDOUT,,,,,e86:-0.103;e87:-0.073;e88:-0.090;e89*:-0.052
1322,github_code,B,4,5,1,98,0.52,HELDOUT,,,,,e97:+0.024;e98:-0.008;e0:-0.010;e27*:+0.003
1323,github_code,B,4,4,1,56,0.38,HELDOUT,,,,,e29:-0.059;e32:-0.059;e36:-0.059;e40*:-0.059
1324,camel_science,B,4,4,2,2,0.27,REFUSE,,,6.5,,e74:+3.719;e75:+3.719;e76:+2.719;e78*:+3.719
1325,camel_science,B,4,5,2,1,0.31,REFUSE,,,1.25,,e79:+0.625;e80:+0.625;e81:+0.625;e84*:+0.625
1326,ultrachat,A,2,52,2,128,0.39,ADMIT,0.007,,1.867,,e86:+0.009;e87*:+0.013
1327,python_instructions,B,4,8,1,30,0.47,ADMIT,0.174,-0.063,0.017,,e44:-0.021;e65:-0.029;e99:-0.025;e1*:-0.042
1328,ultrachat,B,2,67,3,128,0.46,ADMIT,0.085,,0.996,,e90:-0.010;e91*:-0.036
1329,ai2_arc,B,4,11,2,10,0.27,ADMIT,0.028,-0.002,0.013,,e90:+0.000;e91:-0.025;e88:-0.194;e89*:+0.013
1330,slimorca,B,4,8,2,128,0.39,HELDOUT,,,,,e95:-0.076;e97:-0.124;e98:-0.135;e7*:-0.116
1331,ai2_arc,B,4,8,2,5,0.33,ADMIT,2.706,-0.002,0.0,,e9:-0.025;e10:-0.438;e20:-1.775;e25*:-1.775
1332,slimorca,B,4,30,3,11,0.46,HELDOUT,,,,,e95:-0.636;e97:-0.284;e98:+0.199;e26*:-0.108
1333,metamath,B,4,6,1,128,0.46,ADMIT,0.53,,0.243,,e2:-0.018;e3:-0.053;e4:-0.041;e5*:-0.054
1334,python_instructions,A,4,4,1,30,0.46,ADMIT,0.335,0.003,0.668,,e6:+0.033;e8:+0.038;e11:+0.025;e12*:+0.033
1335,gsm8k,B,4,7,3,117,0.49,HELDOUT,,,,,e34:+0.032;e59:-0.009;e62:+0.060;e67*:+0.017
1336,gsm8k,B,4,10,3,128,0.45,ADMIT,0.476,0.003,0.316,,e68:-0.042;e82:-0.050;e92:-0.051;e96*:-0.072
1337,python_instructions,B,4,6,1,128,0.53,ADMIT,0.093,,0.469,,e13:-0.008;e14:-0.001;e15:-0.003;e16*:-0.005
1338,metamath,A,4,7,3,128,0.47,ADMIT,0.106,-0.0,0.099,,e1:-0.009;e2:-0.048;e3:-0.042;e4*:-0.053
1339,camel_science,B,4,5,2,4,0.33,HELDOUT,,,,,e71:-0.250;e85:-1.672;e93:+0.000;e94*:-0.406
1340,slimorca,A,4,8,2,54,0.43,ADMIT,0.185,,1.32,,e1:-0.051;e2:-0.059;e3:-0.028;e4*:-0.053
1341,ultrachat,B,3,35,2,128,0.39,HELDOUT,,,,,e5:-0.007;e6:-0.012;e8*:-0.025
1342,python_instructions,A,4,4,1,37,0.57,ADMIT,0.259,,0.504,,e16:-0.020;e17:-0.014;e18:-0.042;e19*:-0.008
1343,python_instructions,A,4,3,1,77,0.57,ADMIT,0.217,,0.279,,e20:+0.011;e21:+0.004;e22:+0.005;e23*:+0.011
1344,ultrachat,B,3,39,2,128,0.22,ADMIT,0.369,0.014,0.824,,e10:-0.040;e11:-0.001;e12*:-0.002
1345,ai2_arc,B,4,10,2,4,0.19,HELDOUT,,,,,e13:-0.031;e14:-0.922;e15:+0.031;e16*:-0.031
1346,gsm8k,B,4,9,3,128,0.42,ADMIT,0.134,-0.002,0.311,,e5:-0.018;e6:-0.076;e8:-0.003;e10*:-0.007
1347,gsm8k,A,4,8,3,86,0.45,ADMIT,0.286,,0.641,,e11:-0.028;e12:-0.007;e13:-0.047;e14*:-0.012
1348,slimorca,B,4,27,2,128,0.34,HELDOUT,,,,,e17:-0.101;e18:-0.118;e19:-0.072;e20*:-0.026
1349,github_code,A,4,5,1,9,0.58,ADMIT,0.107,-0.007,0.418,,e24:-0.097;e25:-0.076;e30:+0.014;e31*:-0.146
1350,gsm8k,B,4,7,3,128,0.41,ADMIT,0.165,,0.154,,e15:-0.010;e16:-0.008;e17:-0.010;e18*:-0.008
1351,metamath,A,4,7,3,82,0.48,HELDOUT,,,,,e19:-0.038;e20:-0.038;e21:-0.038;e22*:-0.169
1352,gsm8k,B,4,12,0,128,0.48,ADMIT,0.709,-0.006,0.398,,e64:-0.017;e77:-0.080;e83:-0.040;e1*:-0.020
1353,python_instructions,B,4,9,1,52,0.65,ADMIT,0.135,0.007,0.531,,e33:-0.030;e35:-0.023;e37:-0.029;e38*:-0.024
1354,ai2_arc,B,4,9,2,8,0.39,ADMIT,0.219,,1.141,,e21:+0.625;e22:+0.672;e23:+0.500;e24*:+0.891
1355,python_instructions,B,4,6,1,72,0.65,ADMIT,0.095,,0.095,,e39:+0.010;e41:+0.009;e42:+0.005;e43*:+0.016
1356,github_code,A,4,3,1,63,0.55,HELDOUT,,,,,e45:-0.092;e46:-0.109;e47:-0.028;e48*:-0.109
1357,github_code,B,4,5,1,99,0.47,ADMIT,0.082,0.024,0.547,,e50:-0.079;e51:-0.092;e54:-0.022;e55*:+0.003
1358,camel_science,B,4,6,2,2,0.41,REFUSE,,,0.25,,e25:-0.531;e30:-1.500;e31:-1.500;e33*:-1.500
1359,slimorca,B,4,19,2,2,0.4,REFUSE,,,0.812,,e35:-0.375;e37:-0.781;e38:-0.594;e39*:-1.656
1360,camel_science,A,4,4,2,4,0.4,ADMIT,0.815,0.17,0.094,,e42:-0.109;e43:-0.844;e45:-1.656;e46*:-0.844
1361,metamath,B,4,8,1,128,0.49,HELDOUT,,,,,e58:-0.031;e61:-0.037;e66:-0.018;e69*:-0.037
1362,ultrachat,B,2,61,3,128,0.55,ADMIT,0.437,0.035,1.602,,e25:-0.103;e28*:-0.005
1363,ai2_arc,B,4,10,2,12,0.59,ADMIT,0.115,0.004,0.0,,e47:-0.068;e48:-0.094;e50:-0.036;e51*:-0.010
1364,camel_science,B,4,6,2,2,0.59,REFUSE,,,0.062,,e54:-0.219;e55:-0.219;e57:-0.219;e58*:-0.219
1365,ultrachat,A,2,57,3,128,0.55,ADMIT,0.003,,2.0,,e30:+0.026;e31*:+0.025
1366,github_code,B,4,5,1,128,0.62,ADMIT,0.401,,0.093,,e70:-0.001;e73:-0.003;e74:+0.003;e75*:+0.005
1367,gsm8k,B,4,8,0,128,0.46,HELDOUT,,,,,e2:-0.042;e3:-0.021;e4:-0.042;e5*:+0.011
1368,metamath,B,4,14,3,128,0.51,ADMIT,0.559,,0.303,,e33:-0.067;e35:-0.083;e37:-0.064;e38*:-0.049
1369,camel_science,B,4,5,2,2,0.62,REFUSE,,,0.062,,e61:-2.812;e66:-2.938;e69:-2.938;e70*:-2.938
1370,ai2_arc,B,4,10,2,8,0.57,ADMIT,0.135,0.055,0.906,,e73:-0.172;e74:-0.234;e75:-0.125;e76*:+0.820
1371,gsm8k,B,4,7,0,83,0.46,ADMIT,0.363,,0.396,,e6:-0.055;e8:-0.051;e10:-0.053;e11*:-0.056
1372,gsm8k,B,4,9,0,85,0.45,ADMIT,0.144,,0.157,,e12:-0.027;e13:-0.027;e14:-0.082;e15*:-0.105
1373,ultrachat,B,2,57,2,128,0.57,ADMIT,0.077,-0.007,1.305,,e78:-0.014;e79*:-0.023
1374,ultrachat,B,2,46,2,128,0.58,ADMIT,0.036,0.004,0.891,,e80:-0.028;e81*:+0.010
1375,python_instructions,B,4,6,1,84,0.79,ADMIT,0.87,,0.422,,e78:-0.027;e79:-0.048;e80:-0.021;e76*:-0.013
1376,ultrachat,B,2,48,2,103,0.61,HELDOUT,,,,,e84:-0.030;e86*:-0.028
1377,slimorca,B,4,12,2,128,0.47,ADMIT,0.516,,0.898,,e87:-0.003;e88:-0.083;e89:-0.028;e90*:-0.083
1378,metamath,B,4,14,3,128,0.5,ADMIT,0.193,-0.002,0.121,,e39:-0.062;e41:-0.082;e42:-0.037;e43*:-0.011
1379,slimorca,B,4,14,2,128,0.49,ADMIT,0.065,0.007,0.906,,e91:-0.066;e95:-0.112;e97:-0.057;e98*:-0.049
1380,slimorca,B,4,31,2,29,0.48,ADMIT,0.188,,0.004,,e7:-0.166;e9:-0.166;e24:-0.166;e28*:-0.205
1381,ai2_arc,B,4,7,2,2,0.48,REFUSE,,,0.0,,e71:-1.312;e85:-1.375;e87:+0.000;e93*:-0.969
1382,python_instructions,B,4,5,1,55,0.69,ADMIT,0.112,,0.5,,e80:-0.017;e81:-0.017;e84:-0.006;e86*:-0.006
1383,metamath,B,4,8,3,81,0.55,HELDOUT,,,,,e45:-0.005;e46:-0.022;e47:-0.071;e48*:-0.040
1384,camel_science,B,4,5,2,2,0.49,REFUSE,,,0.0,,e94:-0.062;e1:+0.000;e2:-2.031;e3*:-2.031
1385,camel_science,B,4,4,2,2,0.53,HELDOUT,,,,,e4:-2.750;e5:-1.125;e6:-1.031;e8*:-1.125
1386,python_instructions,B,4,6,1,45,0.81,HELDOUT,,,,,e88:-0.007;e89:+0.001;e90:+0.000;e91*:-0.006
1387,ultrachat,B,4,31,2,128,0.52,HELDOUT,,,,,e10:-0.013;e11:-0.015;e12:-0.019;e13*:-0.070
1388,metamath,B,4,10,3,110,0.53,ADMIT,0.069,,0.328,,e50:-0.054;e51:-0.038;e54:-0.053;e55*:-0.071
1389,gsm8k,B,4,9,3,62,0.5,ADMIT,0.269,0.005,0.191,,e57:-0.241;e58:-0.209;e61:-0.213;e66*:-0.241
1390,github_code,B,4,4,1,27,0.65,HELDOUT,,,,,e95:-0.019;e97:+0.028;e98:+0.025;e0*:-0.007
1391,camel_science,B,4,4,2,1,0.24,REFUSE,,,0.0,,e14:-0.188;e15:-0.125;e16:-0.250;e17*:-0.250
1392,github_code,B,4,4,1,48,0.74,ADMIT,0.206,-0.001,1.0,,e27:+0.013;e29:-0.025;e32:-0.012;e36*:+0.016
1393,camel_science,B,4,4,2,2,0.24,HELDOUT,,,,,e18:+0.062;e19:-2.125;e20:-0.812;e21*:-2.188
1394,metamath,B,4,8,1,128,0.53,ADMIT,0.413,0.012,0.221,,e40:-0.034;e44:-0.033;e65:-0.037;e99*:+0.011
1395,ultrachat,B,2,57,2,128,0.42,ADMIT,0.044,0.002,1.375,,e22:-0.083;e23*:-0.049
1396,gsm8k,B,4,11,3,128,0.42,ADMIT,0.207,,0.672,,e69:-0.027;e70:-0.040;e72:-0.001;e73*:-0.001
1397,metamath,B,4,9,3,128,0.53,ADMIT,0.22,-0.002,0.27,,e74:-0.058;e75:-0.052;e76:-0.008;e78*:-0.073
1398,python_instructions,A,4,7,1,77,0.77,ADMIT,0.148,,0.354,,e1:-0.003;e2:+0.007;e3:+0.002;e4*:-0.002
1399,metamath,B,4,6,1,128,0.73,ADMIT,0.34,-0.005,0.088,,e5:-0.006;e6:-0.042;e8:-0.039;e10*:-0.004
1400,ai2_arc,B,4,4,2,11,0.25,HELDOUT,,,,,e28:-0.057;e30:-0.028;e31:+0.000;e33*:-0.028
1401,gsm8k,B,4,3,3,87,0.54,ADMIT,0.826,0.01,0.295,,e80:-0.024;e81:-0.035;e84:-0.088;e86*:-0.158
1402,gsm8k,B,4,3,3,128,0.55,HELDOUT,,,,,e87:-0.091;e88:-0.103;e89:-0.035;e90*:-0.062
1403,camel_science,B,4,1,2,2,0.29,REFUSE,,,0.0,,e35:-3.891;e37:-0.188;e38:-0.188;e39*:-0.188
1404,github_code,B,4,1,1,37,0.7,ADMIT,0.042,,0.758,,e11:-0.025;e12:-0.002;e13:-0.020;e14*:-0.019
1405,camel_science,B,4,1,2,1,0.39,REFUSE,,,0.125,,e41:-2.875;e42:-0.250;e43:-2.500;e45*:-4.688
1406,slimorca,B,4,12,2,128,0.51,ADMIT,0.075,0.008,0.373,,e46:-0.026;e47:-0.030;e48:-0.010;e50*:+0.016
1407,ai2_arc,B,4,2,2,3,0.33,HELDOUT,,,,,e51:-0.729;e54:-0.729;e55:-0.333;e57*:-0.333
1408,camel_science,B,4,1,2,3,0.32,HELDOUT,,,,,e58:+0.000;e61:+0.000;e66:-0.167;e69*:-0.167
1409,ai2_arc,B,4,3,2,7,0.4,ADMIT,1.829,0.023,1.547,,e70:+1.357;e73:+0.875;e74:+1.152;e75*:+1.223
1410,slimorca,B,4,2,2,65,0.51,ADMIT,0.105,0.025,1.883,,e76:-0.098;e78:+0.060;e79:+0.085;e80*:-0.107
1411,metamath,B,4,4,3,109,0.48,ADMIT,0.168,0.0,0.05,,e91:-0.043;e95:-0.051;e97:-0.020;e98*:-0.020
1412,python_instructions,A,4,1,1,23,0.67,HELDOUT,,,,,e15:-0.016;e16:-0.041;e17:-0.011;e18*:-0.005
1413,gsm8k,B,4,3,2,80,0.43,HELDOUT,,,,,e81:-0.050;e84:-0.112;e86:-0.095;e87*:-0.244
1414,gsm8k,B,4,2,3,66,0.53,ADMIT,0.162,-0.002,0.352,,e10:+0.019;e34:+0.006;e59:-0.043;e62*:+0.012
1415,python_instructions,B,4,2,1,51,0.63,ADMIT,0.023,-0.005,0.408,,e19:-0.005;e20:-0.020;e21:+0.002;e22*:+0.002
1416,camel_science,B,4,1,2,2,0.38,HELDOUT,,,,,e88:-0.062;e89:+0.000;e90:-0.062;e91*:+0.000
1417,ai2_arc,B,4,4,2,9,0.38,ADMIT,0.032,-0.168,0.056,,e95:-0.014;e97:-0.285;e98:-0.194;e9*:-0.222
1418,github_code,B,4,1,1,68,0.79,ADMIT,0.171,,0.781,,e25:+0.009;e28:-0.033;e30:-0.011;e31*:-0.039
1419,camel_science,B,4,1,2,2,0.38,HELDOUT,,,,,e23:-0.062;e24:-0.062;e63:-0.125;e71*:-0.062
1420,ai2_arc,B,4,2,2,3,0.42,HELDOUT,,,,,e72:+0.000;e85:-1.062;e93:-0.417;e94*:-0.250
1421,python_instructions,B,4,2,1,128,0.85,ADMIT,0.369,,0.48,,e31:-0.004;e33:-0.005;e35:+0.004;e37*:-0.005
1422,slimorca,B,4,3,2,59,0.55,ADMIT,0.153,-0.001,0.812,,e1:-0.150;e2:-0.210;e3:-0.109;e4*:-0.113
1423,ai2_arc,B,4,3,2,2,0.38,REFUSE,,,0.0,,e5:-0.281;e6:-1.094;e7:-0.188;e8*:-0.844
1424,camel_science,B,4,1,2,1,0.45,REFUSE,,,0.0,,e9:-0.125;e11:-9.000;e12:-0.125;e13*:-0.938
1425,camel_science,B,4,1,2,2,0.43,REFUSE,,,0.0,,e14:-0.250;e15:+0.000;e16:-1.031;e17*:+0.000
1426,python_instructions,B,4,1,1,128,0.72,ADMIT,0.038,,0.49,,e38:+0.003;e39:-0.002;e41:+0.004;e42*:+0.003
1427,github_code,B,4,1,1,11,0.73,ADMIT,0.185,-0.099,1.18,,e43:+0.034;e45:-0.188;e46:+0.034;e47*:-0.318
1428,slimorca,A,4,3,2,128,0.53,ADMIT,0.055,,1.594,,e18:-0.006;e19:-0.065;e20:-0.005;e21*:+0.008
1429,github_code,B,4,3,1,75,0.85,HELDOUT,,,,,e48:-0.011;e50:+0.029;e51:-0.009;e54*:-0.009
1430,metamath,B,4,3,1,128,0.71,ADMIT,0.2,,0.162,,e55:-0.031;e57:-0.055;e58:-0.038;e61*:-0.031
1431,ultrachat,B,3,21,2,128,0.41,ADMIT,0.17,0.001,1.367,,e22:-0.035;e25:-0.019;e28*:-0.020
1432,camel_science,B,4,1,2,2,0.35,REFUSE,,,4.406,,e30:-0.125;e31:+0.344;e33:+1.156;e35*:+1.188
1433,ai2_arc,B,4,3,2,3,0.37,REFUSE,,,0.0,,e37:+0.000;e38:-0.646;e39:-0.438;e41*:+0.000
1434,ai2_arc,B,4,4,2,12,0.4,HELDOUT,,,,,e42:-0.104;e43:-0.099;e45:+0.000;e46*:-0.047
1435,metamath,B,4,4,0,127,0.49,ADMIT,0.09,-0.001,0.129,,e15:-0.096;e16:-0.084;e17:-0.080;e18*:-0.102
1436,python_instructions,B,4,1,1,59,0.77,HELDOUT,,,,,e66:+0.034;e69:-0.055;e73:-0.018;e74*:-0.023
1437,metamath,B,4,4,0,101,0.51,ADMIT,0.14,0.002,0.186,,e19:-0.110;e20:-0.119;e21:-0.110;e22*:-0.110
1438,slimorca,B,4,10,1,128,0.57,ADMIT,0.29,0.003,0.664,,e75:-0.021;e76:-0.028;e78:+0.000;e79*:-0.009
1439,slimorca,B,4,7,2,15,0.46,ADMIT,0.339,-0.001,0.309,,e47:-0.175;e48:-0.208;e50:-0.483;e51*:-0.263
1440,gsm8k,B,4,4,3,116,0.5,ADMIT,0.445,-0.001,0.241,,e67:-0.038;e68:-0.027;e82:-0.036;e92*:-0.011
1441,github_code,B,4,1,1,30,0.66,ADMIT,0.215,-0.004,0.297,,e80:+0.053;e81:+0.026;e84:+0.026;e86*:+0.035
1442,python_instructions,B,4,2,1,93,0.63,ADMIT,0.022,0.005,0.527,,e87:-0.005;e88:-0.007;e89:-0.029;e90*:+0.007
1443,metamath,B,4,4,0,128,0.48,ADMIT,0.365,0.0,0.062,,e25:-0.119;e28:-0.076;e30:-0.046;e31*:-0.046
1444,ai2_arc,B,4,3,2,8,0.41,ADMIT,0.202,0.017,0.0,,e54:-0.070;e55:-0.031;e57:+0.000;e58*:-0.016
1445,github_code,B,4,1,2,73,0.51,ADMIT,0.293,-0.0,1.258,,e61:-0.084;e66:-0.104;e69:-0.102;e73*:-0.086
1446,camel_science,B,4,1,2,4,0.41,ADMIT,0.174,,0.438,,e74:-0.125;e75:-0.219;e76:-0.656;e78*:-0.656
1447,camel_science,B,4,1,2,3,0.39,HELDOUT,,,,,e79:+0.750;e80:+0.750;e81:+0.750;e84*:+0.750
1448,gsm8k,B,4,3,2,126,0.48,ADMIT,0.31,,0.523,,e86:+0.006;e87:-0.084;e88:-0.084;e89*:-0.082
1449,ai2_arc,B,4,2,2,4,0.39,ADMIT,0.248,,0.0,,e90:-0.250;e91:-0.203;e95:-0.406;e97*:-0.703
1450,github_code,B,4,1,1,89,0.52,HELDOUT,,,,,e91:-0.012;e95:-0.015;e97:-0.006;e98*:-0.053
1451,camel_science,B,4,1,2,3,0.41,REFUSE,,,2.969,,e98:-0.417;e23:-2.875;e24:-2.021;e63*:-0.417
1452,camel_science,B,4,1,2,2,0.41,REFUSE,,,0.125,,e70:-0.281;e71:-3.031;e72:-0.125;e85*:-1.688
1453,metamath,B,4,3,3,126,0.5,ADMIT,0.17,,0.149,,e96:-0.078;e1:-0.038;e2:-0.092;e3*:-0.014
1454,ultrachat,B,2,34,2,128,0.44,HELDOUT,,,,,e93:-0.079;e94*:-0.047
1455,github_code,B,4,2,1,125,0.6,ADMIT,0.05,,0.504,,e0:+0.004;e27:+0.014;e29:+0.018;e32*:+0.005
1456,gsm8k,B,4,3,3,63,0.55,ADMIT,0.235,,0.436,,e4:+0.020;e5:+0.014;e6:+0.014;e7*:+0.020
1457,metamath,B,4,4,3,65,0.55,ADMIT,0.387,,0.428,,e8:-0.083;e9:-0.059;e11:-0.042;e12*:-0.092
1458,gsm8k,B,4,4,3,128,0.55,HELDOUT,,,,,e13:-0.052;e14:-0.039;e15:-0.029;e16*:-0.029
1459,python_instructions,B,4,2,1,73,0.66,ADMIT,0.236,-0.009,0.428,,e36:-0.018;e40:+0.004;e44:-0.006;e65*:-0.015
1460,python_instructions,B,4,1,1,23,0.61,ADMIT,0.21,-0.003,0.629,,e99:+0.035;e1:-0.043;e2:+0.076;e3*:+0.076
1461,ultrachat,B,2,33,3,128,0.55,ADMIT,0.241,,1.094,,e17:-0.055;e18*:-0.048
1462,python_instructions,B,4,3,1,128,0.66,ADMIT,0.183,-0.016,0.467,,e4:+0.018;e5:-0.014;e6:-0.026;e7*:-0.026
1463,metamath,B,4,2,2,128,0.59,HELDOUT,,,,,e4:+0.001;e1:+0.001;e2:+0.001;e3*:+0.001
1464,metamath,A,4,3,1,92,0.68,ADMIT,0.196,,0.167,,e8:-0.045;e9:-0.122;e11:-0.062;e12*:-0.049
1465,ai2_arc,B,4,3,2,9,0.62,ADMIT,0.063,-0.002,0.0,,e8:-0.153;e5:-0.181;e6:-0.042;e7*:-0.042
1466,github_code,B,4,3,1,39,0.72,ADMIT,0.356,,0.334,,e13:-0.006;e14:-0.003;e15:+0.018;e16*:-0.111
1467,camel_science,A,4,1,2,1,0.64,REFUSE,,,8.375,,e13:+3.625;e9:+4.438;e11:+4.438;e12*:+4.438
1468,ai2_arc,B,4,2,2,5,0.65,ADMIT,0.168,,0.0,,e14:+0.000;e15:-0.138;e16:-0.688;e17*:-0.375
1469,metamath,B,4,5,3,128,0.6,ADMIT,0.176,0.005,0.309,,e19:-0.089;e20:-0.045;e21:-0.053;e22*:-0.052
1470,camel_science,A,4,1,2,3,0.64,REFUSE,,,0.898,,e19:-1.312;e20:-1.312;e21:-2.250;e18*:-0.917
1471,ultrachat,B,4,12,2,83,0.58,ADMIT,0.15,,0.938,,e22:-0.052;e25:-0.031;e28:-0.024;e30*:-0.056
1472,ai2_arc,B,4,4,2,7,0.64,ADMIT,0.34,-0.141,0.0,,e31:+0.000;e33:+0.000;e35:-0.089;e37*:-0.018
1473,gsm8k,B,4,2,0,120,0.53,ADMIT,0.338,,0.809,,e33:-0.007;e35:-0.046;e37:-0.035;e38*:-0.044
1474,github_code,B,4,3,1,69,0.72,HELDOUT,,,,,e17:+0.005;e18:+0.008;e19:-0.032;e20*:-0.010
1475,gsm8k,B,4,3,3,43,0.58,ADMIT,0.081,0.001,0.695,,e25:-0.113;e28:-0.071;e30:-0.163;e31*:-0.163
1476,metamath,B,4,3,1,128,0.67,HELDOUT,,,,,e25:-0.116;e28:-0.108;e21:-0.164;e22*:-0.148
1477,camel_science,B,4,1,2,3,0.69,REFUSE,,,2.219,,e38:-1.083;e39:+0.667;e41:-1.083;e42*:-0.167
1478,ai2_arc,B,4,3,2,3,0.66,REFUSE,,,0.0,,e43:+0.000;e45:+0.000;e46:+0.000;e47*:+0.000
1479,slimorca,B,3,20,2,128,0.62,ADMIT,0.017,,0.34,,e48:-0.033;e50:-0.047;e51*:-0.046
1480,github_code,B,4,1,1,25,0.81,ADMIT,0.286,,0.04,,e30:-0.007;e31:+0.020;e33:-0.007;e35*:+0.010
1481,python_instructions,B,4,2,1,112,0.79,ADMIT,0.028,0.001,0.463,,e37:-0.028;e38:-0.018;e39:-0.018;e41*:-0.015
1482,github_code,B,4,1,1,34,0.8,ADMIT,0.337,,0.154,,e42:-0.007;e43:-0.026;e45:-0.031;e46*:+0.017
1483,metamath,B,4,2,3,97,0.53,ADMIT,0.078,-0.017,0.115,,e33:+0.003;e35:+0.003;e37:-0.042;e38*:-0.015
1484,gsm8k,B,4,3,3,112,0.54,ADMIT,0.11,0.006,0.512,,e39:-0.025;e41:-0.021;e42:-0.013;e43*:-0.012
1485,github_code,B,4,1,1,26,0.78,ADMIT,0.458,,0.043,,e47:-0.014;e48:-0.005;e50:-0.010;e51*:-0.010
1486,github_code,B,4,2,1,14,0.81,HELDOUT,,,,,e54:-0.143;e55:-0.036;e57:-0.121;e58*:-0.067
1487,python_instructions,B,4,1,1,128,0.75,ADMIT,0.564,,0.68,,e61:+0.003;e66:-0.010;e69:-0.010;e73*:-0.006
1488,python_instructions,A,4,1,1,118,0.74,ADMIT,0.325,,0.633,,e74:-0.014;e75:+0.002;e76:-0.033;e78*:-0.024
1489,slimorca,B,2,34,2,128,0.66,ADMIT,0.007,-0.003,1.25,,e54:-0.028;e55*:-0.080
1490,ai2_arc,B,4,4,2,10,0.68,ADMIT,0.151,-0.013,0.013,,e57:-0.013;e58:-0.475;e61:-0.050;e66*:-0.031
1491,github_code,B,4,1,1,46,0.76,ADMIT,0.161,0.002,0.354,,e79:-0.048;e80:-0.024;e81:-0.024;e84*:-0.024
1492,ai2_arc,B,4,4,2,8,0.68,ADMIT,0.289,0.031,0.0,,e69:-0.109;e73:-0.047;e74:-0.484;e75*:-0.586
1493,camel_science,B,4,1,2,2,0.68,HELDOUT,,,,,e76:-0.125;e78:-0.125;e79:-0.125;e80*:+0.000
1494,gsm8k,B,4,5,0,62,0.53,HELDOUT,,,,,e39:-0.095;e41:-0.016;e42:+0.024;e43*:-0.031
1495,gsm8k,B,4,3,3,127,0.53,ADMIT,0.139,,0.195,,e45:-0.082;e46:-0.061;e47:-0.043;e48*:-0.066
1496,ultrachat,B,3,30,2,128,0.68,ADMIT,0.089,,0.91,,e81:-0.016;e84:-0.018;e86*:-0.049
1497,slimorca,B,4,4,2,128,0.7,HELDOUT,,,,,e87:+0.014;e88:+0.014;e89:-0.033;e90*:+0.014
1498,python_instructions,B,4,1,1,8,0.65,HELDOUT,,,,,e87:+0.070;e88:+0.070;e89:-0.102;e86*:-0.062
1499,gsm8k,B,4,2,3,82,0.54,HELDOUT,,,,,e50:-0.091;e51:-0.065;e54:-0.053;e55*:-0.047
1500,gsm8k,B,4,3,3,128,0.47,ADMIT,0.176,,0.477,,e57:+0.008;e58:+0.006;e61:+0.008;e66*:+0.002
1501,ai2_arc,B,4,2,2,3,0.31,REFUSE,,,0.668,,e91:-0.479;e95:-0.062;e97:-0.062;e98*:-0.438
1502,ai2_arc,B,4,2,2,7,0.27,HELDOUT,,,,,e7:-0.009;e24:-0.286;e63:-0.009;e67*:-0.125
1503,python_instructions,B,4,2,1,72,0.79,HELDOUT,,,,,e90:-0.007;e91:+0.002;e95:+0.008;e97*:+0.008
1504,gsm8k,B,4,1,3,67,0.54,ADMIT,0.48,,0.598,,e69:-0.104;e73:-0.019;e74:-0.018;e75*:-0.166
1505,gsm8k,B,4,2,0,78,0.54,HELDOUT,,,,,e45:-0.077;e46:-0.143;e47:-0.075;e48*:-0.084
1506,metamath,B,4,3,3,128,0.57,HELDOUT,,,,,e76:-0.027;e78:-0.051;e79:-0.048;e80*:-0.044
1507,ai2_arc,B,4,2,2,2,0.45,REFUSE,,,0.0,,e70:+0.000;e71:+0.000;e72:-0.062;e85*:+0.000
1508,python_instructions,B,4,1,1,43,0.85,HELDOUT,,,,,e98:-0.032;e0:-0.017;e27:-0.026;e29*:-0.067
1509,ultrachat,B,2,32,2,128,0.48,HELDOUT,,,,,e93:-0.025;e1*:-0.004
1510,ultrachat,A,4,14,3,21,0.46,ADMIT,0.082,0.069,0.22,,e81:-0.440;e84:-0.241;e86:-0.060;e87*:-0.473
1511,slimorca,B,4,5,2,100,0.4,HELDOUT,,,,,e2:-0.067;e3:-0.020;e4:-0.059;e5*:-0.042
1512,camel_science,A,4,1,2,2,0.42,REFUSE,,,5.5,,e6:+1.688;e8:+2.094;e9:+1.688;e11*:+1.562
1513,metamath,B,4,3,3,64,0.63,HELDOUT,,,,,e88:-0.066;e89:-0.062;e90:-0.188;e91*:-0.050
1514,ai2_arc,B,4,3,2,7,0.45,HELDOUT,,,,,e12:+0.000;e13:+0.000;e14:+0.000;e15*:+0.000
1515,camel_science,B,4,1,2,2,0.47,REFUSE,,,0.062,,e16:-3.031;e17:-3.250;e18:-3.250;e19*:-2.781
1516,github_code,B,4,3,1,27,0.73,ADMIT,0.054,0.024,0.922,,e32:-0.060;e40:+0.074;e44:-0.016;e65*:+0.032
1517,slimorca,B,4,18,3,12,0.56,ADMIT,0.063,,0.961,,e95:-0.125;e97:-0.057;e98:-0.083;e10*:+0.031
1518,ai2_arc,B,4,3,2,7,0.47,ADMIT,0.248,-0.001,0.036,,e20:+0.036;e21:+0.018;e22:-0.250;e23*:+0.018
1519,ultrachat,A,4,14,2,128,0.5,ADMIT,0.206,,0.867,,e25:-0.010;e28:-0.010;e30:+0.001;e31*:-0.041
1520,metamath,B,4,2,1,123,0.6,ADMIT,0.057,,0.246,,e94:-0.021;e99:-0.041;e1:-0.017;e2*:-0.017
1521,camel_science,B,4,1,2,2,0.49,REFUSE,,,2.438,,e35:-3.688;e37:-3.688;e38:-3.688;e39*:-3.688
1522,camel_science,B,4,1,2,3,0.47,REFUSE,,,4.5,,e40:+1.688;e41:+1.688;e42:+2.104;e43*:+1.688
1523,slimorca,B,4,3,2,11,0.51,ADMIT,0.359,0.001,1.68,,e45:-0.165;e46:-0.608;e47:-0.136;e48*:+0.023
1524,metamath,B,4,2,1,74,0.65,HELDOUT,,,,,e3:-0.046;e4:-0.115;e5:-0.003;e6*:-0.018
1525,camel_science,B,4,1,2,5,0.51,HELDOUT,,,,,e50:-0.275;e51:-1.675;e54:-1.425;e55*:-1.288
1526,ai2_arc,B,4,3,2,7,0.53,ADMIT,0.061,,0.0,,e57:+0.000;e58:+0.000;e61:+0.000;e66*:+0.000
1527,ai2_arc,B,4,2,2,4,0.51,ADMIT,1.82,0.075,0.0,,e69:-0.516;e72:-0.219;e73:-0.281;e74*:-1.422
1528,github_code,A,4,1,1,128,0.75,ADMIT,0.064,,0.387,,e8:+0.016;e9:+0.011;e11:+0.007;e12*:+0.013
1529,github_code,B,4,1,2,70,0.61,ADMIT,0.17,,1.266,,e75:-0.054;e76:-0.054;e78:-0.079;e79*:-0.088
1530,camel_science,B,4,1,2,1,0.52,REFUSE,,,0.25,,e80:+0.250;e84:+0.000;e86:-0.125;e87*:+0.250
1531,gsm8k,B,4,3,3,95,0.57,ADMIT,0.183,-0.0,0.291,,e34:-0.062;e59:-0.041;e62:-0.033;e67*:-0.040
1532,ai2_arc,B,4,4,2,11,0.51,ADMIT,0.085,,0.0,,e88:-0.011;e89:-0.051;e90:+0.000;e91*:-0.011
1533,camel_science,B,4,1,2,2,0.52,REFUSE,,,0.0,,e95:-0.688;e97:-0.375;e98:-0.438;e7*:-0.438
1534,python_instructions,B,4,3,1,128,0.79,ADMIT,0.201,,0.363,,e13:-0.000;e14:+0.002;e15:-0.007;e16*:+0.004
1535,python_instructions,B,4,3,1,119,0.68,ADMIT,0.181,,0.492,,e17:-0.027;e18:-0.003;e19:-0.002;e20*:-0.006
1536,python_instructions,B,4,2,1,65,0.75,ADMIT,0.153,0.001,0.441,,e21:+0.023;e22:-0.002;e25:-0.012;e28*:+0.000
1537,ai2_arc,B,4,3,2,5,0.51,ADMIT,0.507,-0.055,0.0,,e23:-0.025;e24:-0.025;e63:-1.387;e70*:-0.600
1538,gsm8k,B,4,4,0,128,0.56,ADMIT,0.178,,0.14,,e50:-0.071;e51:-0.089;e54:-0.009;e55*:-0.069
1539,ai2_arc,B,4,2,2,8,0.52,ADMIT,0.274,,0.0,,e71:-0.266;e81:-0.078;e85:-0.648;e93*:-0.305
1540,ai2_arc,A,4,4,2,10,0.51,ADMIT,0.059,0.022,0.0,,e1:-0.125;e2:-0.200;e3:-0.269;e4*:-0.156
1541,ai2_arc,B,4,3,2,9,0.52,ADMIT,0.132,,0.0,,e5:-0.014;e6:-0.097;e8:-0.097;e9*:-0.097
1542,gsm8k,B,4,2,3,81,0.57,ADMIT,0.615,,0.199,,e68:-0.035;e82:-0.030;e92:-0.035;e96*:-0.036
1543,gsm8k,A,4,3,3,108,0.6,ADMIT,0.388,,0.59,,e1:-0.122;e2:-0.203;e3:-0.050;e4*:-0.065
1544,camel_science,A,4,1,2,3,0.51,HELDOUT,,,,,e11:-1.771;e12:-1.062;e13:-0.854;e14*:-1.062
1545,camel_science,B,4,1,2,2,0.55,HELDOUT,,,,,e15:-1.469;e16:+3.094;e17:+3.094;e18*:+0.812
1546,github_code,A,4,2,1,91,0.74,ADMIT,0.297,0.032,0.264,,e31:-0.082;e33:+0.011;e35:-0.047;e37*:+0.005
1547,python_instructions,B,4,2,1,52,0.72,ADMIT,0.072,-0.001,0.297,,e38:+0.001;e39:+0.002;e40:+0.002;e41*:+0.010
1548,gsm8k,B,4,2,0,121,0.54,ADMIT,0.148,0.01,0.504,,e58:-0.087;e61:-0.013;e63:-0.052;e66*:-0.025
1549,gsm8k,B,4,3,3,67,0.57,ADMIT,0.438,,0.523,,e5:-0.013;e6:-0.037;e8:+0.008;e9*:-0.013
1550,python_instructions,B,4,1,1,16,0.73,ADMIT,0.031,,0.258,,e42:-0.008;e43:+0.000;e45:-0.004;e46*:-0.039
1551,python_instructions,B,4,2,1,71,0.74,ADMIT,0.052,,0.311,,e47:-0.034;e48:-0.037;e50:-0.045;e51*:-0.051
1552,python_instructions,B,4,2,1,96,0.68,HELDOUT,,,,,e54:+0.009;e55:-0.019;e57:-0.025;e58*:-0.021
1553,python_instructions,B,4,3,1,88,0.62,ADMIT,0.239,,0.256,,e61:-0.005;e63:-0.043;e66:+0.006;e69*:-0.007
1554,slimorca,B,4,17,3,62,0.55,ADMIT,0.103,0.001,0.326,,e11:-0.192;e12:-0.072;e13:-0.155;e14*:-0.133
1555,ai2_arc,B,4,2,2,4,0.51,ADMIT,0.745,,0.0,,e19:-0.062;e20:-1.016;e21:-0.031;e22*:-0.062
1556,github_code,A,4,3,1,9,0.62,ADMIT,0.32,0.008,1.945,,e72:-0.062;e73:-0.312;e74:-0.188;e75*:-0.062
1557,metamath,B,4,7,0,108,0.59,ADMIT,0.093,0.005,0.287,,e72:-0.074;e73:-0.095;e74:-0.074;e69*:-0.128
1558,ultrachat,B,3,22,2,110,0.53,ADMIT,0.226,0.004,1.68,,e25:-0.042;e30:-0.024;e31*:-0.059
1559,github_code,B,4,1,1,73,0.57,HELDOUT,,,,,e76:+0.019;e78:+0.019;e79:-0.021;e80*:-0.003
1560,ultrachat,B,3,22,1,128,0.61,ADMIT,0.607,,0.09,,e84:-0.014;e85:-0.020;e87*:-0.005
1561,metamath,B,4,2,1,128,0.61,HELDOUT,,,,,e89:-0.121;e90:-0.063;e91:-0.063;e93*:-0.082
1562,camel_science,B,4,1,2,3,0.56,REFUSE,,,0.0,,e33:-0.146;e35:-0.312;e37:-0.208;e38*:-0.312
1563,camel_science,B,4,1,2,1,0.55,HELDOUT,,,,,e39:-3.062;e40:-2.750;e41:-3.062;e42*:-3.062
1564,camel_science,B,4,1,2,1,0.55,REFUSE,,,0.625,,e43:-1.312;e45:-1.125;e46:-2.562;e47*:-1.188
1565,camel_science,B,4,1,2,2,0.56,REFUSE,,,0.375,,e48:-2.734;e50:-2.734;e51:+0.281;e54*:-3.625
1566,gsm8k,B,4,2,3,68,0.6,ADMIT,0.308,,0.439,,e15:-0.010;e16:-0.006;e17:-0.023;e18*:-0.021
1567,camel_science,B,4,1,2,1,0.55,HELDOUT,,,,,e55:-3.062;e57:-3.062;e58:-3.062;e61*:-3.062
1568,camel_science,B,4,1,2,3,0.58,REFUSE,,,1.211,,e63:-0.167;e66:+0.208;e69:+0.104;e72*:+0.083
1569,gsm8k,B,4,4,0,128,0.63,HELDOUT,,,,,e75:-0.084;e76:-0.060;e78:-0.096;e79*:-0.084
1570,github_code,B,4,1,1,34,0.82,ADMIT,0.117,-0.002,0.206,,e95:+0.024;e97:+0.000;e98:-0.062;e0*:-0.068
1571,gsm8k,B,4,2,3,128,0.61,HELDOUT,,,,,e19:-0.112;e20:-0.152;e21:-0.055;e22*:-0.155
1572,slimorca,B,4,18,3,17,0.61,ADMIT,0.187,0.009,0.723,,e25:-0.335;e30:-0.191;e31:-0.077;e33*:-0.015
1573,gsm8k,B,4,4,0,86,0.65,ADMIT,0.355,0.014,0.338,,e80:-0.087;e84:-0.117;e85:-0.172;e87*:-0.172
1574,metamath,B,4,2,3,79,0.63,ADMIT,0.198,-0.017,0.316,,e35:-0.017;e37:+0.021;e38:-0.072;e39*:-0.018
1575,python_instructions,B,4,1,1,74,0.78,ADMIT,0.158,,1.039,,e27:+0.011;e29:-0.016;e32:+0.006;e44*:-0.005
1576,camel_science,A,4,1,2,2,0.62,REFUSE,,,0.0,,e73:-0.062;e74:-0.062;e75:+0.000;e76*:+0.000
1577,github_code,B,4,2,1,16,0.84,HELDOUT,,,,,e60:-0.016;e65:+0.105;e94:-0.055;e99*:-0.098
1578,ultrachat,A,2,35,2,128,0.63,ADMIT,0.006,,1.008,,e78:-0.066;e79*:-0.062
1579,ultrachat,B,2,36,2,128,0.62,HELDOUT,,,,,e80:-0.035;e84*:-0.021
1580,camel_science,B,4,1,2,2,0.51,REFUSE,,,0.5,,e85:-2.562;e87:-1.781;e89:-1.250;e90*:-1.781
1581,metamath,B,4,2,3,116,0.6,ADMIT,0.072,,0.072,,e40:-0.073;e41:-0.063;e42:-0.133;e43*:-0.085
1582,gsm8k,B,4,4,3,128,0.62,ADMIT,0.246,,0.422,,e45:-0.029;e46:-0.052;e47:-0.018;e48*:-0.040
1583,github_code,B,4,1,2,100,0.6,ADMIT,0.072,,1.227,,e91:-0.006;e93:-0.039;e95:-0.024;e97*:-0.036
1584,ultrachat,A,2,38,3,124,0.55,ADMIT,0.038,,1.781,,e50:-0.057;e51*:+0.015
1585,ai2_arc,B,4,2,2,5,0.51,ADMIT,0.226,-0.032,0.0,,e98:+0.000;e7:+0.000;e24:-0.087;e28*:+0.000
1586,camel_science,B,4,1,2,3,0.51,REFUSE,,,0.668,,e34:-0.333;e70:-0.667;e71:-1.104;e81*:-0.354
1587,slimorca,A,4,19,3,86,0.56,ADMIT,0.133,-0.008,1.438,,e54:-0.062;e55:-0.087;e57:-0.023;e58*:-0.077
1588,python_instructions,A,4,2,1,46,0.72,ADMIT,0.453,,0.277,,e1:-0.005;e2:-0.008;e3:-0.005;e4*:-0.008
1589,slimorca,B,4,17,2,8,0.51,ADMIT,0.067,,0.328,,e1:+0.078;e2:+0.047;e86:+0.094;e88*:+0.211
1590,ai2_arc,B,4,2,2,3,0.51,REFUSE,,,0.0,,e3:+0.000;e4:+0.000;e5:-0.833;e6*:+0.000
1591,metamath,B,4,2,1,128,0.72,HELDOUT,,,,,e5:-0.026;e6:-0.026;e8:+0.023;e9*:-0.001
1592,github_code,A,4,1,1,35,0.69,ADMIT,0.024,0.01,0.648,,e11:-0.096;e12:+0.048;e13:+0.000;e14*:+0.039
1593,ultrachat,B,2,43,3,128,0.58,ADMIT,0.039,,1.828,,e61:-0.025;e63*:-0.018
1594,python_instructions,B,4,2,1,128,0.75,ADMIT,0.171,,0.637,,e15:+0.007;e16:+0.006;e17:-0.004;e18*:-0.001
1595,slimorca,A,4,7,2,128,0.58,ADMIT,0.135,,0.766,,e8:-0.083;e9:-0.073;e11:-0.071;e12*:-0.088
1596,python_instructions,B,4,1,1,50,0.68,ADMIT,0.035,,0.531,,e19:+0.005;e20:-0.006;e21:+0.014;e22*:+0.019
1597,camel_science,B,4,1,2,1,0.54,REFUSE,,,0.25,,e13:-0.062;e14:-4.562;e15:-0.062;e16*:-0.250
1598,python_instructions,B,4,1,1,65,0.75,ADMIT,0.046,,0.746,,e25:+0.039;e30:+0.023;e31:+0.022;e33*:-0.009
1599,python_instructions,B,4,2,1,128,0.71,ADMIT,0.212,,0.84,,e35:-0.033;e37:-0.033;e38:-0.045;e39*:-0.034
1600,metamath,A,4,6,2,124,0.62,ADMIT,0.026,,0.188,,e17:-0.016;e18:-0.032;e19:-0.007;e20*:-0.009
1601,github_code,B,4,4,1,75,0.7,ADMIT,0.094,-0.008,0.684,,e40:-0.015;e41:-0.028;e42:-0.024;e43*:-0.007
1602,github_code,A,4,7,1,46,0.76,HELDOUT,,,,,e45:-0.046;e46:-0.065;e47:-0.038;e48*:-0.038
1603,metamath,B,4,8,3,73,0.6,ADMIT,0.145,-0.008,0.055,,e66:-0.097;e69:-0.172;e72:-0.079;e73*:-0.116
1604,camel_science,A,4,4,2,2,0.53,REFUSE,,,0.0,,e21:-0.062;e22:-0.125;e25:-0.125;e30*:-0.125
1605,github_code,B,4,7,1,3,0.75,REFUSE,,,1.523,,e50:-1.146;e51:+0.812;e54:-0.979;e55*:+0.812
1606,camel_science,A,4,4,2,1,0.53,REFUSE,,,0.0,,e31:-0.375;e33:-0.312;e35:-0.125;e37*:-0.125
1607,github_code,B,4,5,1,73,0.75,HELDOUT,,,,,e57:-0.003;e58:-0.033;e61:-0.057;e63*:-0.002
1608,metamath,A,4,8,3,82,0.59,ADMIT,0.305,,0.105,,e74:-0.101;e75:-0.101;e76:-0.056;e78*:-0.108
1609,camel_science,B,4,3,2,2,0.53,REFUSE,,,2.625,,e38:+0.625;e39:+0.625;e40:-0.672;e41*:-0.672
1610,ultrachat,A,3,27,2,128,0.56,HELDOUT,,,,,e42:-0.022;e43:-0.109;e45*:-0.033
1611,gsm8k,A,4,7,3,78,0.57,ADMIT,0.19,,0.084,,e79:-0.034;e80:-0.021;e84:-0.052;e85*:-0.072
1612,ultrachat,A,3,30,2,63,0.51,HELDOUT,,,,,e46:-0.068;e47:-0.053;e48*:+0.006
1613,gsm8k,B,4,8,3,128,0.58,ADMIT,0.726,,0.219,,e87:-0.111;e89:-0.083;e90:-0.081;e91*:-0.034
1614,python_instructions,B,4,8,1,128,0.69,ADMIT,0.169,,0.801,,e66:+0.010;e69:-0.013;e72:+0.016;e73*:+0.006
1615,ai2_arc,B,4,6,2,4,0.5,ADMIT,0.493,-0.007,0.0,,e50:-0.062;e51:-0.812;e54:-0.703;e55*:-0.859
1616,gsm8k,B,4,8,0,70,0.58,ADMIT,0.231,,0.371,,e89:-0.117;e90:-0.094;e91:-0.097;e93*:-0.129
1617,ultrachat,B,2,35,2,128,0.53,ADMIT,0.001,,0.711,,e57:-0.016;e58*:-0.020
1618,metamath,B,4,5,3,128,0.6,ADMIT,0.103,,0.226,,e93:-0.085;e95:-0.145;e97:-0.059;e98*:-0.105
1619,gsm8k,B,4,11,3,89,0.58,ADMIT,0.103,-0.001,0.836,,e10:-0.018;e36:-0.027;e59:-0.026;e62*:-0.033
1620,slimorca,B,4,7,2,48,0.57,ADMIT,0.135,-0.022,1.375,,e58:-0.096;e61:-0.096;e63:-0.010;e66*:-0.065
1621,slimorca,B,4,21,3,80,0.56,ADMIT,0.122,,0.789,,e67:-0.083;e68:-0.087;e82:-0.010;e92*:-0.111
1622,python_instructions,A,4,6,1,69,0.69,ADMIT,0.189,0.001,0.738,,e74:-0.004;e75:+0.000;e76:-0.024;e78*:-0.002
1623,slimorca,B,4,16,3,49,0.55,ADMIT,0.3,-0.054,0.715,,e96:-0.031;e1:-0.195;e2:-0.132;e3*:-0.020
1624,github_code,B,4,4,1,84,0.72,ADMIT,0.386,,0.793,,e79:+0.016;e80:+0.002;e84:-0.004;e85*:-0.001
1625,python_instructions,B,4,9,1,75,0.74,ADMIT,0.109,,0.369,,e87:-0.023;e89:-0.012;e90:-0.013;e91*:-0.035
1626,camel_science,A,4,3,2,1,0.52,REFUSE,,,0.0,,e72:-1.500;e73:-1.500;e74:-1.500;e75*:-1.500
1627,camel_science,B,4,6,2,2,0.52,REFUSE,,,0.0,,e76:-0.062;e78:-0.438;e79:-0.438;e80*:+0.000
1628,ultrachat,A,3,30,2,128,0.51,ADMIT,0.235,,0.824,,e84:-0.021;e85:-0.041;e87*:-0.018
1629,gsm8k,B,4,9,3,91,0.58,ADMIT,0.078,-0.0,0.089,,e4:-0.074;e5:-0.104;e6:-0.015;e8*:-0.013
1630,python_instructions,B,4,7,1,128,0.71,ADMIT,0.202,,0.443,,e93:-0.008;e95:-0.022;e97:-0.008;e98*:-0.012
1631,ultrachat,B,3,31,2,128,0.6,ADMIT,0.126,,0.637,,e89:-0.008;e90:-0.006;e91*:-0.016
1632,metamath,A,4,12,3,128,0.57,ADMIT,0.108,-0.003,0.138,,e9:-0.039;e11:-0.041;e12:-0.041;e13*:-0.009
1633,gsm8k,A,4,7,3,67,0.6,HELDOUT,,,,,e14:-0.108;e15:-0.059;e16:-0.060;e17*:-0.060
1634,gsm8k,A,4,10,3,128,0.56,HELDOUT,,,,,e18:-0.041;e19:-0.056;e20:+0.019;e21*:-0.043
1635,python_instructions,B,4,8,1,53,0.87,ADMIT,0.217,0.002,0.479,,e0:+0.009;e32:+0.026;e36:+0.011;e55*:+0.002
1636,python_instructions,B,4,5,1,128,0.8,ADMIT,0.306,,0.406,,e60:+0.002;e65:-0.004;e69:-0.001;e94*:-0.001
1637,slimorca,B,4,23,2,94,0.53,ADMIT,0.097,-0.01,1.016,,e93:-0.025;e95:-0.039;e97:-0.014;e98*:-0.064
1638,camel_science,B,4,6,2,1,0.5,REFUSE,,,0.875,,e7:-1.938;e23:-1.625;e24:-3.062;e28*:-2.875
1639,python_instructions,B,4,5,1,53,0.77,ADMIT,0.175,0.001,0.344,,e99:-0.048;e1:+0.014;e2:+0.018;e3*:+0.008
1640,gsm8k,B,4,7,0,29,0.59,ADMIT,0.192,-0.007,0.855,,e95:+0.022;e97:-0.289;e98:+0.069;e26*:-0.022
1641,camel_science,B,4,4,2,2,0.52,REFUSE,,,0.812,,e70:+0.312;e71:+0.312;e81:+0.312;e83*:+0.312
1642,ultrachat,A,2,36,3,128,0.61,ADMIT,0.3,,1.125,,e22:+0.063;e25*:-0.007
1643,python_instructions,B,4,7,1,34,0.87,ADMIT,0.097,0.001,0.136,,e4:-0.015;e5:+0.020;e6:-0.066;e8*:+0.006
1644,ultrachat,A,4,23,2,128,0.51,ADMIT,0.017,,0.676,,e86:-0.018;e1:+0.000;e2:-0.033;e3*:+0.000
1645,ultrachat,B,3,31,2,128,0.55,ADMIT,0.137,,1.078,,e4:-0.021;e5:-0.003;e6*:-0.012
1646,ai2_arc,A,4,8,2,6,0.5,ADMIT,0.286,0.0,0.0,,e8:-0.021;e9:+0.000;e11:-0.021;e12*:+0.000
1647,slimorca,B,4,10,3,128,0.57,HELDOUT,,,,,e27:-0.014;e29:-0.018;e30:-0.011;e31*:-0.040
1648,gsm8k,B,4,9,0,112,0.56,ADMIT,0.944,-0.002,0.232,,e49:-0.007;e52:-0.039;e53:-0.050;e54*:-0.067
1649,python_instructions,A,4,4,1,113,0.82,ADMIT,0.339,,0.473,,e9:-0.004;e11:+0.008;e12:+0.005;e13*:-0.004
1650,slimorca,B,4,23,3,2,0.46,REFUSE,,,1.312,,e33:+1.312;e35:+1.312;e37:+1.312;e38*:+1.312
1651,slimorca,B,4,8,3,35,0.48,HELDOUT,,,,,e39:-0.226;e40:-0.042;e41:-0.084;e42*:-0.309
1652,python_instructions,A,4,6,1,128,0.83,HELDOUT,,,,,e14:+0.002;e15:+0.004;e16:+0.007;e17*:+0.007
1653,metamath,B,4,9,0,121,0.56,ADMIT,0.11,0.006,0.312,,e56:-0.039;e64:-0.023;e77:-0.034;e88*:-0.035
1654,github_code,A,4,6,1,37,0.75,ADMIT,0.322,,0.229,,e18:-0.020;e19:-0.014;e20:-0.007;e21*:-0.010
1655,camel_science,A,4,4,2,1,0.51,REFUSE,,,0.375,,e13:+0.000;e14:+0.000;e15:-0.375;e16*:-0.375
1656,github_code,B,4,6,1,77,0.75,ADMIT,0.718,,0.175,,e22:+0.008;e25:+0.016;e27:+0.028;e29*:+0.030
1657,slimorca,A,3,26,2,1,0.52,REFUSE,,,1.938,,e17:-5.688;e18:-0.375;e19*:-1.062
1658,github_code,A,4,6,1,128,0.71,ADMIT,0.266,,0.641,,e30:+0.007;e31:-0.009;e33:-0.011;e35*:-0.014
1659,ai2_arc,A,4,9,2,8,0.51,ADMIT,0.084,0.01,0.0,,e20:-0.055;e21:+0.000;e22:-0.016;e25*:+0.000
1660,python_instructions,B,4,6,1,128,0.69,ADMIT,0.088,-0.004,0.672,,e37:+0.008;e38:-0.008;e39:+0.011;e40*:+0.009
1661,camel_science,B,4,3,2,1,0.52,REFUSE,,,0.0,,e27:-2.125;e29:-2.562;e30:-4.625;e31*:+0.000
1662,ai2_arc,B,4,7,2,5,0.59,ADMIT,0.429,,0.0,,e33:+0.000;e35:+0.000;e37:+0.000;e38*:+0.000
1663,gsm8k,B,4,10,2,121,0.59,HELDOUT,,,,,e39:-0.057;e40:-0.058;e41:-0.028;e42*:-0.059
1664,ai2_arc,B,4,8,2,7,0.56,ADMIT,0.066,,0.0,,e43:-0.018;e44:-0.027;e45:-0.018;e46*:-0.027
1665,slimorca,B,4,14,2,63,0.54,ADMIT,0.012,-0.024,1.062,,e47:+0.043;e48:+0.002;e50:-0.008;e51*:+0.005
1666,ai2_arc,B,4,6,2,2,0.66,HELDOUT,,,,,e57:+0.000;e58:+0.000;e61:-1.188;e63*:-0.062
1667,slimorca,B,4,7,3,93,0.55,ADMIT,0.244,-0.04,1.211,,e43:+0.015;e44:-0.124;e45:-0.134;e46*:-0.005
1668,github_code,B,4,6,1,59,0.86,ADMIT,0.215,,0.482,,e43:-0.011;e44:-0.012;e41:-0.056;e42*:-0.001
1669,metamath,B,4,10,3,128,0.56,ADMIT,0.162,,0.096,,e47:-0.097;e48:-0.007;e50:-0.077;e51*:-0.073
1670,slimorca,B,4,10,2,128,0.62,ADMIT,0.331,,0.75,,e66:+0.056;e72:+0.000;e73:+0.000;e74*:+0.029
1671,ai2_arc,B,4,8,2,7,0.55,ADMIT,0.355,0.138,0.0,,e75:+0.000;e76:+0.000;e78:+0.000;e79*:-0.223
1672,slimorca,A,4,7,2,128,0.62,ADMIT,0.566,,1.609,,e80:-0.027;e84:-0.027;e85:-0.027;e87*:-0.027
1673,camel_science,B,4,5,2,2,0.54,REFUSE,,,0.125,,e89:-4.469;e90:+0.062;e91:-1.281;e93*:-3.375
1674,metamath,A,4,6,1,128,0.66,ADMIT,0.244,-0.0,0.238,,e1:-0.035;e2:-0.121;e3:-0.129;e4*:-0.129
1675,metamath,A,4,6,1,128,0.73,ADMIT,0.109,0.002,0.328,,e45:-0.038;e46:-0.016;e47:-0.016;e48*:-0.096
1676,metamath,B,4,7,3,128,0.62,HELDOUT,,,,,e57:-0.074;e58:-0.074;e61:-0.080;e63*:-0.037
1677,ai2_arc,B,4,6,2,2,0.67,REFUSE,,,0.0,,e95:+0.000;e97:-0.500;e98:-0.125;e7*:-0.812
1678,metamath,B,4,8,2,128,0.64,ADMIT,0.127,0.003,0.241,,e23:-0.060;e24:-0.064;e28:-0.053;e70*:-0.063
1679,metamath,B,4,7,3,125,0.6,HELDOUT,,,,,e66:-0.043;e72:-0.043;e73:-0.043;e74*:-0.043
1680,python_instructions,B,4,6,1,39,0.87,HELDOUT,,,,,e57:-0.008;e58:+0.005;e61:-0.027;e63*:-0.002
1681,metamath,B,4,11,0,128,0.53,HELDOUT,,,,,e5:-0.025;e6:-0.116;e8:-0.162;e9*:-0.021
1682,camel_science,B,4,5,2,1,0.76,REFUSE,,,1.875,,e70:-3.750;e71:-3.750;e81:-1.062;e83*:-1.625
1683,camel_science,A,4,4,2,3,0.76,REFUSE,,,0.375,,e1:-1.542;e2:-1.542;e3:-4.000;e4*:-1.396
1684,slimorca,B,3,26,2,24,0.7,ADMIT,0.096,,0.855,,e5:+0.023;e6:+0.042;e8*:+0.036
1685,ultrachat,B,3,27,1,128,0.79,ADMIT,0.784,0.006,0.126,,e66:-0.027;e69:-0.017;e72*:-0.029
1686,ai2_arc,A,4,8,2,3,0.74,HELDOUT,,,,,e9:-0.354;e11:-0.354;e12:-0.125;e13*:-1.125
1687,slimorca,A,4,9,2,128,0.74,ADMIT,0.106,-0.023,1.211,,e14:-0.010;e15:-0.120;e16:-0.050;e17*:-0.010
1688,github_code,A,4,4,1,128,0.79,ADMIT,0.106,,0.25,,e73:+0.002;e74:+0.002;e75:-0.006;e76*:+0.002
1689,camel_science,B,4,5,2,2,0.77,HELDOUT,,,,,e18:+1.312;e19:+0.094;e20:-4.594;e21*:+1.250
1690,github_code,A,4,7,1,9,0.77,ADMIT,0.248,,0.069,,e78:-0.104;e79:-0.167;e80:-0.097;e84*:-0.125
1691,gsm8k,A,4,8,3,95,0.71,ADMIT,0.147,,0.461,,e78:-0.032;e79:-0.057;e80:-0.009;e76*:+0.006
1692,metamath,A,4,6,0,83,0.59,ADMIT,0.363,-0.004,0.165,,e11:-0.026;e12:-0.026;e13:-0.192;e14*:-0.026
1693,ultrachat,B,3,28,2,128,0.72,HELDOUT,,,,,e22:-0.038;e25:-0.019;e27*:-0.030
1694,metamath,A,4,8,1,128,0.66,HELDOUT,,,,,e85:-0.091;e86:-0.091;e87:-0.091;e89*:-0.091
1695,slimorca,B,4,12,2,128,0.4,ADMIT,0.089,-0.001,0.742,,e29:-0.051;e30:-0.060;e31:-0.067;e33*:-0.055
1696,gsm8k,A,4,10,0,108,0.48,ADMIT,0.244,0.013,0.443,,e15:-0.147;e16:-0.067;e17:-0.064;e18*:-0.094
1697,ultrachat,B,3,30,2,128,0.47,HELDOUT,,,,,e35:-0.069;e37:-0.027;e39*:-0.040
1698,gsm8k,B,4,8,0,77,0.54,ADMIT,0.25,0.056,0.373,,e19:-0.299;e20:-0.062;e21:-0.144;e22*:-0.052
1699,python_instructions,B,4,7,1,128,0.73,ADMIT,0.164,,2.906,,e90:-0.007;e91:+0.002;e93:+0.001;e95*:-0.019
1700,camel_science,B,4,6,2,2,0.42,REFUSE,,,0.0,,e40:-0.125;e41:-0.125;e42:-0.844;e43*:-0.188
1701,gsm8k,A,4,9,3,128,0.45,HELDOUT,,,,,e84:-0.029;e85:-0.041;e86:-0.097;e87*:-0.027
1702,ultrachat,A,4,25,2,128,0.6,HELDOUT,,,,,e45:+0.020;e46:+0.017;e47:+0.010;e48*:+0.006
1703,ai2_arc,B,4,6,2,6,0.41,HELDOUT,,,,,e50:-0.062;e51:+0.000;e57:+0.000;e58*:+0.000
1704,slimorca,B,4,12,2,7,0.44,ADMIT,1.268,-0.043,0.375,,e61:-1.054;e63:-0.518;e66:-1.080;e69*:-1.179
1705,ai2_arc,A,4,9,2,9,0.43,HELDOUT,,,,,e72:-0.722;e73:-0.729;e74:+0.000;e75*:-0.729
1706,slimorca,B,4,26,3,2,0.43,HELDOUT,,,,,e89:+0.000;e90:+0.000;e91:+0.000;e93*:+0.000
1707,metamath,B,4,7,3,128,0.41,ADMIT,0.085,-0.001,0.024,,e95:-0.042;e97:-0.048;e98:-0.034;e10*:-0.057
1708,slimorca,A,4,11,2,82,0.44,ADMIT,0.015,0.023,0.965,,e76:-0.003;e78:-0.065;e79:+0.012;e80*:+0.012
1709,ultrachat,B,4,27,3,128,0.43,HELDOUT,,,,,e34:-0.080;e36:-0.022;e38:-0.012;e59*:-0.014
1710,github_code,B,4,5,1,69,0.45,HELDOUT,,,,,e97:+0.002;e98:-0.024;e0:-0.012;e32*:-0.033
1711,metamath,B,4,9,3,128,0.38,ADMIT,0.189,0.004,0.312,,e62:-0.106;e68:-0.052;e82:-0.113;e92*:-0.016
1712,camel_science,A,4,5,2,2,0.49,REFUSE,,,0.0,,e84:-2.781;e85:-2.062;e86:-0.750;e87*:-0.656
1713,metamath,A,4,9,3,117,0.43,HELDOUT,,,,,e1:-0.005;e2:-0.046;e3:-0.010;e4*:-0.005
1714,slimorca,A,2,47,2,23,0.57,ADMIT,0.281,,1.5,,e89:-0.228;e90*:-0.289
1715,camel_science,B,4,5,2,3,0.63,REFUSE,,,0.0,,e91:-1.667;e93:-1.708;e95:-0.396;e97*:-1.708
1716,python_instructions,B,4,5,1,65,0.6,ADMIT,0.247,,0.428,,e44:-0.008;e55:-0.008;e60:-0.002;e65*:-0.008
1717,ai2_arc,B,4,10,2,6,0.63,ADMIT,0.262,-0.007,0.0,,e98:-0.323;e7:-0.323;e23:-0.323;e24*:-0.208
1718,ai2_arc,B,4,8,2,6,0.63,ADMIT,0.071,-0.073,0.083,,e28:-0.042;e67:+0.083;e70:+0.104;e71*:-0.021
1719,camel_science,B,4,8,2,2,0.63,REFUSE,,,2.719,,e81:-0.125;e83:-1.531;e1:-0.312;e2*:+0.969
1720,slimorca,B,4,12,2,128,0.6,ADMIT,0.116,-0.003,1.352,,e3:-0.011;e4:-0.115;e5:-0.058;e6*:-0.049
1721,ultrachat,A,4,23,2,128,0.61,HELDOUT,,,,,e7:-0.011;e8:-0.015;e9:-0.012;e11*:-0.038
1722,slimorca,A,4,17,2,2,0.5,REFUSE,,,3.344,,e12:-1.188;e13:-3.969;e14:-4.312;e15*:-4.156
1723,github_code,B,4,7,1,28,0.57,HELDOUT,,,,,e94:-0.096;e96:+0.004;e99:-0.009;e1*:-0.045
1724,gsm8k,B,4,8,0,78,0.49,HELDOUT,,,,,e23:-0.205;e25:-0.087;e27:-0.087;e29*:-0.123
1725,gsm8k,B,4,8,3,108,0.44,ADMIT,0.042,,0.248,,e5:-0.053;e6:-0.051;e7:-0.037;e8*:-0.035
1726,slimorca,A,4,9,2,15,0.51,ADMIT,0.319,0.013,2.156,,e16:-0.165;e17:-0.190;e18:-0.165;e19*:-0.496
1727,ai2_arc,A,4,9,2,9,0.44,ADMIT,0.224,0.002,0.0,,e20:-0.035;e21:-0.028;e23:-0.132;e25*:-0.028
1728,gsm8k,A,4,7,3,126,0.49,ADMIT,0.194,0.004,0.139,,e9:-0.065;e11:-0.065;e12:-0.064;e13*:-0.033
1729,metamath,A,4,8,0,113,0.52,ADMIT,0.866,-0.003,0.338,,e30:-0.071;e31:-0.085;e32:-0.033;e33*:-0.101
1730,python_instructions,B,4,4,1,73,0.7,ADMIT,0.035,,0.346,,e2:-0.004;e3:+0.000;e4:-0.008;e5*:+0.001
1731,python_instructions,A,4,6,1,64,0.7,ADMIT,0.148,0.008,0.625,,e6:-0.055;e7:-0.012;e8:+0.019;e9*:-0.001
1732,python_instructions,A,4,5,1,67,0.67,ADMIT,0.057,0.026,0.441,,e11:+0.054;e12:+0.035;e13:+0.026;e14*:+0.050
1733,gsm8k,B,4,9,0,115,0.52,ADMIT,0.572,-0.032,0.49,,e35:-0.012;e39:-0.073;e40:-0.022;e41*:-0.016
1734,camel_science,B,4,4,2,3,0.44,REFUSE,,,0.083,,e27:+0.083;e29:-1.771;e30:+0.083;e31*:+0.083
1735,metamath,A,4,7,3,128,0.49,ADMIT,0.296,-0.004,0.171,,e14:-0.031;e15:-0.090;e16:-0.031;e17*:-0.031
1736,slimorca,A,4,9,1,14,0.6,HELDOUT,,,,,e15:-0.027;e16:-0.489;e17:-0.018;e18*:-0.250
1737,camel_science,A,4,8,2,3,0.45,REFUSE,,,3.156,,e32:-0.833;e33:-1.667;e35:-1.333;e39*:-0.562
1738,camel_science,B,4,5,2,1,0.45,REFUSE,,,3.0,,e40:-1.688;e41:-1.312;e42:-1.688;e43*:-1.562
1739,gsm8k,B,4,6,0,91,0.51,ADMIT,0.718,-0.002,0.508,,e42:-0.022;e43:-0.042;e44:-0.102;e45*:-0.122
1740,ultrachat,A,3,31,2,110,0.52,HELDOUT,,,,,e45:-0.028;e46:-0.035;e47*:-0.024
1741,ultrachat,B,3,30,2,128,0.48,ADMIT,0.113,-0.013,1.016,,e48:-0.016;e50:-0.017;e51*:-0.034
1742,ultrachat,B,2,42,2,128,0.46,ADMIT,0.414,,1.641,,e55:+0.030;e57*:+0.022
1743,camel_science,A,4,5,2,1,0.46,HELDOUT,,,,,e58:-0.125;e61:+0.000;e63:-0.125;e69*:-0.125
1744,ai2_arc,A,4,8,2,8,0.46,ADMIT,0.13,-0.0,0.0,,e72:-0.039;e73:-0.344;e74:-0.016;e75*:-0.062
1745,python_instructions,B,4,7,1,128,0.57,ADMIT,0.02,,0.828,,e19:+0.003;e20:-0.009;e21:+0.007;e23*:+0.001
1746,metamath,B,4,6,1,113,0.5,ADMIT,0.139,-0.003,0.166,,e25:-0.077;e27:-0.028;e29:-0.104;e30*:-0.028
1747,slimorca,A,4,11,2,5,0.46,ADMIT,1.531,0.036,0.863,,e76:-1.137;e78:-1.137;e79:-1.750;e80*:-0.838
1748,gsm8k,B,4,9,3,84,0.45,ADMIT,0.415,,0.479,,e18:+0.066;e19:-0.022;e20:-0.088;e21*:-0.021
1749,ultrachat,A,3,27,2,128,0.45,ADMIT,0.047,0.0,0.867,,e84:-0.093;e85:-0.064;e87*:-0.057
1750,python_instructions,A,4,6,1,20,0.57,ADMIT,0.212,,0.301,,e31:+0.016;e32:+0.006;e33:-0.359;e35*:-0.009
1751,slimorca,B,4,6,3,7,0.45,ADMIT,2.895,0.112,0.49,,e23:-1.679;e25:-1.696;e27:-0.946;e29*:-1.455
1752,ultrachat,A,2,49,2,128,0.49,ADMIT,0.262,0.001,1.781,,e89:-0.047;e90*:-0.037
1753,camel_science,B,4,3,2,4,0.47,ADMIT,0.36,,1.297,,e91:-0.094;e93:-0.438;e95:-1.312;e97*:-1.312
1754,github_code,B,4,8,1,128,0.57,ADMIT,0.028,,0.594,,e39:-0.033;e40:-0.006;e41:-0.006;e42*:-0.021
1755,python_instructions,A,4,6,1,108,0.56,ADMIT,0.145,,0.539,,e43:+0.001;e45:+0.005;e46:+0.020;e47*:-0.005
1756,camel_science,B,4,4,2,5,0.47,ADMIT,1.107,0.03,4.406,,e98:+0.625;e22:+0.625;e24:+0.850;e37*:+0.569
1757,github_code,B,4,8,1,36,0.57,ADMIT,0.141,-0.002,0.395,,e48:-0.045;e50:+0.002;e51:+0.005;e55*:-0.036
1758,gsm8k,B,4,7,0,115,0.54,ADMIT,0.939,,0.083,,e48:-0.054;e50:-0.103;e51:-0.054;e47*:-0.054
1759,github_code,B,4,6,1,7,0.57,HELDOUT,,,,,e57:-0.098;e58:-0.045;e61:-0.054;e63*:-0.054
1760,metamath,B,4,9,0,101,0.5,ADMIT,0.52,,0.201,,e57:-0.070;e58:-0.069;e61:-0.056;e55*:-0.085
1761,github_code,A,4,9,1,4,0.58,HELDOUT,,,,,e69:-0.156;e72:-0.062;e73:+0.281;e74*:+0.000
1762,ultrachat,B,4,21,2,128,0.46,ADMIT,0.149,,0.969,,e71:-0.019;e81:+0.000;e82:+0.014;e83*:-0.047
1763,python_instructions,A,4,6,1,80,0.57,ADMIT,0.111,,0.182,,e75:-0.005;e76:+0.000;e78:-0.015;e79*:-0.002
1764,camel_science,B,4,3,2,3,0.47,HELDOUT,,,,,e86:-0.833;e94:-0.833;e1:-2.083;e2*:-2.083
1765,github_code,A,4,7,1,38,0.58,ADMIT,0.28,-0.0,0.648,,e80:+0.033;e84:+0.015;e85:-0.036;e87*:+0.030
1766,python_instructions,B,4,8,1,38,0.58,HELDOUT,,,,,e89:-0.028;e90:-0.033;e91:+0.003;e93*:-0.002
1767,metamath,A,4,7,3,99,0.5,ADMIT,0.21,-0.0,0.149,,e31:-0.028;e32:-0.040;e33:-0.039;e35*:-0.028
1768,ai2_arc,B,4,10,2,8,0.45,HELDOUT,,,,,e3:-0.250;e4:-0.047;e5:-0.195;e6*:-0.391
1769,slimorca,B,4,11,2,83,0.53,ADMIT,0.021,0.001,0.758,,e7:-0.097;e8:-0.087;e12:-0.087;e13*:-0.079
1770,metamath,B,4,7,3,128,0.46,ADMIT,0.236,0.015,0.076,,e37:-0.131;e39:-0.048;e40:-0.090;e41*:-0.047
1771,gsm8k,A,4,8,0,128,0.52,ADMIT,0.064,0.007,0.193,,e63:-0.102;e69:-0.101;e72:-0.071;e73*:-0.040
1772,metamath,A,4,8,3,122,0.45,ADMIT,0.295,-0.001,0.168,,e42:-0.131;e43:-0.038;e45:-0.024;e46*:-0.069
1773,ultrachat,A,2,42,2,128,0.45,HELDOUT,,,,,e14:-0.007;e15*:-0.000
1774,camel_science,A,4,4,2,2,0.35,REFUSE,,,1.062,,e16:-2.750;e17:-3.969;e18:+0.688;e19*:-2.281
1775,github_code,B,4,5,1,33,0.64,HELDOUT,,,,,e95:-0.011;e97:-0.011;e98:-0.019;e0*:+0.000
1776,camel_science,B,4,4,2,1,0.38,REFUSE,,,7.5,,e20:-1.188;e21:-1.312;e23:-1.312;e24*:-1.062
1777,gsm8k,B,4,8,3,128,0.42,ADMIT,0.069,0.004,0.445,,e47:-0.048;e48:-0.042;e50:-0.030;e51*:+0.002
1778,python_instructions,B,4,9,1,128,0.66,ADMIT,0.024,,0.469,,e22:+0.004;e44:+0.007;e60:+0.007;e65*:+0.008
1779,gsm8k,A,4,6,0,81,0.49,ADMIT,0.305,,0.314,,e74:-0.106;e75:-0.106;e76:-0.049;e78*:-0.102
1780,ai2_arc,B,4,10,2,7,0.35,ADMIT,0.087,0.004,0.0,,e25:-0.161;e27:-0.036;e29:-0.161;e30*:-0.036
1781,python_instructions,B,4,4,1,128,0.58,ADMIT,0.221,,0.961,,e66:-0.010;e67:+0.005;e96:-0.008;e99*:-0.007
1782,python_instructions,A,4,6,1,128,0.62,ADMIT,0.091,,0.695,,e1:+0.001;e2:-0.009;e3:-0.007;e4*:-0.005
1783,slimorca,B,4,8,2,128,0.51,ADMIT,0.071,0.029,1.508,,e31:-0.073;e33:+0.008;e35:-0.003;e37*:-0.023
1784,slimorca,B,4,12,2,1,0.4,REFUSE,,,0.125,,e39:-4.312;e40:-2.125;e41:-1.375;e42*:-4.312
1785,ai2_arc,B,4,9,2,12,0.43,ADMIT,0.093,0.124,0.0,,e43:-0.266;e44:-0.375;e45:-0.031;e46*:-0.266
1786,python_instructions,B,4,6,1,128,0.57,ADMIT,0.058,-0.004,0.715,,e5:+0.004;e6:+0.005;e7:+0.001;e8*:+0.001
1787,gsm8k,B,4,9,3,128,0.48,HELDOUT,,,,,e55:-0.056;e57:-0.056;e58:-0.056;e61*:-0.056
1788,python_instructions,A,4,7,1,128,0.65,ADMIT,0.093,,0.926,,e12:+0.011;e13:+0.017;e14:+0.007;e15*:+0.021
1789,ai2_arc,B,4,11,2,11,0.35,ADMIT,0.216,0.088,0.102,,e47:+0.023;e48:-0.420;e50:+0.000;e51*:-0.102
1790,python_instructions,A,4,9,1,67,0.71,ADMIT,0.044,,0.479,,e16:-0.028;e17:-0.023;e18:-0.009;e19*:-0.017
1791,metamath,A,4,10,0,128,0.53,ADMIT,0.204,,0.121,,e79:-0.062;e80:-0.031;e84:-0.120;e85*:-0.120
1792,ai2_arc,B,4,7,2,5,0.35,ADMIT,0.389,,0.0,,e55:+0.000;e57:+0.000;e58:+0.000;e61*:+0.000
1793,camel_science,A,4,3,2,2,0.37,REFUSE,,,1.906,,e63:-2.594;e69:-1.422;e72:-0.469;e73*:-0.531
1794,gsm8k,B,4,9,0,128,0.46,ADMIT,0.506,,0.205,,e87:-0.088;e89:-0.063;e90:-0.048;e91*:-0.053
1795,github_code,B,4,5,1,2,0.67,REFUSE,,,1.875,,e20:-1.781;e21:-0.688;e23:-1.031;e24*:-0.219
1796,github_code,B,4,6,1,21,0.69,ADMIT,0.138,,0.095,,e25:+0.012;e27:-0.021;e29:+0.018;e30*:+0.012
1797,github_code,B,4,4,1,14,0.7,HELDOUT,,,,,e31:-0.031;e33:-0.058;e35:-0.031;e37*:-0.062
1798,ai2_arc,A,4,8,2,4,0.35,ADMIT,0.412,-0.003,0.0,,e74:+0.000;e75:-0.109;e76:-0.109;e78*:+0.000
1799,slimorca,A,4,10,2,128,0.38,ADMIT,0.082,0.001,0.574,,e79:-0.037;e80:-0.038;e84:-0.060;e85*:-0.077
1800,slimorca,B,4,10,2,46,0.36,HELDOUT,,,,,e87:-0.171;e89:-0.182;e90:-0.050;e91*:-0.065
1801,ai2_arc,B,4,5,2,2,0.37,REFUSE,,,0.0,,e93:+0.000;e95:-0.062;e97:-0.125;e98*:-0.125
1802,slimorca,B,2,52,2,1,0.35,REFUSE,,,4.75,,e9:+0.000;e11*:-1.000
1803,camel_science,B,4,4,2,2,0.33,REFUSE,,,0.0,,e44:-0.062;e70:-0.125;e71:-0.062;e81*:-0.062
1804,metamath,B,4,9,1,115,0.67,HELDOUT,,,,,e39:-0.049;e40:-0.040;e41:-0.070;e42*:-0.106
1805,camel_science,B,4,5,2,1,0.36,REFUSE,,,0.0,,e83:-2.000;e86:-0.312;e94:-0.250;e1*:-0.375
1806,python_instructions,A,4,6,1,2,0.73,HELDOUT,,,,,e43:-0.344;e45:-1.109;e46:-0.375;e47*:-0.094
1807,ai2_arc,B,4,10,2,9,0.37,ADMIT,0.101,,0.0,,e2:-0.007;e3:-0.007;e4:+0.000;e5*:+0.000
1808,python_instructions,B,4,4,1,65,0.75,ADMIT,0.122,,0.324,,e48:+0.009;e50:+0.031;e51:+0.003;e55*:+0.000
1809,metamath,B,4,7,3,128,0.43,ADMIT,0.462,-0.007,0.322,,e67:-0.055;e69:-0.093;e72:-0.080;e73*:-0.093
1810,ultrachat,A,3,36,2,128,0.36,HELDOUT,,,,,e6:-0.058;e7:-0.015;e8*:-0.006
1811,ai2_arc,B,4,10,2,9,0.5,ADMIT,0.371,,0.0,,e12:-0.840;e13:-0.556;e14:-0.014;e15*:-0.715
1812,python_instructions,B,4,6,1,17,0.78,ADMIT,0.086,,0.328,,e57:-0.074;e58:-0.142;e61:-0.096;e63*:-0.099
1813,slimorca,B,4,15,1,128,0.71,HELDOUT,,,,,e67:-0.122;e69:-0.140;e72:-0.059;e73*:-0.044
1814,slimorca,A,4,18,2,128,0.46,HELDOUT,,,,,e16:-0.035;e17:-0.018;e18:-0.044;e19*:-0.067
1815,camel_science,B,4,4,2,2,0.47,REFUSE,,,1.0,,e20:-0.938;e21:-0.938;e23:-0.938;e24*:-0.938
1816,ai2_arc,B,4,7,2,5,0.47,ADMIT,0.147,0.117,1.398,,e25:-0.600;e27:-0.838;e29:-0.838;e30*:-0.537
1817,github_code,A,4,4,1,14,0.65,ADMIT,0.12,-0.016,1.023,,e74:-0.056;e75:-0.417;e76:-0.056;e78*:-0.020
1818,camel_science,B,4,4,2,2,0.46,REFUSE,,,1.875,,e31:-2.422;e33:-3.781;e35:-3.781;e37*:-0.938
1819,python_instructions,A,4,10,1,128,0.65,ADMIT,0.051,,0.629,,e79:-0.011;e80:-0.017;e84:-0.022;e85*:+0.005
1820,github_code,B,4,7,1,7,0.65,ADMIT,0.35,,2.172,,e87:-0.438;e89:-0.857;e90:-0.527;e91*:-0.429
1821,ai2_arc,B,4,8,2,13,0.46,HELDOUT,,,,,e39:-0.019;e40:-0.010;e41:+0.000;e42*:+0.000
1822,camel_science,A,4,6,2,3,0.5,HELDOUT,,,,,e43:-0.917;e45:+0.000;e46:-0.042;e47*:+0.000
1823,github_code,B,4,6,1,33,0.66,ADMIT,0.113,0.029,0.416,,e93:+0.009;e95:+0.044;e97:+0.021;e98*:+0.074
1824,python_instructions,B,4,7,1,58,0.66,ADMIT,0.342,,0.379,,e0:-0.034;e22:-0.016;e32:-0.017;e36*:-0.010
1825,github_code,B,4,7,1,12,0.65,ADMIT,0.364,,0.115,,e60:+0.000;e65:+0.104;e66:-0.010;e96*:-1.073
1826,ai2_arc,B,4,9,2,5,0.53,ADMIT,0.095,0.028,0.05,,e48:-0.062;e50:-0.013;e51:-0.163;e55*:+0.000
1827,camel_science,B,4,5,2,2,0.5,REFUSE,,,5.188,,e57:+0.906;e58:+0.469;e61:+1.656;e63*:+1.094
1828,camel_science,B,4,4,2,2,0.5,HELDOUT,,,,,e67:-0.969;e69:-2.922;e72:-2.922;e73*:-1.625
1829,github_code,B,4,5,1,44,0.66,ADMIT,0.338,0.004,0.439,,e99:+0.004;e1:-0.030;e2:-0.037;e3*:-0.026
1830,github_code,B,4,4,1,38,0.64,ADMIT,0.052,,0.664,,e4:-0.031;e5:-0.020;e6:-0.020;e7*:-0.046
1831,metamath,B,4,12,1,128,0.59,HELDOUT,,,,,e8:-0.024;e12:-0.024;e13:-0.031;e14*:-0.032
1832,camel_science,A,4,3,2,2,0.55,REFUSE,,,1.688,,e74:+0.562;e75:-1.125;e76:-1.125;e78*:-1.125
1833,github_code,A,4,4,1,65,0.71,ADMIT,0.044,-0.006,1.422,,e15:-0.027;e16:-0.007;e17:-0.001;e18*:-0.019
1834,camel_science,A,4,4,2,2,0.59,REFUSE,,,0.188,,e79:-2.844;e80:-1.469;e84:-2.844;e85*:-2.844
1835,ai2_arc,B,4,12,2,8,0.55,HELDOUT,,,,,e87:+0.000;e89:+0.000;e90:+0.000;e91*:-0.547
1836,ultrachat,A,3,32,2,128,0.6,ADMIT,0.057,-0.002,1.047,,e93:-0.087;e95:-0.052;e97*:-0.018
1837,camel_science,B,4,4,2,3,0.57,REFUSE,,,0.543,,e98:-0.896;e9:-0.896;e11:-0.896;e44*:-0.896
1838,ai2_arc,B,4,9,2,5,0.58,HELDOUT,,,,,e70:+0.000;e71:+0.000;e81:+0.000;e83*:-0.013
1839,slimorca,B,4,8,2,128,0.6,HELDOUT,,,,,e86:-0.013;e94:-0.003;e1:-0.010;e2*:-0.019
1840,python_instructions,B,4,4,1,70,0.71,HELDOUT,,,,,e20:-0.013;e21:-0.004;e23:-0.011;e24*:-0.081
1841,slimorca,B,4,19,2,89,0.33,ADMIT,0.022,0.01,0.934,,e3:-0.093;e4:-0.141;e5:-0.021;e6*:-0.102
1842,camel_science,B,4,3,2,4,0.28,ADMIT,0.271,-0.799,0.0,,e7:+0.000;e12:+0.000;e13:-0.109;e14*:-0.062
1843,slimorca,A,4,26,3,30,0.32,ADMIT,0.077,-0.004,0.138,,e75:+0.023;e76:+0.023;e78:+0.023;e79*:+0.023
1844,ultrachat,A,3,33,3,128,0.36,HELDOUT,,,,,e80:-0.046;e84:-0.034;e85*:-0.041
1845,github_code,A,4,3,1,88,0.59,ADMIT,0.094,,1.094,,e25:-0.062;e27:-0.033;e29:-0.053;e30*:-0.060
1846,slimorca,A,4,8,2,2,0.39,REFUSE,,,0.0,,e15:-0.250;e16:-0.062;e17:-2.188;e18*:-0.406
1847,ultrachat,B,3,30,2,128,0.33,ADMIT,0.158,,0.52,,e19:-0.082;e20:-0.046;e21*:-0.021
1848,github_code,B,4,3,1,55,0.65,ADMIT,0.2,0.005,1.594,,e31:-0.094;e33:-0.111;e35:-0.100;e37*:-0.100
1849,gsm8k,B,4,10,0,113,0.43,ADMIT,0.699,-0.004,0.449,,e95:+0.029;e96:-0.074;e97:-0.059;e98*:-0.029
1850,github_code,B,4,6,1,20,0.65,HELDOUT,,,,,e39:+0.003;e40:-0.006;e41:-0.084;e42*:+0.000
1851,ultrachat,A,2,49,3,128,0.31,ADMIT,0.028,-0.003,2.375,,e87:-0.063;e89*:-0.063
1852,ultrachat,B,3,29,2,128,0.45,ADMIT,0.207,,0.734,,e23:-0.026;e24:-0.018;e25*:+0.010
1853,ai2_arc,A,4,5,2,1,0.42,REFUSE,,,0.0,,e27:+0.000;e29:+0.000;e30:+0.000;e31*:+0.000
1854,camel_science,B,4,4,2,3,0.34,HELDOUT,,,,,e33:+1.188;e35:+1.188;e37:+1.188;e39*:+1.188
1855,ai2_arc,B,4,8,2,7,0.34,HELDOUT,,,,,e40:+0.000;e41:+0.000;e42:-0.152;e43*:-0.045
1856,github_code,A,4,4,1,128,0.71,ADMIT,0.036,,1.109,,e43:+0.013;e45:+0.019;e46:-0.003;e47*:+0.005
1857,ai2_arc,A,4,9,2,10,0.36,ADMIT,0.056,-0.007,0.0,,e45:+0.000;e46:-0.294;e47:-0.237;e48*:-0.294
1858,python_instructions,B,4,7,1,74,0.71,ADMIT,0.064,,0.949,,e48:-0.037;e50:-0.044;e51:-0.054;e55*:-0.026
1859,ultrachat,B,2,55,1,128,0.73,ADMIT,0.439,,0.992,,e57:-0.015;e58*:-0.045
1860,camel_science,B,4,4,2,3,0.4,REFUSE,,,0.0,,e55:+0.000;e57:-0.354;e50:-0.042;e51*:-0.354
1861,slimorca,B,4,19,2,45,0.36,ADMIT,0.084,,0.006,,e58:-0.012;e61:-0.104;e63:-0.043;e65*:-0.196
1862,slimorca,A,4,11,2,29,0.37,HELDOUT,,,,,e69:-0.274;e72:-0.466;e73:-0.468;e74*:-0.328
1863,ai2_arc,A,4,8,2,5,0.41,ADMIT,0.096,,0.0,,e75:+0.000;e76:+0.000;e78:+0.000;e79*:+0.000
1864,ai2_arc,A,4,7,2,3,0.4,REFUSE,,,0.0,,e80:-0.667;e84:-0.167;e85:+0.000;e87*:-0.167
1865,ai2_arc,B,4,7,2,3,0.39,REFUSE,,,0.0,,e89:-2.104;e90:+0.000;e91:+0.000;e93*:-2.104
1866,camel_science,B,4,4,2,1,0.39,REFUSE,,,0.125,,e95:-1.500;e96:-1.500;e97:-2.000;e98*:-0.688
1867,ai2_arc,B,4,8,2,6,0.49,ADMIT,0.26,-0.028,0.0,,e7:-0.062;e9:-0.062;e11:-0.354;e44*:-0.042
1868,github_code,B,4,8,1,58,0.72,ADMIT,0.465,,0.157,,e61:+0.002;e63:+0.002;e65:-0.017;e69*:-0.006
1869,slimorca,B,4,12,2,128,0.42,ADMIT,0.183,,1.391,,e70:+0.001;e71:-0.030;e81:-0.024;e83*:-0.092
1870,ultrachat,A,4,24,1,128,0.72,ADMIT,0.063,-0.009,0.27,,e72:+0.001;e73:-0.042;e74:-0.018;e75*:-0.077
1871,gsm8k,B,4,8,3,108,0.33,ADMIT,0.105,0.012,0.566,,e90:-0.110;e91:-0.005;e93:-0.014;e95*:-0.012
1872,python_instructions,A,4,7,1,128,0.58,ADMIT,0.051,,0.387,,e76:-0.008;e78:-0.005;e79:-0.005;e80*:-0.011
1873,metamath,B,4,11,0,128,0.37,ADMIT,0.684,,0.158,,e26:-0.048;e28:-0.043;e49:-0.048;e52*:-0.043
1874,ai2_arc,B,4,8,2,7,0.39,ADMIT,0.269,,0.66,,e86:+0.098;e1:+0.009;e2:+0.554;e3*:+0.205
1875,ai2_arc,B,4,9,2,10,0.43,HELDOUT,,,,,e4:+0.000;e5:+0.000;e6:-0.013;e8*:-0.019
1876,slimorca,B,4,11,2,88,0.43,HELDOUT,,,,,e12:-0.039;e13:-0.046;e14:-0.119;e15*:-0.137
1877,gsm8k,A,4,8,2,128,0.38,ADMIT,0.108,,0.562,,e16:-0.025;e17:-0.034;e18:-0.013;e19*:-0.037
1878,ai2_arc,B,4,12,2,5,0.34,ADMIT,0.645,0.004,1.0,,e20:-0.662;e21:-0.662;e23:+0.950;e24*:+0.950
1879,camel_science,A,4,5,2,1,0.31,REFUSE,,,0.125,,e25:-0.875;e27:-0.188;e29:-0.125;e30*:-0.500
1880,ultrachat,A,3,32,2,128,0.37,ADMIT,0.113,,0.934,,e31:-0.011;e33:-0.024;e35*:-0.043
1881,ai2_arc,B,4,10,2,7,0.31,HELDOUT,,,,,e37:+0.000;e39:-0.018;e40:+0.000;e41*:-0.107
1882,metamath,B,4,8,3,88,0.37,ADMIT,0.412,0.0,0.127,,e96:-0.175;e97:-0.151;e98:-0.011;e10*:-0.050
1883,slimorca,B,3,33,3,128,0.32,HELDOUT,,,,,e34:-0.054;e36:-0.050;e38*:-0.045
1884,metamath,B,4,10,3,128,0.41,ADMIT,0.161,-0.004,0.336,,e54:+0.012;e59:-0.038;e68:-0.096;e82*:-0.045
1885,ai2_arc,A,4,6,2,5,0.35,ADMIT,0.065,0.019,0.0,,e42:-0.062;e43:-0.062;e45:-0.412;e46*:-0.362
1886,gsm8k,B,4,9,3,128,0.38,HELDOUT,,,,,e92:-0.109;e1:-0.034;e2:-0.050;e3*:-0.109
1887,gsm8k,B,4,8,3,112,0.46,HELDOUT,,,,,e4:-0.040;e5:-0.060;e6:-0.027;e11*:-0.027
1888,camel_science,B,4,6,2,2,0.52,HELDOUT,,,,,e47:-0.188;e48:-0.969;e50:-1.906;e51*:-0.625
1889,gsm8k,B,4,8,3,100,0.55,ADMIT,0.133,-0.012,0.158,,e12:-0.077;e13:-0.051;e14:-0.041;e15*:-0.042
1890,ai2_arc,B,4,6,2,3,0.54,REFUSE,,,0.042,,e55:-0.042;e57:+0.000;e58:+0.000;e61*:-1.062
1891,camel_science,B,4,6,2,2,0.53,REFUSE,,,1.344,,e63:-0.656;e67:+0.125;e69:+0.156;e72*:-0.031
1892,camel_science,A,4,6,2,1,0.53,REFUSE,,,4.625,,e73:-3.125;e74:-0.312;e75:-0.625;e76*:-3.125
1893,gsm8k,A,4,11,3,128,0.61,ADMIT,0.044,,0.451,,e16:-0.044;e17:-0.003;e18:+0.000;e19*:-0.052
1894,gsm8k,B,4,9,3,126,0.59,ADMIT,0.139,-0.004,0.25,,e20:-0.043;e21:-0.009;e23:-0.023;e24*:-0.031
1895,gsm8k,A,4,10,3,126,0.5,ADMIT,1.714,0.002,0.312,,e25:-0.033;e27:-0.059;e29:-0.033;e30*:-0.032
1896,python_instructions,A,4,4,1,58,0.79,ADMIT,0.088,0.002,0.194,,e84:-0.002;e85:+0.013;e87:-0.012;e89*:+0.013
1897,gsm8k,B,4,9,0,128,0.43,ADMIT,0.688,,0.836,,e53:+0.013;e56:-0.020;e64:-0.004;e77*:+0.008
1898,camel_science,A,4,4,2,3,0.56,REFUSE,,,2.0,,e78:-0.521;e79:+0.479;e80:+1.062;e84*:+0.479
1899,ai2_arc,A,4,9,2,6,0.53,ADMIT,0.25,,0.125,,e85:-0.083;e87:-0.156;e89:-0.917;e90*:-0.198
1900,slimorca,B,4,20,3,3,0.56,REFUSE,,,0.042,,e31:-3.542;e33:-2.417;e35:-1.979;e37*:-1.229
1901,slimorca,B,4,5,2,79,0.65,ADMIT,0.234,,1.039,,e91:-0.055;e93:-0.218;e95:-0.054;e96*:-0.102
1902,python_instructions,B,4,2,1,81,0.82,ADMIT,0.075,,0.555,,e91:+0.014;e93:+0.006;e95:+0.001;e90*:-0.018
1903,metamath,B,4,4,3,108,0.58,ADMIT,0.029,,0.062,,e39:-0.065;e40:-0.062;e41:-0.080;e42*:-0.049
1904,slimorca,B,3,25,2,62,0.54,ADMIT,0.093,,0.281,,e97:+0.039;e98:+0.010;e7*:+0.044
1905,python_instructions,B,4,3,1,128,0.85,HELDOUT,,,,,e97:+0.001;e98:-0.017;e96:-0.017;e0*:+0.001
1906,metamath,A,4,6,3,128,0.55,ADMIT,0.103,,0.086,,e43:-0.054;e45:-0.036;e46:-0.042;e47*:-0.025
1907,camel_science,B,4,2,2,3,0.53,REFUSE,,,1.125,,e8:-0.521;e9:-1.438;e44:-0.521;e62*:-1.312
1908,ultrachat,B,4,23,2,128,0.53,HELDOUT,,,,,e71:-0.053;e81:-0.024;e83:-0.043;e86*:-0.034
1909,gsm8k,B,4,3,3,54,0.5,ADMIT,0.081,0.002,0.216,,e48:-0.089;e50:-0.147;e51:-0.138;e55*:-0.108
1910,camel_science,A,4,2,2,4,0.34,ADMIT,1.408,0.187,0.0,,e1:-1.328;e2:-0.062;e3:-1.328;e4*:-1.328
1911,ai2_arc,B,4,5,2,8,0.34,HELDOUT,,,,,e5:+0.000;e6:-0.016;e11:-0.016;e12*:-0.055
1912,metamath,B,4,4,2,128,0.48,ADMIT,0.099,,0.211,,e13:-0.032;e14:-0.066;e15:-0.065;e16*:-0.109
1913,slimorca,B,4,17,3,128,0.49,ADMIT,0.015,0.004,0.867,,e57:-0.098;e58:-0.037;e61:-0.061;e63*:-0.087
1914,ai2_arc,A,4,4,2,3,0.38,REFUSE,,,0.0,,e17:+0.000;e18:-1.792;e19:-0.083;e20*:+0.000
1915,ai2_arc,B,4,4,2,9,0.36,ADMIT,0.311,,0.334,,e21:+0.236;e23:+0.007;e24:+0.319;e25*:+0.236
1916,camel_science,A,4,2,2,1,0.36,HELDOUT,,,,,e27:-1.062;e29:-1.062;e30:-2.812;e31*:-1.375
1917,slimorca,B,4,13,2,18,0.46,ADMIT,0.141,0.026,0.387,,e33:-0.174;e35:-0.247;e37:-0.257;e39*:+0.059
1918,github_code,B,4,3,1,35,0.59,ADMIT,0.033,0.004,0.355,,e22:+0.038;e32:-0.030;e60:-0.004;e65*:-0.018
1919,python_instructions,B,4,2,1,99,0.58,HELDOUT,,,,,e66:-0.009;e70:-0.009;e94:-0.004;e99*:-0.013
1920,ultrachat,B,4,16,1,128,0.51,HELDOUT,,,,,e1:-0.036;e2:-0.010;e3:-0.013;e4*:-0.107
1921,ai2_arc,B,4,3,2,2,0.42,REFUSE,,,0.0,,e40:-0.156;e41:+0.000;e42:-1.688;e43*:+0.000
1922,camel_science,A,4,2,2,5,0.43,HELDOUT,,,,,e45:-0.200;e46:-0.125;e47:-0.662;e48*:-0.125
1923,ultrachat,B,2,54,3,128,0.54,ADMIT,0.149,,1.344,,e67:+0.020;e69*:+0.020
1924,camel_science,B,4,1,2,2,0.43,REFUSE,,,2.188,,e50:+0.250;e51:+0.844;e55:+0.250;e57*:-0.812
1925,github_code,B,4,2,1,44,0.5,ADMIT,0.135,,0.277,,e5:-0.006;e6:+0.003;e11:-0.003;e12*:+0.000
1926,ai2_arc,B,4,3,2,1,0.46,REFUSE,,,0.0,,e58:-0.375;e61:+0.000;e63:-2.125;e67*:-3.375
1927,slimorca,A,4,6,2,128,0.45,HELDOUT,,,,,e69:-0.020;e72:-0.048;e73:-0.032;e74*:+0.004
1928,gsm8k,A,4,4,0,86,0.4,ADMIT,0.073,-0.0,0.42,,e88:-0.062;e1:-0.065;e2:-0.063;e3*:-0.063
1929,camel_science,A,4,2,2,2,0.41,REFUSE,,,0.0,,e75:-0.250;e76:+0.000;e78:+0.000;e79*:+0.000
1930,camel_science,A,4,1,2,1,0.39,REFUSE,,,0.0,,e80:-2.375;e84:-8.000;e85:-8.062;e87*:-8.000
1931,metamath,B,4,4,1,128,0.47,ADMIT,0.028,,0.32,,e13:-0.056;e14:-0.004;e15:-0.070;e16*:-0.004
1932,camel_science,B,4,2,2,2,0.39,REFUSE,,,0.562,,e89:+0.500;e90:+0.000;e91:-0.500;e93*:-0.500
1933,ultrachat,A,3,26,2,128,0.43,ADMIT,0.14,0.001,1.07,,e95:+0.005;e96:-0.018;e97*:-0.024
1934,ultrachat,B,2,36,3,128,0.48,ADMIT,0.217,,1.234,,e72:-0.074;e73*:-0.078
1935,ultrachat,B,2,42,2,128,0.4,ADMIT,0.146,,0.949,,e98:-0.018;e7*:-0.010
1936,gsm8k,A,4,4,3,105,0.51,ADMIT,0.126,,0.789,,e74:-0.029;e75:-0.014;e76:-0.051;e78*:-0.059
1937,python_instructions,A,4,3,1,53,0.51,HELDOUT,,,,,e17:-0.039;e18:-0.058;e19:-0.008;e20*:-0.008
1938,ultrachat,B,4,21,2,128,0.43,HELDOUT,,,,,e8:-0.020;e9:-0.013;e44:-0.002;e62*:-0.006
1939,metamath,B,4,6,0,128,0.5,ADMIT,0.636,-0.005,0.097,,e4:-0.056;e5:-0.008;e6:-0.011;e11*:-0.032
1940,camel_science,B,4,1,2,1,0.42,REFUSE,,,0.875,,e71:-3.750;e81:-7.094;e83:-3.125;e86*:+0.250
1941,slimorca,B,4,12,2,18,0.45,ADMIT,0.125,,0.049,,e1:-0.101;e2:-0.163;e3:-0.122;e4*:-0.382
1942,camel_science,B,4,2,2,4,0.4,HELDOUT,,,,,e5:+0.219;e6:+0.219;e11:+0.219;e12*:+0.219
1943,metamath,A,4,4,3,128,0.56,ADMIT,0.868,-0.002,0.161,,e80:-0.016;e84:-0.048;e85:-0.088;e87*:-0.034
1944,camel_science,B,4,2,2,2,0.41,REFUSE,,,5.062,,e13:+3.000;e14:+2.406;e15:+1.438;e16*:+3.094
1945,camel_science,A,4,1,2,3,0.41,REFUSE,,,2.375,,e17:+0.500;e18:+0.104;e19:+0.938;e20*:+0.208
1946,github_code,B,4,1,1,128,0.56,ADMIT,0.233,-0.005,0.508,,e21:-0.005;e23:-0.005;e24:-0.010;e25*:-0.005
1947,metamath,B,4,3,3,109,0.62,HELDOUT,,,,,e89:-0.025;e90:-0.154;e91:-0.030;e93*:-0.024
1948,camel_science,B,4,1,2,3,0.48,REFUSE,,,0.0,,e21:-0.042;e23:-0.771;e24:-0.042;e25*:-0.042
1949,gsm8k,B,4,5,3,128,0.57,HELDOUT,,,,,e95:-0.040;e96:-0.030;e97:-0.058;e98*:-0.076
1950,metamath,B,4,4,3,87,0.56,ADMIT,0.118,-0.001,0.121,,e99:-0.170;e10:-0.102;e34:-0.176;e36*:-0.216
1951,metamath,B,4,5,3,128,0.56,ADMIT,0.028,-0.002,0.178,,e38:-0.054;e54:-0.025;e59:-0.054;e68*:-0.018
1952,ultrachat,A,4,22,2,128,0.55,HELDOUT,,,,,e27:-0.035;e29:-0.063;e30:-0.039;e31*:-0.059
1953,python_instructions,A,4,1,1,25,0.69,ADMIT,0.258,,0.445,,e27:+0.000;e29:+0.035;e30:+0.035;e31*:+0.010
1954,camel_science,B,4,1,2,1,0.36,HELDOUT,,,,,e33:-3.875;e35:+0.000;e39:-3.875;e40*:-3.875
1955,ultrachat,B,3,26,2,128,0.34,ADMIT,0.295,-0.01,1.078,,e41:-0.036;e42:-0.046;e43*:-0.117
1956,ultrachat,A,4,11,2,128,0.29,ADMIT,0.06,,1.008,,e45:+0.010;e46:+0.011;e47:+0.010;e48*:-0.027
1957,gsm8k,B,4,4,3,111,0.61,ADMIT,0.254,-0.003,0.648,,e82:-0.022;e92:+0.001;e1:-0.008;e2*:-0.048
1958,metamath,B,4,4,3,128,0.56,ADMIT,0.18,-0.005,0.324,,e3:-0.158;e4:-0.118;e5:-0.080;e6*:-0.113
1959,metamath,B,4,2,1,74,0.77,HELDOUT,,,,,e33:-0.125;e35:-0.125;e39:-0.090;e40*:-0.125
1960,python_instructions,B,4,5,1,128,0.86,HELDOUT,,,,,e40:-0.003;e41:+0.014;e42:+0.004;e43*:+0.012
1961,slimorca,B,4,8,2,22,0.37,ADMIT,0.07,-0.024,1.102,,e48:-0.153;e50:-0.148;e51:-0.122;e55*:-0.239
1962,ultrachat,B,3,26,2,128,0.41,ADMIT,0.004,,1.0,,e57:-0.032;e58:-0.030;e61*:-0.059
1963,ultrachat,B,3,26,2,128,0.38,ADMIT,0.235,-0.028,0.758,,e63:-0.038;e67:+0.004;e69*:-0.004
1964,metamath,B,4,4,0,105,0.51,ADMIT,0.155,-0.001,0.151,,e12:+0.006;e13:-0.061;e14:-0.023;e15*:-0.086
1965,camel_science,A,4,1,2,2,0.38,HELDOUT,,,,,e72:-0.562;e73:-0.125;e74:-0.375;e75*:-2.219
1966,camel_science,A,4,2,2,2,0.32,HELDOUT,,,,,e76:+0.188;e78:+1.812;e79:+1.844;e80*:+1.312
1967,python_instructions,A,4,1,1,69,0.65,ADMIT,0.393,-0.007,0.609,,e45:+0.002;e46:+0.000;e47:-0.013;e48*:-0.021
1968,python_instructions,B,4,3,1,84,0.71,HELDOUT,,,,,e50:-0.004;e51:-0.004;e55:-0.004;e57*:-0.004
1969,gsm8k,B,4,3,3,111,0.55,HELDOUT,,,,,e11:-0.007;e12:-0.015;e13:-0.013;e14*:-0.010
1970,metamath,B,4,4,1,128,0.62,ADMIT,0.052,,0.363,,e58:-0.048;e61:-0.093;e63:-0.055;e67*:-0.048
1971,slimorca,A,4,23,3,24,0.45,ADMIT,0.042,0.031,0.42,,e15:-0.237;e16:-0.237;e17:-0.316;e18*:-0.315
1972,github_code,A,4,2,1,51,0.69,ADMIT,0.055,-0.005,0.467,,e69:+0.044;e72:+0.062;e73:-0.010;e74*:+0.044
1973,ai2_arc,A,4,7,2,4,0.34,HELDOUT,,,,,e84:-0.062;e85:+0.000;e87:+0.000;e89*:+0.000
1974,camel_science,B,4,2,2,4,0.36,ADMIT,0.474,-0.007,1.312,,e90:-0.594;e91:-0.375;e93:-1.516;e95*:-0.719
1975,gsm8k,A,4,4,0,128,0.49,HELDOUT,,,,,e16:-0.038;e17:-0.022;e18:-0.034;e19*:-0.019
1976,python_instructions,A,4,2,1,87,0.58,ADMIT,0.067,,0.727,,e75:-0.006;e76:+0.002;e78:+0.002;e79*:-0.026
1977,gsm8k,B,4,3,3,128,0.52,ADMIT,0.195,,0.344,,e19:-0.084;e20:-0.011;e21:-0.068;e22*:-0.039
1978,github_code,A,4,3,1,52,0.56,ADMIT,0.111,0.011,1.195,,e80:-0.107;e84:-0.067;e85:-0.077;e87*:-0.054
1979,camel_science,B,4,2,2,2,0.37,REFUSE,,,0.0,,e96:-0.469;e97:+0.000;e98:-0.156;e8*:+0.000
1980,ai2_arc,B,4,5,2,9,0.38,ADMIT,0.254,,0.0,,e34:+0.000;e44:-0.014;e71:+0.000;e72*:-0.250
1981,python_instructions,B,4,2,1,127,0.75,ADMIT,0.292,,0.605,,e89:-0.011;e90:-0.011;e91:-0.011;e93*:-0.005
1982,gsm8k,B,4,3,3,86,0.51,HELDOUT,,,,,e22:-0.041;e23:-0.075;e24:-0.041;e25*:-0.034
1983,github_code,B,4,2,1,57,0.79,ADMIT,0.036,0.002,0.436,,e95:-0.024;e96:-0.020;e97:-0.025;e98*:+0.008
1984,ultrachat,B,3,34,2,128,0.41,ADMIT,0.03,,1.0,,e81:+0.000;e83:+0.001;e86*:-0.005
1985,slimorca,B,4,5,1,43,0.57,HELDOUT,,,,,e0:+0.009;e32:+0.023;e37:+0.038;e60*:-0.001
1986,github_code,B,4,1,1,128,0.78,ADMIT,0.145,,0.104,,e65:+0.001;e66:+0.000;e70:+0.000;e92*:+0.001
1987,camel_science,B,4,2,2,2,0.38,REFUSE,,,0.0,,e99:-0.750;e1:-0.469;e2:-2.938;e3*:-2.938
1988,github_code,B,4,4,1,44,0.78,ADMIT,0.062,,0.324,,e1:+0.007;e2:-0.003;e3:+0.003;e94*:+0.016
1989,github_code,B,4,1,1,29,0.7,ADMIT,0.299,,0.23,,e4:-0.006;e5:-0.004;e6:-0.006;e8*:-0.009
1990,ultrachat,B,3,26,2,128,0.41,ADMIT,0.072,,1.5,,e4:-0.086;e5:-0.080;e6*:-0.055
1991,metamath,A,4,6,3,128,0.53,ADMIT,0.249,-0.015,0.218,,e27:-0.013;e29:-0.020;e30:-0.019;e31*:-0.019
1992,ultrachat,A,3,33,3,128,0.46,HELDOUT,,,,,e33:-0.004;e35:-0.026;e39*:-0.030
1993,ultrachat,B,3,26,3,128,0.36,HELDOUT,,,,,e40:-0.029;e41:-0.019;e42*:-0.030
1994,metamath,A,4,5,3,128,0.44,HELDOUT,,,,,e43:-0.203;e45:-0.047;e46:-0.118;e47*:-0.070
1995,python_instructions,B,4,4,1,47,0.77,ADMIT,0.121,-0.002,0.311,,e11:-0.037;e12:-0.033;e13:-0.114;e14*:-0.120
1996,gsm8k,A,4,4,2,72,0.52,ADMIT,0.088,,0.75,,e11:-0.061;e12:-0.050;e13:-0.075;e8*:-0.050
1997,github_code,A,4,1,1,41,0.77,ADMIT,0.087,,0.734,,e15:+0.008;e16:-0.011;e17:-0.011;e18*:+0.008
1998,slimorca,B,4,17,3,15,0.42,ADMIT,0.054,0.017,0.092,,e48:-0.196;e50:-0.096;e51:-0.083;e55*:-0.392
1999,slimorca,B,4,13,2,77,0.47,ADMIT,0.231,,0.111,,e14:-0.026;e15:-0.061;e16:-0.022;e17*:-0.068
2000,slimorca,B,4,30,2,14,0.49,ADMIT,0.033,0.011,0.684,,e18:-0.022;e19:-0.036;e20:-0.045;e21*:-0.076
2001,python_instructions,B,4,6,1,128,0.68,ADMIT,0.192,-0.006,0.941,,e19:-0.002;e20:-0.013;e21:-0.011;e22*:-0.005
2002,github_code,B,4,7,1,29,0.62,ADMIT,0.226,-0.001,0.492,,e23:-0.017;e24:-0.015;e25:-0.037;e27*:-0.028
2003,ai2_arc,B,4,12,2,19,0.48,ADMIT,0.198,,0.0,,e23:+0.000;e24:+0.000;e25:+0.000;e22*:-0.013
2004,camel_science,A,4,5,2,1,0.48,HELDOUT,,,,,e27:+0.500;e29:+0.625;e30:+0.500;e31*:+0.625
2005,metamath,B,4,8,3,102,0.46,HELDOUT,,,,,e58:-0.066;e61:-0.066;e63:-0.066;e67*:-0.043
2006,camel_science,B,4,5,2,4,0.53,ADMIT,0.321,,0.0,,e33:-1.109;e35:-0.031;e39:-0.031;e40*:-0.031
2007,camel_science,B,4,4,2,1,0.53,REFUSE,,,0.0,,e41:+0.000;e42:+0.000;e43:+0.000;e45*:-0.125
2008,python_instructions,A,4,7,1,69,0.75,ADMIT,0.162,-0.018,0.35,,e29:-0.021;e30:-0.024;e31:-0.021;e33*:-0.014
2009,ultrachat,A,3,46,2,128,0.53,HELDOUT,,,,,e46:-0.026;e47:-0.024;e48*:-0.042
2010,ultrachat,B,2,85,2,128,0.46,ADMIT,0.229,0.006,0.652,,e50:-0.037;e51*:-0.034
2011,ultrachat,B,2,47,2,128,0.36,HELDOUT,,,,,e57:-0.012;e58*:-0.004
2012,python_instructions,B,4,5,1,128,0.76,HELDOUT,,,,,e35:-0.013;e39:-0.039;e40:+0.001;e41*:-0.011
2013,metamath,B,4,10,0,128,0.47,ADMIT,0.338,0.001,0.34,,e19:+0.006;e20:+0.063;e21:+0.008;e22*:+0.029
2014,github_code,A,4,8,1,38,0.6,ADMIT,0.159,0.002,0.27,,e42:-0.031;e43:-0.039;e45:+0.000;e46*:-0.016
2015,metamath,B,4,10,0,106,0.48,HELDOUT,,,,,e23:-0.050;e24:-0.052;e25:-0.063;e27*:-0.114
2016,camel_science,B,4,4,2,3,0.43,REFUSE,,,1.711,,e61:+0.229;e63:+0.521;e67:+0.229;e69*:+0.521
2017,github_code,A,4,6,1,7,0.64,ADMIT,0.276,-0.025,0.918,,e47:-0.089;e48:+0.000;e50:-0.027;e51*:-0.125
2018,slimorca,A,2,71,2,115,0.49,ADMIT,0.696,0.004,0.902,,e72:-0.042;e73*:-0.031
2019,gsm8k,A,4,10,0,106,0.52,HELDOUT,,,,,e29:-0.056;e30:-0.030;e31:-0.072;e33*:-0.033
2020,camel_science,A,4,5,2,4,0.45,ADMIT,4.927,0.063,2.047,,e74:-1.875;e75:-3.016;e76:-2.375;e78*:-0.984
2021,metamath,B,4,10,0,128,0.57,ADMIT,0.672,,0.35,,e35:+0.010;e39:-0.018;e40:+0.013;e41*:+0.022
2022,python_instructions,B,4,8,1,79,0.84,ADMIT,0.155,,0.318,,e57:+0.006;e58:+0.000;e61:+0.025;e63*:+0.012
2023,ai2_arc,A,4,7,2,2,0.45,REFUSE,,,1.438,,e79:-0.281;e80:+1.562;e84:-3.125;e85*:-0.906
2024,ultrachat,A,2,61,2,128,0.48,ADMIT,0.435,0.006,1.164,,e87:-0.063;e89*:-0.030
2025,github_code,B,4,7,1,13,0.82,ADMIT,0.124,-0.006,0.891,,e67:-0.216;e69:-0.144;e72:-0.120;e73*:-0.120
2026,github_code,A,4,8,1,75,0.84,ADMIT,0.068,,0.816,,e74:-0.017;e75:-0.067;e76:-0.109;e78*:-0.073
2027,ai2_arc,B,4,10,2,8,0.45,ADMIT,0.07,0.02,0.0,,e90:-0.070;e91:-0.023;e93:-0.242;e95*:-0.102
2028,ai2_arc,B,4,6,2,2,0.48,REFUSE,,,0.0,,e96:+0.000;e97:+0.000;e98:+0.000;e8*:+0.000
2029,ultrachat,A,3,42,3,128,0.5,ADMIT,0.328,,0.24,,e69:+0.014;e72:-0.005;e73*:-0.002
2030,github_code,B,4,4,2,80,0.56,ADMIT,0.037,0.006,1.055,,e9:-0.021;e28:-0.023;e34:-0.006;e44*:-0.021
2031,ai2_arc,B,4,8,2,3,0.44,REFUSE,,,0.0,,e71:-0.208;e81:-0.042;e86:-0.188;e99*:-0.125
2032,camel_science,B,4,5,2,3,0.44,REFUSE,,,2.562,,e0:+1.542;e1:+1.021;e2:+0.833;e3*:+0.833
2033,metamath,A,4,10,0,128,0.56,ADMIT,0.444,,0.028,,e42:-0.041;e43:-0.040;e45:-0.013;e46*:-0.051
2034,camel_science,B,4,4,2,1,0.49,REFUSE,,,0.0,,e4:-4.062;e5:-4.062;e6:+0.000;e11*:+0.000
2035,python_instructions,A,4,7,1,92,0.83,HELDOUT,,,,,e79:-0.004;e80:-0.011;e84:-0.014;e85*:-0.034
2036,github_code,B,4,6,1,108,0.65,ADMIT,0.332,0.0,0.434,,e87:-0.021;e89:-0.015;e90:-0.006;e91*:-0.013
2037,ultrachat,A,2,55,2,128,0.45,ADMIT,0.255,0.002,1.398,,e12:-0.038;e13*:-0.062
2038,ai2_arc,B,4,11,2,9,0.44,HELDOUT,,,,,e14:+0.000;e15:+0.000;e16:+0.000;e17*:+0.000
2039,camel_science,B,4,4,2,3,0.49,HELDOUT,,,,,e18:-0.062;e19:-2.510;e20:+0.042;e21*:-3.396
2040,ai2_arc,B,4,6,2,5,0.48,HELDOUT,,,,,e22:-0.863;e23:-0.500;e24:-1.050;e25*:-1.125
2041,camel_science,A,4,4,2,3,0.48,REFUSE,,,0.0,,e27:+0.000;e29:+0.000;e30:+0.000;e31*:-0.729
2042,camel_science,B,4,3,2,1,0.5,REFUSE,,,6.625,,e33:+3.188;e35:+3.188;e39:+3.188;e40*:+3.188
2043,python_instructions,A,4,7,1,35,0.71,ADMIT,0.085,-0.004,1.438,,e93:-0.243;e95:-0.062;e96:-0.046;e97*:-0.011
2044,metamath,B,4,12,1,128,0.68,ADMIT,0.288,,0.385,,e98:-0.058;e32:-0.050;e37:-0.041;e44*:-0.058
2045,ai2_arc,B,4,7,2,5,0.48,ADMIT,0.253,0.028,0.574,,e41:+0.025;e42:-0.200;e43:+0.400;e45*:-0.275
2046,github_code,B,4,7,1,26,0.71,ADMIT,0.603,,0.058,,e55:-0.010;e60:-0.022;e65:-0.101;e70*:-0.041
2047,gsm8k,A,4,9,0,67,0.53,ADMIT,0.288,0.004,0.283,,e47:-0.043;e48:-0.013;e50:-0.003;e51*:-0.003
2048,ai2_arc,A,4,7,2,4,0.48,ADMIT,0.532,,0.0,,e47:+0.000;e48:+0.000;e50:+0.000;e46*:-0.062
2049,metamath,A,4,10,3,128,0.58,HELDOUT,,,,,e74:+0.009;e75:-0.004;e76:+0.008;e78*:+0.005
2050,github_code,B,4,5,1,58,0.79,HELDOUT,,,,,e92:+0.014;e94:-0.018;e0:-0.015;e1*:-0.036
2051,ai2_arc,B,4,8,2,7,0.59,ADMIT,0.234,0.044,0.0,,e51:-0.080;e57:-0.009;e58:-0.438;e61*:+0.000
2052,ultrachat,B,4,19,2,128,0.63,HELDOUT,,,,,e63:-0.004;e66:-0.013;e69:-0.009;e72*:-0.017
2053,slimorca,A,4,34,2,53,0.47,ADMIT,0.071,0.001,0.496,,e73:-0.061;e74:-0.079;e75:-0.068;e76*:-0.113
2054,ai2_arc,A,4,8,2,4,0.45,ADMIT,0.237,0.112,0.0,,e78:-0.281;e79:-0.031;e80:-0.031;e84*:-0.375
2055,slimorca,A,4,35,2,6,0.46,ADMIT,0.107,-0.101,0.562,,e85:-0.354;e87:-0.208;e89:-0.812;e90*:+0.042
2056,slimorca,B,4,15,2,5,0.48,ADMIT,0.415,,0.05,,e91:-0.188;e93:-0.050;e95:-0.125;e96*:-0.963
2057,python_instructions,B,4,6,1,76,0.69,ADMIT,0.07,,0.438,,e2:+0.015;e3:+0.015;e4:+0.020;e5*:+0.026
2058,camel_science,B,4,4,2,3,0.45,REFUSE,,,0.334,,e97:-1.250;e98:-1.250;e8:-1.250;e9*:-0.812
2059,metamath,A,4,8,1,118,0.66,ADMIT,0.216,,0.076,,e6:-0.012;e11:-0.039;e12:-0.039;e13*:-0.039
2060,slimorca,B,4,35,2,65,0.47,ADMIT,0.127,-0.001,0.314,,e34:-0.148;e44:-0.179;e67:-0.239;e71*:-0.202
2061,gsm8k,B,4,11,0,84,0.52,HELDOUT,,,,,e57:-0.090;e58:-0.034;e61:-0.086;e63*:-0.022
2062,slimorca,B,4,20,2,128,0.52,ADMIT,0.071,0.007,0.723,,e81:-0.061;e86:-0.036;e99:-0.102;e0*:-0.010
2063,gsm8k,A,4,9,3,53,0.53,ADMIT,0.326,,0.066,,e79:-0.048;e80:-0.103;e84:-0.055;e85*:-0.041
2064,ultrachat,B,4,24,2,73,0.51,ADMIT,0.06,0.01,0.969,,e1:-0.081;e2:-0.047;e3:-0.031;e4*:-0.064
2065,metamath,B,4,4,1,79,0.67,ADMIT,0.213,,0.174,,e14:+0.000;e15:-0.005;e16:-0.044;e17*:-0.029
2066,slimorca,B,4,20,2,34,0.51,ADMIT,0.077,0.001,0.75,,e5:-0.059;e6:-0.040;e11:+0.024;e12*:-0.167
2067,camel_science,B,4,5,2,1,0.57,REFUSE,,,0.5,,e13:-4.625;e14:-0.125;e15:-0.312;e16*:-0.188
2068,metamath,B,4,9,3,128,0.57,ADMIT,0.395,,0.092,,e87:-0.083;e89:-0.083;e90:-0.088;e91*:-0.089
2069,gsm8k,B,4,9,0,79,0.52,ADMIT,0.72,-0.016,0.617,,e66:-0.039;e69:-0.039;e72:-0.103;e73*:-0.039
2070,github_code,A,4,7,1,13,0.8,ADMIT,0.027,,0.467,,e18:-0.255;e19:-0.255;e20:-0.115;e21*:-0.221
2071,camel_science,A,4,7,2,1,0.53,HELDOUT,,,,,e18:-7.938;e19:-0.938;e20:-0.938;e17*:-5.750
2072,github_code,B,4,5,1,50,0.71,ADMIT,0.253,-0.002,1.242,,e22:-0.036;e23:-0.016;e24:-0.038;e25*:-0.066
2073,camel_science,B,4,7,2,3,0.51,REFUSE,,,2.797,,e22:+0.771;e23:+0.771;e24:+0.771;e21*:+0.771
2074,slimorca,A,4,15,2,82,0.52,ADMIT,0.361,,1.258,,e25:-0.387;e27:-0.387;e29:-0.382;e30*:-0.295
2075,python_instructions,A,4,11,1,128,0.72,HELDOUT,,,,,e27:+0.026;e29:+0.016;e30:+0.014;e31*:-0.017
2076,slimorca,A,4,15,3,128,0.55,ADMIT,0.151,,1.172,,e93:+0.008;e95:+0.008;e96:+0.008;e97*:-0.031
2077,python_instructions,B,4,3,1,40,0.71,ADMIT,0.094,,0.291,,e33:-0.022;e35:-0.005;e39:+0.005;e40*:-0.009
2078,camel_science,A,4,3,2,3,0.51,REFUSE,,,1.586,,e33:-1.250;e35:-1.250;e39:-1.250;e31*:-1.250
2079,slimorca,B,4,30,3,47,0.52,ADMIT,0.101,,0.988,,e98:-0.225;e7:-0.145;e10:-0.106;e36*:-0.174
2080,gsm8k,A,4,10,0,128,0.53,ADMIT,0.677,0.025,0.266,,e74:-0.035;e75:-0.035;e76:-0.035;e78*:-0.035
2081,camel_science,B,4,6,2,1,0.51,HELDOUT,,,,,e40:+5.250;e41:+2.562;e42:+0.188;e43*:+2.688
2082,gsm8k,B,4,9,3,128,0.54,HELDOUT,,,,,e38:-0.092;e54:-0.000;e59:-0.053;e62*:-0.005
2083,python_instructions,B,4,8,1,26,0.78,ADMIT,0.057,0.006,0.516,,e41:-0.202;e42:+0.000;e43:+0.000;e45*:-0.005
2084,camel_science,A,4,4,2,10,0.58,ADMIT,0.03,0.025,2.219,,e45:-0.456;e46:-0.069;e47:+0.050;e48*:-0.150
2085,metamath,B,4,8,3,128,0.46,ADMIT,0.391,,0.145,,e68:-0.040;e82:-0.042;e0:-0.042;e1*:-0.035
2086,ai2_arc,B,4,6,2,2,0.57,REFUSE,,,0.0,,e50:+0.000;e51:-1.500;e57:-0.125;e58*:+0.000
2087,ai2_arc,B,4,9,2,8,0.55,ADMIT,0.384,,0.0,,e61:-0.250;e63:-0.250;e66:-0.250;e69*:-0.250
2088,gsm8k,B,4,10,3,128,0.47,ADMIT,0.074,,0.299,,e2:+0.021;e3:+0.018;e4:-0.034;e5*:-0.011
2089,camel_science,A,4,5,2,3,0.54,REFUSE,,,0.0,,e72:+0.000;e73:-0.083;e74:+0.000;e75*:-0.708
2090,ultrachat,A,2,59,2,128,0.51,ADMIT,0.008,,1.633,,e76:+0.011;e78*:+0.016
2091,slimorca,B,4,30,3,7,0.48,ADMIT,0.378,0.021,0.018,,e6:-0.625;e11:-0.607;e12:-0.446;e13*:-0.509
2092,github_code,A,4,6,1,107,0.75,ADMIT,0.154,0.0,0.508,,e46:-0.019;e47:-0.002;e48:+0.008;e50*:-0.023
2093,ai2_arc,A,4,11,2,7,0.54,ADMIT,0.111,-0.008,0.0,,e79:-0.018;e80:-0.018;e84:-0.027;e85*:-0.018
2094,github_code,B,4,3,2,98,0.66,HELDOUT,,,,,e87:-0.041;e89:-0.019;e90:-0.078;e91*:-0.050
2095,ai2_arc,A,4,7,2,3,0.52,REFUSE,,,0.0,,e93:+0.000;e95:+0.000;e96:-0.042;e97*:+0.000
2096,gsm8k,A,4,8,0,61,0.53,HELDOUT,,,,,e79:-0.081;e80:-0.095;e84:-0.047;e85*:-0.096
2097,ultrachat,B,3,39,1,128,0.59,ADMIT,0.019,,0.84,,e51:-0.018;e57:-0.027;e58*:-0.004
2098,camel_science,B,4,6,2,2,0.55,REFUSE,,,0.375,,e98:-3.922;e7:-4.562;e8:-4.500;e34*:-4.359
2099,gsm8k,B,4,8,3,90,0.5,ADMIT,0.01,,0.109,,e14:-0.221;e15:-0.112;e16:-0.117;e17*:-0.058
2100,python_instructions,B,4,10,1,128,0.66,ADMIT,0.118,,0.432,,e61:-0.003;e63:+0.003;e65:-0.026;e69*:-0.016
2101,metamath,B,4,7,2,122,0.54,ADMIT,0.107,0.005,0.322,,e44:-0.012;e67:-0.056;e71:-0.012;e81*:-0.012
2102,github_code,A,4,4,1,17,0.65,ADMIT,0.047,,1.562,,e72:+0.210;e73:+0.143;e74:+0.386;e75*:+0.386
2103,gsm8k,A,4,9,3,126,0.49,ADMIT,0.333,,0.496,,e18:-0.081;e19:-0.113;e20:-0.068;e21*:-0.085
2104,slimorca,B,4,14,2,8,0.51,ADMIT,0.324,0.034,0.016,,e86:-0.344;e99:-0.273;e0:-0.445;e1*:-0.266
2105,metamath,B,4,8,2,113,0.51,HELDOUT,,,,,e2:-0.021;e3:-0.029;e4:-0.040;e5*:-0.031
2106,python_instructions,B,4,5,1,116,0.7,HELDOUT,,,,,e76:+0.008;e78:+0.000;e79:+0.005;e80*:-0.012
2107,github_code,B,4,4,1,49,0.54,ADMIT,0.126,,0.424,,e84:+0.001;e85:-0.004;e87:-0.001;e89*:-0.018
2108,ultrachat,B,4,24,2,13,0.6,ADMIT,1.069,0.035,0.805,,e6:-0.466;e11:-0.784;e12:-0.308;e13*:-0.356
2109,camel_science,B,4,5,2,2,0.68,HELDOUT,,,,,e14:-2.344;e15:-1.000;e16:-2.688;e17*:-2.688
2110,github_code,B,4,4,1,6,0.52,ADMIT,0.177,0.023,0.188,,e90:+0.042;e91:+0.062;e93:+0.062;e95*:+0.104
2111,github_code,B,4,4,2,114,0.63,ADMIT,0.043,-0.006,1.172,,e18:-0.066;e19:-0.088;e20:+0.009;e21*:-0.066
2112,python_instructions,B,4,7,1,103,0.53,ADMIT,0.175,,0.508,,e96:+0.008;e97:-0.056;e98:-0.004;e32*:-0.010
2113,gsm8k,B,4,8,3,48,0.49,ADMIT,0.097,,0.242,,e22:-0.191;e23:-0.137;e24:-0.031;e25*:-0.077
2114,ultrachat,B,2,37,2,128,0.63,ADMIT,0.017,,1.109,,e22:-0.010;e23*:-0.007
2115,ultrachat,B,4,25,2,128,0.62,ADMIT,0.041,,0.816,,e24:-0.018;e25:-0.009;e27:-0.020;e29*:-0.025
2116,ultrachat,B,2,39,2,128,0.6,ADMIT,0.104,-0.016,1.312,,e30:+0.013;e31*:-0.010
2117,ultrachat,B,3,29,2,128,0.67,HELDOUT,,,,,e33:-0.031;e35:-0.016;e39*:-0.014
2118,gsm8k,B,4,6,0,52,0.48,ADMIT,0.828,,0.197,,e87:-0.150;e89:-0.190;e90:-0.049;e91*:-0.125
2119,slimorca,B,2,87,2,3,0.34,REFUSE,,,4.375,,e40:-0.146;e41*:+0.802
2120,gsm8k,B,4,9,3,128,0.47,ADMIT,0.128,,0.492,,e27:-0.051;e29:-0.039;e30:-0.012;e31*:+0.015
2121,ai2_arc,B,4,9,2,6,0.32,HELDOUT,,,,,e42:-0.062;e43:-0.021;e45:+0.000;e46*:-0.135
2122,gsm8k,B,4,10,3,128,0.48,ADMIT,0.249,-0.006,0.59,,e33:-0.011;e35:+0.006;e39:-0.097;e40*:-0.077
2123,github_code,B,4,11,1,128,0.56,ADMIT,0.007,,0.836,,e37:-0.028;e55:-0.012;e60:-0.023;e66*:-0.022
2124,slimorca,B,4,23,2,21,0.38,ADMIT,0.076,-0.045,0.042,,e47:-0.101;e48:-0.179;e50:-0.095;e51*:-0.179
2125,ai2_arc,B,4,9,2,6,0.36,HELDOUT,,,,,e57:-0.177;e58:-0.021;e61:-0.104;e63*:-1.141
2126,python_instructions,B,4,4,1,128,0.54,ADMIT,0.236,,0.703,,e70:-0.007;e82:-0.004;e88:+0.001;e92*:-0.007
2127,ai2_arc,B,4,10,2,6,0.36,HELDOUT,,,,,e65:-0.365;e73:-0.198;e74:-0.448;e75*:-0.771
2128,metamath,B,4,10,3,128,0.48,HELDOUT,,,,,e41:-0.116;e42:-0.088;e43:-0.091;e45*:-0.048
2129,github_code,B,4,9,1,54,0.62,HELDOUT,,,,,e0:-0.067;e1:-0.154;e2:-0.144;e3*:-0.068
2130,gsm8k,B,4,8,0,64,0.52,ADMIT,0.483,0.006,0.277,,e95:-0.022;e96:-0.077;e97:-0.001;e98*:-0.001
2131,python_instructions,B,4,4,1,94,0.5,ADMIT,0.165,,0.602,,e4:+0.009;e5:+0.007;e6:-0.038;e11*:+0.025
2132,slimorca,B,4,11,2,128,0.47,ADMIT,0.494,0.002,1.25,,e76:-0.113;e78:-0.116;e79:-0.164;e80*:-0.128
2133,ultrachat,B,3,31,2,128,0.45,ADMIT,0.135,,0.832,,e84:+0.001;e85:-0.023;e87*:+0.003
2134,camel_science,B,4,4,2,1,0.46,REFUSE,,,0.5,,e89:-3.250;e90:-3.250;e91:-2.875;e93*:-2.438
2135,slimorca,B,4,9,2,16,0.47,ADMIT,0.47,,0.031,,e94:-0.523;e95:-0.523;e96:-0.523;e97*:-0.523
2136,github_code,B,4,4,1,29,0.54,HELDOUT,,,,,e12:-0.017;e13:-0.034;e14:-0.030;e15*:-0.013
2137,gsm8k,B,4,8,3,108,0.56,ADMIT,0.378,,0.234,,e46:-0.053;e47:-0.056;e48:-0.071;e50*:-0.036
2138,python_instructions,B,4,7,1,20,0.56,HELDOUT,,,,,e16:+0.019;e17:-0.041;e18:-0.044;e19*:-0.009
2139,slimorca,B,4,7,2,90,0.49,ADMIT,0.111,0.015,1.742,,e98:-0.195;e99:-0.195;e8:-0.178;e9*:-0.195
2140,gsm8k,B,4,9,0,128,0.49,ADMIT,0.374,0.006,0.35,,e99:-0.067;e26:-0.058;e49:-0.072;e52*:-0.030
2141,camel_science,B,4,5,2,2,0.44,HELDOUT,,,,,e34:-0.094;e67:-0.656;e69:-0.844;e71*:-0.062
2142,camel_science,B,4,6,2,5,0.44,ADMIT,0.125,-0.076,0.988,,e73:+0.062;e81:-0.062;e86:-0.062;e0*:-0.200
2143,slimorca,A,4,9,2,128,0.48,HELDOUT,,,,,e1:-0.021;e2:+0.014;e3:-0.068;e4*:-0.023
2144,python_instructions,B,4,4,1,82,0.57,HELDOUT,,,,,e20:+0.004;e21:-0.005;e22:-0.005;e23*:-0.017
2145,python_instructions,B,4,4,1,31,0.57,ADMIT,0.046,-0.011,1.062,,e24:+0.014;e25:+0.020;e27:+0.060;e29*:-0.026
2146,slimorca,B,4,15,2,128,0.54,HELDOUT,,,,,e5:-0.018;e6:-0.013;e11:-0.008;e12*:-0.068
2147,github_code,B,4,5,1,68,0.55,ADMIT,0.019,-0.007,0.117,,e30:+0.003;e31:+0.011;e32:+0.003;e33*:+0.003
2148,ai2_arc,B,4,9,2,4,0.38,ADMIT,0.077,0.13,1.047,,e13:+0.328;e14:-0.031;e15:+0.266;e16*:+0.328
2149,ai2_arc,B,4,8,2,4,0.41,ADMIT,0.019,0.01,0.0,,e17:-0.141;e18:-0.141;e19:-0.062;e20*:-0.094
2150,ai2_arc,B,4,7,2,3,0.36,HELDOUT,,,,,e21:-0.125;e22:+0.000;e23:-0.271;e24*:-0.562
2151,metamath,B,4,8,3,128,0.54,ADMIT,0.046,,0.245,,e50:-0.020;e51:+0.042;e57:-0.016;e58*:-0.059
2152,python_instructions,B,4,6,1,116,0.51,HELDOUT,,,,,e35:+0.010;e39:-0.008;e40:+0.002;e41*:+0.002
2153,slimorca,B,4,10,2,128,0.43,ADMIT,0.059,0.015,0.969,,e25:+0.002;e27:-0.011;e29:-0.033;e30*:-0.011
2154,gsm8k,B,4,10,0,90,0.5,ADMIT,0.385,,0.414,,e53:-0.068;e56:-0.110;e64:-0.050;e72*:-0.049
2155,github_code,B,4,5,1,52,0.58,ADMIT,0.415,,0.436,,e42:-0.011;e43:-0.001;e45:-0.010;e46*:+0.006
2156,ai2_arc,B,4,10,2,13,0.37,ADMIT,0.454,-0.036,0.0,,e31:-0.019;e32:-0.019;e33:+0.000;e35*:-0.024
2157,camel_science,B,4,4,2,2,0.36,REFUSE,,,4.906,,e39:+0.812;e40:+1.188;e41:+0.812;e42*:-1.062
2158,ultrachat,B,2,38,2,128,0.4,HELDOUT,,,,,e43:-0.034;e45*:-0.023
2159,ultrachat,B,2,45,2,128,0.41,ADMIT,0.153,-0.001,1.555,,e46:+0.016;e47*:+0.010
2160,github_code,B,4,5,1,105,0.53,HELDOUT,,,,,e47:+0.003;e48:+0.007;e50:+0.006;e51*:+0.006
2161,metamath,B,4,8,1,103,0.6,HELDOUT,,,,,e57:+0.005;e58:+0.004;e61:-0.032;e63*:+0.004
2162,github_code,B,4,5,1,128,0.79,ADMIT,0.267,,0.504,,e65:-0.010;e74:-0.006;e75:+0.001;e76*:+0.009
2163,python_instructions,A,4,5,1,23,0.75,HELDOUT,,,,,e78:-0.014;e79:-0.114;e80:-0.014;e84*:+0.000
2164,ultrachat,B,2,55,3,128,0.5,ADMIT,0.447,0.004,1.273,,e61:+0.003;e63*:+0.044
2165,ai2_arc,A,4,9,2,10,0.4,ADMIT,0.122,0.062,0.0,,e48:-0.306;e50:-0.250;e51:-0.250;e57*:-0.250
2166,ai2_arc,B,4,9,2,6,0.39,ADMIT,0.238,-0.018,0.0,,e58:-0.094;e61:-0.062;e63:-0.135;e65*:-0.312
2167,slimorca,B,4,11,2,128,0.45,HELDOUT,,,,,e74:-0.041;e75:-0.056;e76:-0.058;e78*:-0.070
2168,python_instructions,B,4,5,1,66,0.74,ADMIT,0.069,0.028,0.163,,e85:-0.067;e87:-0.010;e89:-0.071;e90*:-0.002
2169,slimorca,B,4,16,3,31,0.39,ADMIT,0.006,-0.05,0.465,,e65:+0.020;e74:-0.060;e75:-0.095;e76*:-0.210
2170,gsm8k,A,4,7,3,66,0.29,ADMIT,0.749,-0.01,0.299,,e78:-0.001;e79:-0.049;e80:-0.046;e84*:-0.048
2171,ai2_arc,A,4,11,2,8,0.37,HELDOUT,,,,,e79:-0.078;e80:-0.422;e84:-0.109;e85*:-0.320
2172,slimorca,B,4,8,2,128,0.41,HELDOUT,,,,,e87:-0.091;e89:-0.000;e90:-0.116;e91*:-0.001
2173,ai2_arc,A,4,10,2,12,0.24,ADMIT,0.008,,0.0,,e93:-0.062;e94:-0.010;e95:-0.052;e96*:-0.026
2174,slimorca,B,4,21,2,128,0.24,ADMIT,0.158,0.02,1.289,,e97:-0.002;e98:-0.012;e99:+0.027;e8*:-0.002
2175,gsm8k,B,4,11,3,103,0.3,ADMIT,0.315,,0.68,,e85:-0.015;e87:-0.043;e89:-0.004;e90*:-0.068
2176,slimorca,B,4,12,2,44,0.43,ADMIT,0.158,0.03,0.898,,e34:-0.068;e56:+0.027;e67:-0.122;e69*:-0.055
2177,slimorca,B,4,24,3,7,0.26,HELDOUT,,,,,e91:-0.232;e93:-0.598;e94:-1.214;e95*:-0.741
2178,slimorca,B,4,25,2,126,0.26,ADMIT,0.2,,0.84,,e71:-0.073;e73:-0.109;e81:-0.060;e86*:-0.037
2179,slimorca,B,4,11,2,2,0.25,HELDOUT,,,,,e0:-0.719;e1:-2.500;e2:-1.719;e3*:-1.656
2180,ultrachat,B,2,43,3,128,0.26,ADMIT,0.508,-0.01,1.0,,e96:+0.004;e97*:-0.002
2181,metamath,B,4,10,0,128,0.43,HELDOUT,,,,,e77:-0.044;e83:-0.047;e0:-0.040;e1*:-0.067
2182,gsm8k,B,4,7,3,63,0.43,ADMIT,0.226,0.005,0.188,,e98:-0.062;e99:-0.156;e10:-0.052;e28*:-0.047
2183,camel_science,B,4,6,2,4,0.27,ADMIT,0.582,-0.102,1.609,,e4:-0.742;e5:-1.172;e6:-0.516;e11*:-0.516
2184,slimorca,B,4,10,0,53,0.51,ADMIT,0.226,-0.003,0.723,,e4:-0.188;e5:-0.212;e2:-0.221;e3*:-0.088
2185,ai2_arc,B,4,7,2,5,0.28,HELDOUT,,,,,e12:-1.538;e13:-1.137;e14:-1.325;e15*:-1.525
2186,github_code,B,4,5,1,14,0.73,ADMIT,1.014,0.04,0.303,,e91:-1.411;e93:-0.013;e94:-0.009;e95*:-0.058
2187,camel_science,A,4,3,2,2,0.27,REFUSE,,,0.375,,e16:-2.906;e17:-2.906;e18:-2.906;e19*:-2.906
2188,camel_science,B,4,4,2,2,0.29,REFUSE,,,4.719,,e20:-1.750;e21:-1.750;e22:-1.750;e23*:-1.750
2189,gsm8k,B,4,8,3,66,0.43,ADMIT,0.488,,0.139,,e36:-0.055;e38:-0.033;e54:-0.040;e59*:-0.077
2190,ultrachat,B,4,23,2,128,0.46,ADMIT,0.018,0.001,1.0,,e24:-0.056;e25:-0.043;e27:-0.006;e29*:+0.000
2191,python_instructions,B,4,5,1,128,0.66,ADMIT,0.051,,0.793,,e96:+0.004;e97:+0.015;e98:+0.004;e99*:+0.004
2192,metamath,B,4,6,3,66,0.43,HELDOUT,,,,,e62:-0.129;e65:-0.129;e68:-0.129;e0*:-0.129
2193,gsm8k,B,4,9,0,61,0.54,ADMIT,0.762,,0.217,,e6:-0.050;e11:-0.089;e12:-0.030;e13*:-0.061
2194,github_code,B,4,4,1,96,0.67,HELDOUT,,,,,e37:-0.013;e44:-0.004;e55:+0.000;e60*:+0.000
2195,python_instructions,B,4,6,1,44,0.72,HELDOUT,,,,,e66:+0.000;e70:+0.004;e82:-0.017;e88*:-0.031
2196,ultrachat,B,2,42,2,128,0.41,ADMIT,0.043,-0.004,1.297,,e30:+0.005;e31*:-0.027
2197,ai2_arc,B,4,6,2,2,0.4,REFUSE,,,0.0,,e32:+0.000;e33:+0.000;e35:+0.000;e39*:+0.000
2198,gsm8k,A,4,8,3,83,0.49,HELDOUT,,,,,e1:-0.047;e2:-0.006;e3:-0.011;e4*:-0.026
2199,ultrachat,B,3,28,2,128,0.38,ADMIT,0.023,,0.801,,e40:-0.004;e41:-0.024;e42*:-0.004
2200,metamath,B,4,10,0,128,0.55,ADMIT,0.223,,0.285,,e15:-0.053;e16:-0.053;e17:-0.073;e18*:-0.053
2201,gsm8k,B,4,8,3,98,0.53,HELDOUT,,,,,e6:+0.043;e11:+0.024;e12:+0.003;e13*:+0.030
2202,slimorca,B,4,18,3,70,0.52,HELDOUT,,,,,e14:-0.238;e15:-0.087;e16:-0.192;e17*:-0.020
2203,ai2_arc,B,4,10,2,7,0.42,ADMIT,0.134,0.005,0.676,,e45:-0.036;e46:+0.134;e47:+0.321;e48*:+0.009
2204,slimorca,B,4,12,2,15,0.55,ADMIT,0.082,,0.25,,e50:-0.062;e51:-0.192;e56:-0.308;e57*:-0.258
2205,metamath,B,4,4,1,67,0.65,HELDOUT,,,,,e92:-0.037;e0:+0.003;e1:+0.001;e2*:-0.037
2206,metamath,B,4,9,3,128,0.48,ADMIT,0.605,-0.01,0.332,,e18:-0.023;e19:-0.107;e20:-0.016;e21*:-0.044
2207,ultrachat,B,3,41,2,128,0.45,ADMIT,0.019,,0.953,,e58:-0.015;e61:-0.015;e63*:-0.019
2208,metamath,A,4,8,3,128,0.42,ADMIT,0.252,,0.277,,e22:-0.118;e23:-0.114;e24:-0.112;e25*:-0.118
2209,metamath,A,4,6,3,93,0.48,HELDOUT,,,,,e27:-0.079;e29:-0.069;e30:-0.069;e31*:-0.069
2210,metamath,B,4,8,0,98,0.53,ADMIT,0.251,-0.005,0.297,,e19:+0.026;e20:+0.035;e21:-0.052;e22*:-0.036
2211,gsm8k,B,4,6,3,99,0.51,ADMIT,0.455,0.012,0.301,,e32:-0.158;e33:-0.158;e35:-0.064;e39*:-0.158
2212,python_instructions,B,4,6,1,128,0.71,ADMIT,0.021,,0.922,,e3:-0.008;e4:-0.013;e6:+0.003;e11*:-0.004
2213,metamath,B,4,7,1,128,0.77,HELDOUT,,,,,e12:-0.026;e13:-0.028;e14:-0.033;e15*:-0.026
2214,gsm8k,A,4,8,3,95,0.51,ADMIT,0.338,-0.003,0.342,,e40:-0.059;e41:-0.059;e42:-0.049;e43*:-0.024
2215,github_code,B,4,10,1,128,0.87,HELDOUT,,,,,e16:-0.033;e17:-0.030;e18:-0.021;e19*:-0.005
2216,ai2_arc,B,4,7,2,2,0.55,REFUSE,,,0.812,,e70:-0.375;e74:-0.375;e75:-1.438;e76*:-1.125
2217,metamath,B,4,9,3,128,0.52,HELDOUT,,,,,e45:-0.025;e46:-0.021;e47:-0.012;e48*:-0.022
2218,github_code,B,4,4,1,70,0.62,HELDOUT,,,,,e20:+0.004;e21:-0.020;e22:+0.004;e23*:+0.005
2219,python_instructions,B,4,6,1,92,0.61,ADMIT,0.151,,0.684,,e24:-0.018;e25:-0.014;e27:-0.003;e29*:+0.022
2220,camel_science,A,4,4,2,4,0.57,ADMIT,0.448,,1.078,,e76:+0.062;e78:+0.297;e79:-0.781;e80*:+0.047
2221,gsm8k,B,4,8,3,128,0.56,HELDOUT,,,,,e48:-0.045;e50:-0.017;e51:-0.017;e56*:-0.058
2222,gsm8k,B,4,8,3,88,0.61,ADMIT,0.958,,0.242,,e57:-0.037;e58:-0.089;e61:-0.064;e63*:-0.037
2223,camel_science,B,4,3,2,3,0.59,HELDOUT,,,,,e84:-0.271;e85:-0.271;e87:-0.271;e89*:-0.271
2224,python_instructions,B,4,8,1,62,0.75,ADMIT,0.202,,0.473,,e30:-0.032;e31:-0.048;e32:-0.062;e33*:-0.037
2225,ai2_arc,B,4,9,2,4,0.58,HELDOUT,,,,,e90:-0.500;e91:-0.281;e93:-0.484;e95*:-0.438
2226,python_instructions,B,4,4,1,43,0.74,ADMIT,0.211,,0.461,,e35:-0.007;e37:-0.015;e39:+0.015;e40*:-0.003
2227,ultrachat,B,4,33,1,128,0.75,ADMIT,0.182,,1.008,,e41:-0.056;e42:-0.019;e43:-0.066;e45*:-0.041
2228,github_code,B,4,4,1,25,0.7,ADMIT,0.244,-0.004,1.055,,e46:-0.017;e47:+0.025;e48:-0.012;e50*:-0.012
2229,slimorca,B,4,14,2,112,0.61,ADMIT,0.29,,0.773,,e96:+0.019;e97:+0.003;e98:+0.016;e99*:-0.008
2230,metamath,B,4,7,1,128,0.71,ADMIT,0.414,,0.436,,e51:-0.038;e56:-0.038;e57:-0.051;e58*:-0.038
2231,github_code,B,4,9,1,66,0.73,ADMIT,0.228,0.013,0.59,,e61:-0.012;e63:-0.010;e70:+0.012;e74*:+0.018
2232,ai2_arc,B,4,9,2,6,0.59,ADMIT,0.099,0.009,0.0,,e7:-0.229;e34:+0.000;e67:-0.146;e69*:+0.000
2233,python_instructions,B,4,9,1,117,0.77,ADMIT,0.086,,0.402,,e75:-0.008;e76:-0.027;e78:+0.002;e79*:-0.005
2234,python_instructions,B,4,6,1,77,0.75,HELDOUT,,,,,e80:-0.038;e84:-0.049;e85:-0.035;e87*:-0.028
2235,python_instructions,B,4,6,1,30,0.64,ADMIT,0.054,0.006,0.486,,e89:-0.033;e90:-0.100;e91:+0.023;e93*:+0.008
2236,github_code,B,4,4,1,2,0.64,REFUSE,,,1.0,,e95:-0.250;e96:-0.906;e97:-0.750;e98*:-0.844
2237,ultrachat,B,4,22,2,128,0.59,ADMIT,0.085,,0.926,,e71:-0.018;e73:-0.032;e81:-0.020;e86*:-0.010
2238,ultrachat,B,2,74,2,128,0.59,ADMIT,0.155,0.001,1.594,,e94:-0.032;e0*:+0.012
2239,metamath,B,4,5,3,92,0.6,ADMIT,0.066,,0.139,,e70:-0.075;e74:-0.075;e75:-0.075;e76*:-0.075
2240,python_instructions,B,4,8,1,21,0.64,ADMIT,0.084,,0.586,,e99:-0.003;e32:-0.051;e38:-0.003;e44*:-0.068
2241,ultrachat,B,4,32,2,128,0.59,ADMIT,0.095,,1.148,,e1:-0.016;e2:-0.079;e3:-0.012;e4*:-0.045
2242,ai2_arc,B,4,9,2,1,0.59,HELDOUT,,,,,e6:-2.312;e11:-3.250;e12:-0.125;e13*:-3.125
2243,github_code,B,4,6,1,11,0.64,HELDOUT,,,,,e49:+0.188;e55:+0.062;e60:+0.256;e82*:+0.193
2244,metamath,A,4,12,3,126,0.59,ADMIT,0.434,,0.065,,e78:-0.069;e79:-0.067;e80:-0.067;e84*:-0.052
2245,github_code,B,4,6,1,104,0.65,HELDOUT,,,,,e88:+0.021;e92:-0.002;e0:+0.001;e1*:-0.024
2246,ai2_arc,A,4,11,2,7,0.59,ADMIT,0.034,,0.0,,e14:+0.000;e15:+0.000;e16:+0.000;e17*:+0.000
2247,gsm8k,A,4,10,0,128,0.56,ADMIT,0.17,-0.001,0.336,,e23:-0.014;e24:-0.019;e25:+0.010;e27*:-0.021
2248,ultrachat,B,3,44,2,128,0.58,HELDOUT,,,,,e18:+0.004;e19:+0.001;e20*:+0.028
2249,ai2_arc,B,4,12,2,10,0.34,ADMIT,0.14,-0.002,0.0,,e21:-0.013;e22:+0.000;e23:+0.000;e24*:-0.100
2250,slimorca,B,4,23,2,128,0.39,ADMIT,0.087,-0.006,0.479,,e25:-0.049;e27:-0.029;e29:-0.022;e30*:-0.024
2251,ultrachat,B,3,46,2,128,0.41,ADMIT,0.302,,1.18,,e31:-0.083;e33:-0.106;e35*:-0.092
2252,metamath,B,4,11,0,128,0.5,ADMIT,0.36,-0.0,0.262,,e31:-0.041;e33:-0.046;e29:-0.041;e30*:-0.039
2253,slimorca,B,4,8,2,49,0.4,ADMIT,0.083,-0.002,0.586,,e37:-0.332;e39:-0.182;e40:-0.112;e41*:-0.085
2254,gsm8k,B,4,10,3,88,0.55,ADMIT,0.144,0.001,1.281,,e85:+0.011;e87:+0.006;e89:-0.046;e90*:-0.031
2255,ai2_arc,A,4,8,2,7,0.34,ADMIT,0.095,,0.0,,e42:-0.071;e43:+0.000;e45:-0.018;e46*:-0.071
2256,metamath,B,4,9,1,128,0.56,HELDOUT,,,,,e2:-0.031;e3:-0.034;e4:-0.094;e6*:-0.021
2257,gsm8k,B,4,10,3,64,0.57,ADMIT,0.164,,0.59,,e91:-0.051;e93:-0.100;e95:-0.055;e96*:-0.046
2258,camel_science,B,4,3,2,2,0.38,REFUSE,,,0.125,,e47:-0.688;e48:-2.438;e50:-2.438;e51*:-2.438
2259,ultrachat,B,2,69,2,128,0.41,ADMIT,0.057,,1.5,,e56:-0.087;e57*:-0.147
2260,camel_science,B,4,5,2,2,0.35,HELDOUT,,,,,e61:-0.125;e63:-1.312;e66:-3.312;e70*:-1.312
2261,github_code,B,4,4,1,24,0.76,ADMIT,0.188,-0.015,0.434,,e11:-0.010;e12:-0.133;e13:-0.086;e14*:-0.201
2262,gsm8k,B,4,7,3,128,0.55,HELDOUT,,,,,e97:-0.019;e98:-0.031;e99:-0.011;e10*:-0.098
2263,ai2_arc,B,4,14,2,16,0.37,ADMIT,0.051,,0.0,,e74:-0.008;e75:+0.000;e76:-0.016;e78*:+0.000
2264,github_code,B,4,6,1,12,0.68,ADMIT,0.268,,0.125,,e15:+0.005;e16:-0.021;e17:-0.016;e18*:+0.000
2265,ultrachat,B,4,23,2,128,0.4,ADMIT,0.188,,0.711,,e79:-0.011;e80:+0.004;e84:-0.015;e85*:-0.084
2266,slimorca,A,4,12,2,57,0.45,ADMIT,0.028,,0.715,,e87:+0.024;e89:+0.024;e90:-0.029;e91*:+0.024
2267,camel_science,B,4,4,2,3,0.37,REFUSE,,,3.297,,e92:-0.062;e93:+0.021;e95:-0.062;e96*:-0.062
2268,python_instructions,B,4,5,1,69,0.6,ADMIT,0.029,,0.103,,e19:-0.011;e20:-0.004;e21:-0.004;e22*:-0.008
2269,gsm8k,B,4,8,3,81,0.44,ADMIT,0.068,-0.002,0.426,,e28:-0.110;e36:-0.106;e54:-0.107;e59*:-0.065
2270,ultrachat,B,2,57,2,128,0.48,HELDOUT,,,,,e97:-0.038;e98*:-0.020
2271,github_code,B,4,3,2,38,0.47,ADMIT,0.016,-0.01,0.418,,e99:+0.035;e7:-0.046;e37:-0.046;e44*:-0.048
2272,slimorca,B,4,10,2,39,0.29,ADMIT,0.162,0.018,0.699,,e67:-0.337;e69:-0.255;e71:-0.356;e81*:-0.256
2273,ai2_arc,B,4,11,2,10,0.26,ADMIT,0.143,-0.092,0.0,,e86:+0.000;e94:+0.000;e0:-0.244;e1*:+0.000
2274,python_instructions,B,4,4,1,14,0.67,ADMIT,0.176,,0.228,,e23:-0.009;e24:-0.080;e25:-0.022;e27*:-0.009
2275,slimorca,B,4,37,3,26,0.38,ADMIT,0.15,,0.68,,e62:-0.282;e65:-0.282;e68:-0.282;e72*:-0.282
2276,slimorca,B,4,11,2,22,0.34,ADMIT,0.099,-0.041,0.119,,e2:-0.062;e3:-0.125;e4:-0.148;e6*:-0.142
2277,python_instructions,A,4,4,1,13,0.62,HELDOUT,,,,,e29:-0.034;e30:-0.043;e31:+0.010;e33*:+0.019
2278,github_code,B,4,7,1,12,0.67,ADMIT,0.648,,0.115,,e35:-0.021;e39:-0.021;e40:+0.021;e41*:-0.240
2279,ultrachat,B,2,73,2,103,0.36,HELDOUT,,,,,e11:-0.012;e12*:-0.026
2280,python_instructions,B,4,6,1,27,0.52,ADMIT,0.127,0.003,0.206,,e43:+0.007;e45:+0.009;e46:+0.016;e47*:-0.025
2281,github_code,B,4,8,1,59,0.52,ADMIT,0.109,,0.482,,e48:+0.034;e50:+0.030;e51:+0.023;e56*:+0.055
2282,camel_science,B,4,4,2,2,0.17,REFUSE,,,0.0,,e13:+0.000;e14:-0.812;e15:+0.000;e16*:+0.000
2283,ai2_arc,B,4,6,2,1,0.19,HELDOUT,,,,,e17:+0.000;e18:-8.188;e19:-3.438;e20*:-4.438
2284,camel_science,B,4,4,2,3,0.17,HELDOUT,,,,,e22:-0.417;e23:-0.979;e24:-0.625;e25*:-0.625
2285,python_instructions,B,4,5,1,6,0.49,ADMIT,0.496,-0.009,0.209,,e57:-0.354;e58:-0.385;e61:-0.281;e63*:-0.208
2286,ai2_arc,A,4,8,2,3,0.2,REFUSE,,,0.0,,e27:-0.083;e29:-0.083;e30:+0.000;e31*:-0.104
2287,metamath,B,4,6,1,128,0.52,ADMIT,0.285,0.001,0.293,,e66:-0.035;e67:-0.036;e69:-0.040;e70*:-0.038
2288,ai2_arc,B,4,6,2,2,0.19,HELDOUT,,,,,e33:-0.062;e35:-0.094;e39:-0.719;e40*:+0.000
2289,slimorca,B,4,10,3,49,0.37,ADMIT,0.146,0.047,0.816,,e0:+0.003;e1:+0.027;e2:-0.002;e3*:+0.036
2290,python_instructions,A,4,4,1,47,0.53,ADMIT,0.073,-0.005,0.154,,e74:+0.000;e75:-0.090;e76:-0.090;e78*:-0.001
2291,ultrachat,B,2,82,2,128,0.18,HELDOUT,,,,,e41:+0.008;e42*:+0.005
2292,ai2_arc,B,4,9,2,8,0.32,HELDOUT,,,,,e43:+0.016;e45:+0.000;e46:+0.016;e47*:+0.031
2293,gsm8k,B,4,8,3,124,0.47,ADMIT,0.512,-0.022,0.053,,e4:-0.034;e6:-0.035;e11:-0.016;e12*:-0.006
2294,python_instructions,B,4,8,1,63,0.48,ADMIT,0.128,0.005,0.432,,e79:+0.022;e80:+0.014;e84:+0.011;e85*:+0.010
2295,gsm8k,B,4,7,3,101,0.48,ADMIT,0.099,0.002,0.311,,e13:-0.040;e14:-0.033;e15:-0.067;e16*:-0.024
2296,ultrachat,B,3,45,2,128,0.32,ADMIT,0.188,,0.844,,e48:-0.010;e50:+0.011;e51*:-0.015
2297,python_instructions,B,4,7,1,94,0.53,ADMIT,0.061,,0.367,,e87:+0.005;e89:+0.006;e90:+0.000;e91*:+0.006
2298,slimorca,B,4,36,2,15,0.29,ADMIT,0.214,0.015,0.025,,e56:-0.350;e57:-0.158;e58:-0.113;e61*:-0.258
2299,python_instructions,B,4,10,1,98,0.54,ADMIT,0.052,-0.005,0.291,,e92:-0.004;e93:-0.028;e95:-0.009;e96*:-0.010
2300,gsm8k,A,4,7,3,64,0.46,ADMIT,0.191,0.006,0.309,,e17:-0.112;e18:-0.043;e19:-0.140;e20*:-0.212
2301,slimorca,B,4,8,3,128,0.42,ADMIT,0.082,-0.0,1.758,,e21:-0.021;e22:+0.010;e23:-0.027;e24*:-0.044
2302,slimorca,A,4,16,2,16,0.39,ADMIT,0.302,0.013,1.266,,e61:-0.312;e63:-0.051;e66:+0.211;e67*:-0.414
2303,ai2_arc,A,4,5,2,1,0.27,REFUSE,,,0.0,,e69:-0.125;e70:-5.438;e74:-5.438;e75*:+0.000
2304,camel_science,A,4,4,2,3,0.27,REFUSE,,,2.156,,e76:-1.438;e78:-0.229;e79:-1.438;e80*:-0.500
2305,python_instructions,B,4,7,1,12,0.53,ADMIT,0.069,,0.042,,e97:-0.010;e98:+0.005;e5:-0.005;e32*:+0.000
2306,metamath,B,4,10,1,128,0.52,ADMIT,0.355,,0.539,,e34:-0.036;e38:-0.022;e49:-0.024;e55*:-0.025
2307,slimorca,A,4,16,2,85,0.31,HELDOUT,,,,,e84:-0.032;e85:-0.023;e89:-0.030;e90*:-0.170
2308,python_instructions,B,4,7,1,52,0.52,ADMIT,0.226,,0.328,,e60:+0.012;e82:+0.006;e88:-0.030;e0*:+0.014
2309,metamath,B,4,8,0,128,0.44,ADMIT,0.462,,0.217,,e35:-0.099;e39:-0.027;e40:-0.065;e41*:-0.106
2310,gsm8k,A,4,8,0,84,0.45,ADMIT,0.244,,0.52,,e42:-0.041;e43:-0.032;e45:-0.064;e46*:-0.016
2311,ultrachat,B,3,28,2,128,0.31,ADMIT,0.347,-0.01,1.141,,e91:-0.044;e92:-0.085;e93*:-0.009
2312,github_code,A,4,4,1,3,0.46,REFUSE,,,0.5,,e1:-0.771;e2:-0.250;e3:-0.750;e4*:-1.042
2313,github_code,A,4,5,1,82,0.47,ADMIT,0.04,-0.01,0.5,,e6:+0.002;e11:-0.021;e12:-0.020;e13*:-0.013
2314,github_code,B,4,6,1,40,0.53,HELDOUT,,,,,e14:+0.056;e15:+0.041;e16:+0.072;e17*:+0.066
2315,gsm8k,A,4,8,3,92,0.45,ADMIT,0.415,,0.475,,e25:-0.020;e27:-0.037;e29:-0.030;e30*:-0.043
2316,slimorca,A,4,14,3,1,0.39,REFUSE,,,0.0,,e31:-13.875;e33:-8.938;e35:-5.625;e39*:-8.750
2317,ultrachat,B,4,24,3,128,0.4,ADMIT,0.07,,1.094,,e40:-0.058;e41:-0.024;e42:-0.077;e43*:-0.029
2318,ai2_arc,B,4,9,2,10,0.31,HELDOUT,,,,,e95:+0.000;e96:-0.050;e97:-0.050;e98*:-0.013
2319,slimorca,B,4,15,2,8,0.36,ADMIT,0.178,0.281,0.0,,e37:-0.734;e44:-0.664;e62:-0.133;e71*:-0.883
2320,ultrachat,B,3,31,2,128,0.41,ADMIT,0.222,-0.006,1.289,,e81:-0.019;e86:-0.009;e87*:-0.034
2321,gsm8k,A,4,8,0,78,0.45,ADMIT,0.218,-0.009,0.559,,e48:-0.012;e50:-0.008;e51:-0.012;e56*:-0.087
2322,python_instructions,B,4,5,1,74,0.54,HELDOUT,,,,,e18:-0.019;e19:-0.004;e20:-0.003;e22*:-0.006
2323,slimorca,B,4,10,2,104,0.39,HELDOUT,,,,,e94:-0.020;e99:+0.024;e0:-0.076;e1*:-0.056
2324,ai2_arc,A,4,6,2,5,0.43,HELDOUT,,,,,e2:-0.375;e3:-0.312;e4:-0.312;e6*:-0.450
2325,ai2_arc,B,4,9,2,12,0.45,ADMIT,0.148,0.045,0.0,,e11:-0.161;e12:-0.010;e13:-0.047;e14*:+0.000
2326,metamath,A,4,10,3,128,0.48,ADMIT,0.01,0.006,0.213,,e46:-0.012;e47:-0.033;e48:-0.022;e50*:-0.013
2327,ultrachat,A,2,49,2,128,0.44,HELDOUT,,,,,e15:-0.002;e16*:-0.073
2328,camel_science,A,4,4,2,1,0.46,REFUSE,,,0.75,,e17:+0.500;e18:+0.375;e19:-2.312;e20*:-0.750
2329,github_code,A,4,6,1,54,0.61,ADMIT,0.049,,0.316,,e24:-0.012;e25:-0.078;e27:-0.078;e29*:-0.007
2330,gsm8k,B,4,8,0,54,0.43,ADMIT,0.279,0.001,0.441,,e57:-0.035;e58:-0.024;e61:-0.102;e63*:-0.100
2331,python_instructions,A,4,5,1,92,0.55,ADMIT,0.354,,0.461,,e30:-0.016;e31:+0.041;e33:+0.000;e35*:-0.012
2332,metamath,B,4,7,1,128,0.61,HELDOUT,,,,,e37:-0.025;e39:-0.011;e40:-0.012;e41*:-0.019
2333,python_instructions,A,4,7,1,48,0.78,ADMIT,0.195,-0.006,0.273,,e42:+0.018;e43:+0.009;e45:+0.012;e46*:-0.018
2334,slimorca,B,4,8,2,128,0.49,ADMIT,0.237,,1.133,,e22:-0.051;e24:-0.102;e25:-0.043;e27*:-0.070
2335,python_instructions,A,4,8,1,63,0.82,ADMIT,0.099,-0.003,0.16,,e47:+0.005;e48:+0.005;e50:-0.028;e51*:+0.011
2336,gsm8k,A,4,8,0,105,0.43,ADMIT,0.725,0.004,0.293,,e66:-0.054;e67:+0.008;e69:-0.020;e70*:-0.043
2337,ultrachat,A,2,32,3,128,0.46,ADMIT,0.134,0.002,1.312,,e51:-0.053;e56*:-0.033
2338,camel_science,A,4,5,2,4,0.47,HELDOUT,,,,,e29:+0.500;e30:-0.953;e31:-1.203;e33*:-0.719
2339,ultrachat,A,2,32,2,128,0.46,ADMIT,0.036,,1.734,,e35:-0.067;e37*:-0.062
2340,ai2_arc,B,4,6,2,3,0.5,REFUSE,,,0.0,,e39:+0.000;e40:+0.000;e41:+0.000;e42*:-0.229
2341,ai2_arc,A,4,9,2,6,0.48,HELDOUT,,,,,e43:+0.000;e45:-0.042;e46:-0.115;e47*:-0.021
2342,ultrachat,B,3,31,1,128,0.77,ADMIT,0.084,-0.006,0.789,,e56:-0.034;e57:-0.038;e58*:-0.020
2343,ai2_arc,A,4,9,2,14,0.47,HELDOUT,,,,,e56:+0.000;e48:-0.098;e50:+0.000;e51*:-0.009
2344,ai2_arc,B,4,9,2,12,0.51,ADMIT,0.158,,0.0,,e57:-0.495;e58:-0.453;e61:-0.036;e63*:-0.036
2345,ai2_arc,A,4,6,2,3,0.54,REFUSE,,,3.047,,e66:+2.917;e67:+1.125;e69:+1.812;e70*:+2.250
2346,camel_science,A,4,4,2,4,0.52,HELDOUT,,,,,e71:-0.203;e74:-0.125;e75:-0.125;e76*:-0.516
2347,camel_science,B,4,3,2,2,0.51,REFUSE,,,3.812,,e78:-1.594;e79:-1.594;e80:-0.844;e82*:-0.812
2348,ultrachat,B,4,18,1,128,0.83,ADMIT,0.196,-0.002,0.219,,e61:-0.010;e63:-0.027;e66:-0.006;e67*:-0.007
2349,ultrachat,A,3,26,2,128,0.5,ADMIT,0.263,,1.047,,e84:-0.003;e85:-0.017;e89*:-0.018
2350,github_code,A,4,6,3,2,0.55,REFUSE,,,0.125,,e61:-1.375;e57:-3.750;e58:-0.250;e63*:-3.844
2351,ultrachat,B,2,38,2,128,0.49,ADMIT,0.09,-0.007,1.156,,e90:+0.066;e91*:+0.014
2352,slimorca,A,4,10,2,5,0.55,ADMIT,0.28,,0.0,,e93:-0.900;e95:-0.900;e96:-0.463;e97*:-0.900
2353,gsm8k,A,4,7,0,122,0.43,ADMIT,0.241,,0.355,,e71:-0.042;e74:-0.102;e75:-0.040;e76*:-0.043
2354,github_code,A,4,4,1,98,0.83,ADMIT,0.085,,0.494,,e71:+0.016;e74:+0.005;e69:-0.001;e70*:-0.001
2355,metamath,A,4,7,3,74,0.5,ADMIT,0.42,-0.004,0.231,,e69:-0.055;e70:-0.084;e66:-0.055;e67*:-0.096
2356,python_instructions,A,4,8,1,128,0.83,ADMIT,0.345,0.015,0.547,,e75:-0.081;e76:-0.100;e78:-0.041;e79*:-0.037
2357,python_instructions,A,4,7,1,122,0.83,HELDOUT,,,,,e80:+0.028;e82:+0.016;e84:+0.016;e85*:+0.016
2358,camel_science,B,4,4,2,2,0.53,REFUSE,,,3.75,,e98:-3.781;e21:-2.625;e23:-1.844;e34*:-2.656
2359,camel_science,A,4,3,2,1,0.5,REFUSE,,,0.0,,e62:-1.375;e81:-1.375;e86:-1.375;e87*:-1.375
2360,camel_science,B,4,4,2,1,0.53,REFUSE,,,0.25,,e94:-5.688;e99:-1.688;e0:-8.750;e1*:-0.125
2361,camel_science,A,4,3,2,4,0.52,ADMIT,2.171,-0.28,3.0,,e2:+1.641;e3:+1.094;e4:+0.469;e6*:+1.641
2362,ultrachat,A,3,30,2,128,0.52,ADMIT,0.194,0.004,1.461,,e11:-0.088;e12:-0.052;e13*:-0.099
2363,gsm8k,A,4,9,0,63,0.44,ADMIT,0.177,-0.0,0.188,,e76:-0.165;e78:-0.121;e79:-0.110;e80*:-0.061
2364,slimorca,B,4,13,2,10,0.5,ADMIT,0.28,,0.1,,e14:-0.425;e15:-0.481;e16:-0.344;e17*:-0.688
2365,python_instructions,B,4,5,1,97,0.59,ADMIT,0.139,0.0,0.914,,e89:+0.034;e90:-0.008;e91:+0.011;e93*:+0.015
2366,python_instructions,B,4,6,1,91,0.61,ADMIT,0.262,0.004,0.342,,e95:-0.093;e96:-0.010;e97:-0.013;e98*:-0.010
2367,slimorca,A,4,7,2,128,0.52,ADMIT,0.164,,0.973,,e18:-0.017;e19:+0.002;e20:-0.022;e21*:-0.031
2368,github_code,B,4,5,1,54,0.63,ADMIT,0.185,,0.949,,e5:-0.056;e32:+0.009;e38:+0.009;e53*:-0.029
2369,slimorca,B,4,13,2,106,0.51,HELDOUT,,,,,e22:-0.056;e24:-0.064;e25:-0.059;e27*:-0.044
2370,camel_science,A,4,4,2,4,0.39,ADMIT,1.775,-0.147,1.828,,e29:+0.656;e30:-1.047;e31:-1.547;e33*:-1.328
2371,metamath,A,4,7,3,78,0.47,ADMIT,0.143,,0.074,,e70:-0.107;e71:-0.107;e74:-0.107;e75*:-0.207
2372,gsm8k,B,4,7,0,64,0.44,ADMIT,0.516,-0.003,0.262,,e82:-0.044;e84:-0.245;e89:-0.071;e90*:-0.055
2373,metamath,B,4,10,1,128,0.52,ADMIT,0.326,-0.001,0.359,,e55:-0.013;e60:+0.000;e77:-0.036;e88*:-0.001
2374,ai2_arc,B,4,6,2,9,0.43,ADMIT,0.315,,0.0,,e35:-0.333;e37:-0.542;e39:-0.764;e40*:-0.042
2375,gsm8k,A,4,10,3,128,0.44,ADMIT,0.282,-0.009,0.416,,e76:+0.015;e78:-0.083;e79:-0.074;e80*:-0.021
2376,github_code,B,4,5,1,34,0.6,ADMIT,0.041,-0.003,0.173,,e92:+0.007;e0:+0.004;e1:-0.051;e2*:-0.004
2377,slimorca,B,2,50,3,128,0.42,ADMIT,0.025,,0.383,,e82:-0.014;e84*:+0.003
2378,metamath,B,4,10,3,119,0.45,ADMIT,0.232,-0.028,0.123,,e89:-0.022;e90:-0.037;e91:-0.031;e93*:+0.006
2379,ultrachat,B,4,23,2,92,0.4,HELDOUT,,,,,e41:-0.018;e42:+0.018;e43:-0.016;e45*:-0.056
2380,gsm8k,B,4,9,3,115,0.45,ADMIT,0.179,,0.1,,e95:-0.052;e96:-0.048;e97:-0.032;e98*:-0.039
2381,ai2_arc,A,4,7,2,6,0.27,ADMIT,1.452,-0.004,0.0,,e46:-1.042;e47:-0.729;e48:-1.542;e50*:-1.646
2382,camel_science,A,4,4,2,4,0.26,ADMIT,0.488,,0.156,,e51:-0.875;e56:-1.125;e58:-0.812;e61*:-1.062
2383,python_instructions,A,4,7,1,109,0.64,HELDOUT,,,,,e3:+0.005;e4:+0.002;e11:-0.002;e12*:-0.002
2384,gsm8k,B,4,10,3,108,0.45,ADMIT,0.231,,0.609,,e7:-0.066;e10:-0.066;e28:-0.093;e36*:-0.099
2385,github_code,A,4,5,1,26,0.66,ADMIT,0.358,0.001,0.531,,e13:-0.135;e14:-0.101;e15:-0.106;e16*:-0.137
2386,camel_science,A,4,5,2,2,0.26,REFUSE,,,4.125,,e63:-1.031;e66:-1.031;e67:+2.438;e69*:+2.438
2387,github_code,A,4,4,1,93,0.66,ADMIT,0.033,,0.281,,e17:-0.005;e18:-0.005;e19:-0.005;e20*:-0.005
2388,ultrachat,B,3,30,2,99,0.39,ADMIT,0.04,0.038,0.471,,e70:-0.155;e71:-0.033;e74*:-0.058
2389,slimorca,A,4,10,2,128,0.29,ADMIT,0.06,0.003,0.461,,e75:+0.007;e76:-0.017;e78:-0.013;e79*:-0.000
2390,python_instructions,B,4,9,1,128,0.58,HELDOUT,,,,,e21:-0.054;e22:-0.033;e23:-0.060;e24*:-0.036
2391,slimorca,B,4,11,3,2,0.37,HELDOUT,,,,,e44:-1.438;e54:-1.094;e59:-1.438;e68*:-1.500
2392,ai2_arc,A,4,7,2,4,0.31,ADMIT,2.497,0.062,0.0,,e80:-1.188;e82:-0.938;e84:-0.062;e87*:-1.516
2393,ai2_arc,B,4,8,2,6,0.38,ADMIT,0.076,-0.109,1.141,,e89:+0.146;e90:+0.219;e91:-0.073;e93*:-0.094
2394,gsm8k,B,4,8,0,110,0.45,ADMIT,0.329,,0.201,,e91:-0.033;e93:-0.022;e95:-0.016;e96*:-0.042
2395,ultrachat,B,4,22,2,64,0.34,ADMIT,0.411,-0.004,1.281,,e95:+0.045;e96:+0.040;e97:+0.031;e98*:-0.128
2396,slimorca,B,4,23,2,128,0.34,HELDOUT,,,,,e9:-0.061;e57:-0.062;e62:-0.077;e73*:-0.008
2397,metamath,B,4,8,0,128,0.42,ADMIT,0.317,-0.003,0.102,,e97:-0.047;e98:-0.032;e6:-0.040;e8*:-0.045
2398,metamath,B,4,6,3,128,0.41,ADMIT,0.171,,0.184,,e72:-0.082;e0:-0.065;e1:+0.014;e2*:-0.082
2399,ai2_arc,A,4,7,2,1,0.27,REFUSE,,,0.0,,e81:+0.000;e85:-1.375;e86:-0.812;e94*:-0.125
2400,ai2_arc,B,4,8,2,1,0.26,REFUSE,,,0.0,,e99:+0.000;e0:+0.000;e1:+0.000;e2*:+0.000
2401,python_instructions,A,4,7,1,93,0.47,ADMIT,0.072,,0.715,,e27:+0.013;e29:+0.024;e30:+0.008;e31*:+0.017
2402,metamath,A,4,10,3,128,0.38,ADMIT,0.095,,0.122,,e3:-0.021;e4:-0.023;e11:-0.035;e12*:-0.031
2403,ai2_arc,A,4,9,2,8,0.26,ADMIT,0.169,,0.0,,e3:-0.039;e4:-0.648;e11:+0.000;e12*:-0.016
2404,camel_science,A,4,4,2,7,0.28,ADMIT,0.352,0.008,3.078,,e13:-0.554;e14:-0.500;e15:-0.500;e16*:-0.089
2405,ultrachat,A,2,52,3,128,0.35,ADMIT,0.168,,1.055,,e13:+0.011;e14*:+0.055
2406,metamath,B,4,9,0,100,0.41,ADMIT,0.682,,0.096,,e26:-0.155;e51:-0.066;e52:-0.083;e64*:-0.076
2407,ai2_arc,A,4,9,2,10,0.25,ADMIT,0.101,0.05,0.0,,e17:-0.219;e18:-0.037;e19:-0.013;e20*:+0.000
2408,metamath,A,4,9,3,110,0.39,HELDOUT,,,,,e17:-0.066;e18:-0.072;e15:-0.032;e16*:-0.082
2409,ai2_arc,B,4,11,2,12,0.34,ADMIT,0.073,0.006,0.0,,e21:-0.078;e22:-0.125;e24:+0.000;e25*:-0.010
2410,python_instructions,A,4,6,1,50,0.55,ADMIT,0.071,,0.157,,e33:-0.002;e35:-0.002;e37:+0.004;e39*:-0.007
2411,ai2_arc,A,4,10,2,5,0.36,ADMIT,0.086,0.004,0.0,,e27:-0.025;e29:-0.025;e30:+0.000;e31*:-0.050
2412,metamath,B,4,11,3,128,0.45,ADMIT,0.277,0.001,0.05,,e19:-0.087;e20:-0.034;e21:-0.034;e22*:-0.122
2413,python_instructions,B,4,7,1,82,0.59,ADMIT,0.218,0.002,0.738,,e40:-0.079;e41:-0.011;e42:-0.029;e43*:-0.083
2414,gsm8k,A,4,7,3,96,0.46,ADMIT,0.18,0.008,0.412,,e24:-0.024;e25:-0.040;e27:-0.020;e29*:-0.023
2415,metamath,A,4,9,3,94,0.5,ADMIT,0.128,-0.037,0.25,,e30:-0.027;e31:-0.022;e33:-0.027;e35*:-0.011
2416,slimorca,A,4,13,2,128,0.36,ADMIT,0.101,,1.055,,e33:-0.037;e35:-0.014;e37:-0.010;e39*:-0.059
2417,ultrachat,B,4,24,2,128,0.37,ADMIT,0.073,,1.055,,e40:-0.041;e41:-0.077;e42:-0.018;e43*:-0.052
2418,ultrachat,B,3,31,3,128,0.43,ADMIT,0.031,0.003,1.422,,e40:-0.020;e37:-0.009;e39*:-0.011
2419,metamath,B,4,8,3,93,0.43,ADMIT,0.1,-0.026,0.104,,e43:-0.056;e41:-0.034;e42:-0.030;e45*:-0.055
2420,camel_science,A,4,2,2,2,0.34,HELDOUT,,,,,e45:-0.375;e46:-0.531;e47:-0.531;e48*:-0.531
2421,camel_science,A,4,6,2,1,0.34,REFUSE,,,0.0,,e50:+0.000;e56:+0.000;e57:+0.000;e58*:-0.375
2422,slimorca,B,4,18,2,72,0.38,HELDOUT,,,,,e60:-0.205;e61:-0.234;e63:-0.279;e66*:-0.157
2423,github_code,A,4,8,1,11,0.57,ADMIT,0.099,-0.001,0.879,,e45:-0.028;e46:-0.125;e47:-0.114;e48*:-0.074
2424,slimorca,A,4,26,3,30,0.32,ADMIT,0.209,-0.002,0.038,,e46:-0.062;e47:-0.040;e48:-0.029;e50*:-0.117
2425,camel_science,A,4,5,2,2,0.24,REFUSE,,,0.0,,e67:-2.750;e69:-1.750;e70:-2.750;e71*:-2.750
2426,metamath,B,4,8,0,118,0.42,HELDOUT,,,,,e65:-0.044;e77:-0.094;e83:-0.081;e0*:-0.038
2427,github_code,A,4,4,1,18,0.59,ADMIT,0.092,-0.059,0.535,,e50:-0.073;e56:-0.201;e57:-0.462;e58*:-0.337
2428,gsm8k,B,4,8,3,92,0.48,ADMIT,0.792,,0.297,,e56:-0.014;e57:-0.014;e58:-0.043;e60*:-0.014
2429,python_instructions,B,4,8,1,128,0.72,HELDOUT,,,,,e60:+0.003;e61:-0.000;e63:+0.003;e66*:-0.025
2430,ultrachat,A,4,23,2,66,0.35,ADMIT,0.101,-0.021,1.258,,e74:-0.034;e75:-0.028;e76:-0.033;e78*:-0.030
2431,metamath,B,4,9,0,128,0.42,ADMIT,0.488,-0.001,0.26,,e1:-0.072;e2:-0.081;e3:-0.158;e4*:-0.053
2432,python_instructions,A,4,7,1,16,0.58,ADMIT,0.03,,0.008,,e67:+0.000;e69:-0.008;e70:-0.008;e71*:-0.008
2433,slimorca,A,4,12,2,56,0.32,HELDOUT,,,,,e79:-0.018;e80:+0.006;e82:-0.008;e84*:-0.018
2434,ultrachat,A,2,51,1,128,0.53,ADMIT,0.156,,0.918,,e74:-0.031;e75*:-0.001
2435,python_instructions,A,4,9,1,50,0.53,ADMIT,0.146,0.004,0.224,,e76:-0.038;e78:-0.050;e79:-0.039;e80*:-0.140
2436,metamath,A,4,11,3,128,0.47,ADMIT,0.26,0.004,0.225,,e61:-0.107;e63:-0.038;e66:-0.038;e67*:-0.107
2437,ai2_arc,B,4,12,2,2,0.33,REFUSE,,,0.0,,e87:+0.000;e89:-1.844;e90:+0.000;e91*:-2.656
2438,ai2_arc,A,4,8,2,6,0.33,ADMIT,0.156,-0.005,0.0,,e93:-0.042;e95:+0.000;e96:-0.073;e97*:+0.000
2439,camel_science,B,4,4,2,3,0.35,REFUSE,,,0.75,,e98:-0.646;e21:-0.958;e44:-0.167;e62*:-0.271
2440,python_instructions,A,4,5,1,28,0.53,HELDOUT,,,,,e84:+0.022;e87:-0.025;e89:-0.121;e90*:-0.127
2441,metamath,A,4,12,0,116,0.45,HELDOUT,,,,,e11:-0.040;e12:-0.175;e13:-0.115;e14*:-0.059
2442,slimorca,B,4,29,2,68,0.49,ADMIT,0.104,0.009,1.586,,e73:-0.167;e81:-0.009;e85:-0.092;e86*:-0.109
2443,python_instructions,B,4,4,1,125,0.64,ADMIT,0.185,,0.602,,e91:+0.011;e92:-0.001;e93:+0.016;e95*:+0.002
2444,ai2_arc,B,4,10,2,9,0.39,ADMIT,0.512,-0.12,0.0,,e94:-0.438;e99:-0.056;e0:-0.861;e1*:-0.458
2445,ultrachat,B,4,28,2,128,0.42,ADMIT,0.136,,0.84,,e2:-0.032;e3:-0.039;e4:-0.031;e11*:-0.016
2446,camel_science,A,4,6,2,3,0.39,REFUSE,,,2.422,,e12:-0.260;e13:+0.125;e14:+0.042;e15*:+0.115
2447,ai2_arc,A,4,9,2,5,0.41,HELDOUT,,,,,e16:-0.188;e17:-0.175;e18:-0.500;e19*:+0.475
2448,slimorca,B,4,12,2,128,0.45,ADMIT,0.013,0.023,1.367,,e20:-0.108;e22:-0.009;e23:-0.002;e24*:-0.096
2449,ultrachat,B,4,29,2,128,0.44,ADMIT,0.556,,0.621,,e25:-0.004;e27:-0.002;e29:+0.011;e30*:-0.033
2450,gsm8k,A,4,8,0,128,0.51,ADMIT,0.141,0.01,0.637,,e15:-0.027;e16:+0.019;e17:+0.019;e18*:+0.010
2451,slimorca,A,4,28,2,128,0.49,HELDOUT,,,,,e31:-0.024;e33:-0.026;e35:-0.027;e37*:-0.024
2452,slimorca,B,4,14,2,128,0.53,HELDOUT,,,,,e39:-0.062;e40:-0.062;e41:+0.002;e42*:-0.062
2453,github_code,B,4,6,1,74,0.62,ADMIT,0.021,-0.004,0.389,,e96:+0.024;e97:-0.005;e98:+0.034;e5*:+0.008
2454,ai2_arc,A,4,8,2,9,0.5,HELDOUT,,,,,e43:-0.222;e45:+0.000;e46:-0.222;e47*:+0.000
2455,python_instructions,B,4,6,1,128,0.6,HELDOUT,,,,,e10:-0.051;e32:-0.054;e34:-0.018;e38*:-0.015
2456,gsm8k,A,4,8,3,73,0.6,HELDOUT,,,,,e70:-0.045;e71:-0.085;e74:-0.021;e75*:-0.098
2457,github_code,B,4,7,1,7,0.72,HELDOUT,,,,,e49:-0.036;e53:-0.339;e55:-0.438;e88*:-0.866
2458,ai2_arc,A,4,7,2,3,0.58,HELDOUT,,,,,e48:-0.625;e50:-0.146;e56:-0.104;e58*:-0.125
2459,ai2_arc,B,4,13,2,11,0.58,HELDOUT,,,,,e60:-0.034;e61:-0.057;e63:-0.028;e66*:-0.062
2460,ai2_arc,A,4,11,2,9,0.61,ADMIT,0.214,,0.0,,e69:-0.014;e70:-0.014;e71:-0.236;e74*:-0.028
2461,gsm8k,A,4,7,3,69,0.66,ADMIT,0.167,-0.003,0.391,,e78:-0.030;e79:-0.040;e80:-0.035;e82*:-0.030
2462,ai2_arc,A,4,7,2,4,0.61,ADMIT,1.388,-0.052,0.031,,e78:-0.156;e79:-0.609;e75:-1.875;e76*:-1.203
2463,ultrachat,A,2,49,2,128,0.61,ADMIT,0.15,0.009,1.016,,e80:-0.044;e82*:-0.031
2464,camel_science,A,4,4,2,2,0.61,REFUSE,,,2.312,,e84:-1.625;e87:-1.625;e89:-2.312;e90*:-0.406
2465,slimorca,B,4,18,2,128,0.57,ADMIT,0.086,0.032,1.328,,e91:-0.073;e92:-0.027;e93:-0.106;e94*:-0.060
2466,camel_science,B,4,4,2,2,0.62,REFUSE,,,1.0,,e95:-3.500;e96:-3.500;e97:-0.500;e98*:-3.500
2467,ai2_arc,A,4,8,2,8,0.61,ADMIT,0.702,0.005,0.0,,e21:-0.055;e23:+0.000;e57:-0.086;e62*:-1.312
2468,gsm8k,A,4,8,3,113,0.65,ADMIT,0.086,,0.224,,e84:-0.021;e87:-0.126;e89:-0.041;e90*:-0.071
2469,github_code,B,4,5,1,20,0.66,ADMIT,0.156,-0.001,0.163,,e0:+0.012;e1:-0.322;e2:+0.012;e3*:+0.012
2470,gsm8k,B,4,12,3,79,0.63,HELDOUT,,,,,e91:-0.046;e92:-0.112;e93:-0.048;e94*:-0.012
2471,ultrachat,A,4,27,2,128,0.57,ADMIT,0.286,,1.094,,e73:+0.013;e81:+0.008;e85:+0.027;e86*:-0.016
2472,camel_science,B,4,5,2,3,0.59,HELDOUT,,,,,e99:-2.656;e0:-2.656;e1:+0.062;e2*:+0.375
2473,metamath,B,4,8,0,106,0.5,ADMIT,0.075,,0.189,,e19:-0.149;e20:-0.097;e22:-0.177;e24*:-0.038
2474,ultrachat,B,4,28,3,128,0.58,ADMIT,0.074,,1.289,,e95:-0.080;e96:-0.025;e97:-0.006;e98*:-0.063
2475,github_code,A,4,7,1,47,0.71,HELDOUT,,,,,e4:+0.023;e11:-0.036;e12:+0.003;e13*:-0.001
2476,python_instructions,A,4,5,1,28,0.54,ADMIT,0.226,,0.676,,e14:-0.067;e15:-0.060;e16:-0.058;e17*:-0.054
2477,github_code,B,4,6,1,90,0.54,HELDOUT,,,,,e18:-0.007;e19:+0.005;e20:-0.041;e22*:-0.015
2478,python_instructions,B,4,4,1,104,0.56,ADMIT,0.025,,0.883,,e24:-0.030;e25:-0.015;e27:-0.043;e29*:-0.028
2479,github_code,A,4,4,1,105,0.54,ADMIT,0.638,,0.373,,e30:-0.019;e31:-0.023;e33:-0.014;e35*:-0.014
2480,slimorca,B,4,11,2,87,0.58,ADMIT,0.059,,0.836,,e3:+0.009;e4:-0.034;e11:-0.019;e12*:-0.067
2481,metamath,B,4,9,3,128,0.56,ADMIT,0.268,,0.213,,e7:-0.042;e26:-0.010;e28:-0.042;e36*:-0.049
2482,ultrachat,B,3,36,3,128,0.58,HELDOUT,,,,,e44:-0.007;e54:-0.023;e59*:-0.019
2483,python_instructions,B,4,7,1,82,0.54,ADMIT,0.169,,0.14,,e37:-0.010;e39:-0.014;e40:-0.011;e41*:-0.046
2484,github_code,A,4,10,1,30,0.54,ADMIT,0.055,-0.011,0.816,,e42:+0.094;e43:+0.035;e45:-0.075;e46*:-0.008
2485,camel_science,A,4,4,2,2,0.52,REFUSE,,,0.562,,e13:+0.438;e14:+0.438;e15:+0.438;e16*:+0.438
2486,camel_science,A,4,4,2,2,0.52,REFUSE,,,4.5,,e17:+0.219;e18:+0.938;e19:+0.938;e20*:+0.938
2487,gsm8k,A,4,10,0,128,0.43,ADMIT,0.183,0.001,0.254,,e25:-0.005;e27:+0.003;e29:+0.009;e30*:+0.007
2488,gsm8k,B,4,10,3,128,0.32,ADMIT,0.201,0.001,0.414,,e68:-0.010;e72:-0.014;e0:-0.036;e1*:-0.031
2489,python_instructions,A,4,6,1,62,0.52,ADMIT,0.122,,0.439,,e47:-0.010;e48:-0.010;e50:-0.014;e56*:-0.004
2490,ultrachat,B,3,38,2,128,0.51,ADMIT,0.015,0.0,1.273,,e22:-0.031;e24:+0.016;e25*:-0.024
2491,gsm8k,A,4,9,0,89,0.36,ADMIT,0.758,-0.002,0.225,,e31:-0.048;e33:-0.040;e35:-0.063;e37*:-0.050
2492,python_instructions,B,4,6,1,53,0.54,ADMIT,0.437,0.001,0.155,,e58:-0.028;e60:+0.005;e61:+0.006;e62*:-0.055
2493,python_instructions,A,4,8,1,71,0.54,HELDOUT,,,,,e63:+0.007;e66:-0.007;e67:-0.009;e70*:-0.004
2494,github_code,A,4,5,1,12,0.59,ADMIT,0.11,,0.021,,e71:+0.000;e74:+0.000;e75:+0.010;e76*:+0.000
2495,camel_science,A,4,4,2,5,0.52,ADMIT,0.635,0.148,0.4,,e27:-0.912;e29:-1.163;e30:-0.912;e31*:-1.150
2496,gsm8k,B,4,11,3,128,0.29,ADMIT,0.134,,0.492,,e2:-0.043;e3:-0.064;e4:-0.054;e11*:-0.011
2497,metamath,A,4,9,3,128,0.27,ADMIT,0.271,-0.005,0.27,,e12:-0.027;e13:-0.048;e14:-0.028;e15*:-0.076
2498,github_code,A,4,4,1,31,0.62,ADMIT,0.127,,0.578,,e78:+0.006;e79:-0.081;e80:-0.014;e82*:-0.018
2499,ai2_arc,A,4,10,2,10,0.52,ADMIT,0.156,0.002,0.0,,e33:-0.144;e35:-0.025;e37:-0.013;e39*:-0.113
2500,slimorca,A,4,29,3,2,0.34,REFUSE,,,0.312,,e16:+0.094;e17:+0.094;e18:+0.094;e19*:+0.094
2501,metamath,B,4,6,3,128,0.44,ADMIT,0.058,-0.005,0.289,,e20:-0.022;e22:-0.075;e24:-0.069;e25*:-0.069
2502,ultrachat,B,3,34,2,128,0.43,HELDOUT,,,,,e40:-0.008;e41:-0.004;e42*:-0.007
2503,gsm8k,B,4,12,0,128,0.37,HELDOUT,,,,,e40:-0.002;e41:-0.045;e42:-0.007;e39*:+0.010
2504,slimorca,A,4,34,2,67,0.53,HELDOUT,,,,,e43:-0.066;e45:-0.148;e46:-0.113;e47*:-0.167
2505,python_instructions,A,4,6,1,56,0.71,ADMIT,0.155,,0.727,,e84:+0.008;e87:+0.009;e89:-0.001;e90*:+0.009
2506,github_code,B,4,11,1,128,0.72,HELDOUT,,,,,e91:-0.005;e92:-0.003;e93:-0.006;e94*:-0.003
2507,github_code,B,4,7,1,69,0.72,ADMIT,0.5,,0.287,,e95:-0.025;e96:-0.036;e97:-0.018;e98*:-0.104
2508,slimorca,A,4,12,2,128,0.48,HELDOUT,,,,,e48:+0.021;e50:-0.006;e56:-0.059;e58*:-0.063
2509,gsm8k,A,4,12,3,128,0.31,HELDOUT,,,,,e27:-0.031;e29:-0.014;e30:-0.014;e31*:-0.075
2510,slimorca,A,4,26,3,21,0.49,ADMIT,0.119,,0.598,,e33:-0.021;e35:-0.089;e37:-0.155;e39*:+0.134
2511,camel_science,B,4,6,2,3,0.49,REFUSE,,,0.543,,e60:+0.354;e61:-0.375;e62:-0.375;e63*:-0.375
2512,python_instructions,B,4,7,1,1,0.8,HELDOUT,,,,,e5:-1.688;e10:-1.688;e32:-1.688;e34*:-1.938
2513,ai2_arc,A,4,10,2,4,0.5,ADMIT,0.155,,0.0,,e66:-0.031;e67:-0.062;e70:-0.031;e71*:-0.094
2514,camel_science,A,4,5,2,3,0.53,REFUSE,,,1.125,,e74:-2.042;e75:-2.708;e76:+0.417;e78*:-0.083
2515,github_code,B,4,12,1,128,0.79,ADMIT,0.327,,0.244,,e38:+0.002;e49:+0.002;e53:+0.002;e55*:+0.002
2516,ai2_arc,A,4,12,2,3,0.54,REFUSE,,,1.547,,e79:+0.354;e80:+0.250;e82:+0.354;e84*:-0.375
2517,ultrachat,B,2,71,3,128,0.41,ADMIT,0.0,,0.085,,e40:-0.027;e41*:-0.032
2518,python_instructions,B,4,8,1,72,0.71,HELDOUT,,,,,e88:+0.000;e0:-0.002;e1:-0.018;e2*:+0.000
2519,gsm8k,A,4,14,0,128,0.4,ADMIT,0.219,,0.379,,e43:-0.076;e45:-0.061;e46:-0.039;e47*:-0.062
2520,ultrachat,B,4,16,2,93,0.48,HELDOUT,,,,,e87:-0.030;e89:-0.024;e90:-0.040;e91*:-0.028
2521,github_code,B,4,6,1,128,0.64,ADMIT,0.149,,0.508,,e3:+0.011;e4:+0.008;e11:+0.012;e12*:+0.012
2522,github_code,A,4,9,1,57,0.63,ADMIT,0.139,,0.605,,e13:-0.025;e14:-0.014;e15:-0.019;e16*:-0.019
2523,slimorca,A,4,23,3,48,0.39,ADMIT,0.142,-0.03,0.217,,e42:-0.074;e43:-0.214;e45:-0.255;e46*:+0.010
2524,gsm8k,A,4,17,3,116,0.37,ADMIT,0.121,-0.005,0.574,,e47:-0.026;e48:-0.019;e50:-0.044;e56*:-0.079
2525,ai2_arc,A,4,8,2,3,0.41,REFUSE,,,0.375,,e92:-0.792;e93:-1.083;e94:-0.062;e95*:-1.646
2526,github_code,A,4,8,1,41,0.69,ADMIT,0.075,-0.004,0.146,,e17:+0.018;e18:-0.322;e19:-0.258;e20*:+0.018
2527,metamath,B,4,8,1,128,0.65,ADMIT,0.195,,0.375,,e22:-0.012;e24:-0.012;e25:-0.040;e27*:-0.017
2528,ultrachat,A,2,63,2,128,0.42,HELDOUT,,,,,e96:-0.029;e97*:-0.010
2529,gsm8k,A,4,16,0,108,0.38,ADMIT,0.215,0.001,0.459,,e48:+0.014;e50:+0.038;e56:+0.014;e58*:+0.011
2530,slimorca,B,4,17,2,59,0.33,ADMIT,0.02,-0.052,0.637,,e98:+0.012;e21:-0.103;e23:-0.103;e57*:-0.150
2531,camel_science,A,4,5,2,3,0.28,REFUSE,,,0.0,,e69:-0.583;e73:-0.208;e81:-0.583;e85*:-0.583
2532,ai2_arc,B,4,14,2,7,0.26,HELDOUT,,,,,e86:+0.000;e99:-0.018;e0:-0.018;e1*:-0.045
2533,ultrachat,B,4,28,2,128,0.33,ADMIT,0.158,,1.375,,e2:-0.030;e3:-0.013;e4:-0.021;e11*:-0.085
2534,ai2_arc,A,4,9,2,5,0.34,ADMIT,0.204,-0.09,0.0,,e12:-0.113;e13:-0.237;e14:-0.438;e15*:-0.138
2535,ultrachat,A,2,48,2,128,0.36,ADMIT,0.307,0.003,1.219,,e16:-0.080;e17*:-0.074
2536,github_code,A,4,8,1,31,0.68,HELDOUT,,,,,e29:+0.000;e30:-0.058;e31:-0.010;e33*:-0.071
2537,python_instructions,B,4,6,1,54,0.66,ADMIT,0.076,,0.393,,e35:-0.007;e37:+0.016;e39:-0.041;e40*:+0.003
2538,ai2_arc,B,4,14,2,10,0.29,ADMIT,0.039,0.05,0.0,,e18:-0.181;e19:+0.000;e20:+0.000;e22*:+0.000
2539,ultrachat,B,3,43,2,128,0.32,ADMIT,0.016,,0.816,,e24:-0.013;e25:-0.020;e27*:-0.018
2540,camel_science,A,4,6,2,3,0.29,REFUSE,,,0.042,,e30:-1.938;e31:+0.000;e33:-3.229;e35*:-1.938
2541,slimorca,B,4,14,2,128,0.35,ADMIT,0.179,,0.348,,e37:-0.065;e39:-0.181;e40:-0.046;e41*:-0.231
2542,camel_science,A,4,5,2,1,0.29,REFUSE,,,0.125,,e42:-4.062;e43:-1.250;e45:+0.250;e46*:-5.562
2543,ultrachat,B,3,38,3,65,0.34,HELDOUT,,,,,e60:-0.193;e61:-0.129;e62*:-0.120
2544,github_code,A,4,7,1,31,0.55,ADMIT,0.206,,0.578,,e46:-0.069;e42:-0.008;e43:-0.113;e45*:-0.069
2545,ai2_arc,A,4,13,2,16,0.28,ADMIT,0.241,0.001,0.039,,e47:-0.148;e48:-0.070;e50:+0.023;e56*:-0.070
2546,metamath,B,4,12,3,128,0.39,ADMIT,0.222,,0.083,,e63:+0.002;e66:-0.061;e67:-0.073;e69*:-0.069
2547,github_code,A,4,11,1,32,0.68,HELDOUT,,,,,e47:-0.008;e48:+0.004;e50:-0.008;e56*:+0.000
2548,camel_science,B,4,7,2,3,0.34,REFUSE,,,0.375,,e58:-0.125;e60:-0.042;e61:-2.271;e62*:-0.104
2549,ultrachat,B,2,53,2,128,0.32,HELDOUT,,,,,e63:-0.010;e66*:-0.016
2550,camel_science,A,4,5,2,3,0.27,REFUSE,,,2.0,,e67:-1.021;e69:-0.354;e70:-0.771;e71*:-1.021
2551,slimorca,A,4,13,2,128,0.37,ADMIT,0.147,0.001,0.535,,e74:+0.030;e75:+0.011;e76:+0.001;e78*:+0.008
2552,gsm8k,B,4,12,3,128,0.37,ADMIT,0.392,0.002,0.361,,e74:-0.087;e75:-0.054;e70:-0.080;e71*:-0.074
2553,metamath,A,4,16,3,128,0.4,ADMIT,0.135,0.002,0.188,,e76:-0.043;e78:-0.018;e79:-0.045;e80*:-0.014
2554,camel_science,A,4,5,2,4,0.28,ADMIT,0.728,0.343,0.0,,e79:-1.188;e80:-1.000;e82:-0.906;e84*:-0.031
2555,camel_science,B,4,5,2,1,0.29,HELDOUT,,,,,e87:-1.438;e89:-0.125;e90:-0.125;e91*:-0.125
2556,python_instructions,B,4,10,1,93,0.69,HELDOUT,,,,,e58:+0.011;e60:+0.006;e61:-0.003;e62*:+0.009
2557,python_instructions,A,4,7,1,31,0.76,ADMIT,0.332,,1.023,,e63:-0.099;e66:-0.129;e67:-0.150;e69*:-0.135
2558,camel_science,A,4,5,2,3,0.33,REFUSE,,,0.875,,e92:-1.833;e93:-1.458;e94:-1.833;e95*:-1.458
2559,github_code,A,4,5,1,21,0.73,ADMIT,0.246,,0.25,,e70:-0.006;e71:+0.000;e74:-0.006;e75*:-0.033
2560,camel_science,B,4,6,2,2,0.27,REFUSE,,,1.062,,e96:-1.156;e97:-1.219;e98:-0.438;e3*:-3.906
2561,camel_science,A,4,4,2,5,0.27,ADMIT,0.742,0.266,1.703,,e21:-1.350;e23:-0.950;e57:-0.900;e73*:-1.075
2562,gsm8k,A,4,8,0,40,0.33,ADMIT,0.504,,0.208,,e61:-0.323;e62:-0.316;e63:-0.353;e66*:-0.216
2563,github_code,A,4,10,1,46,0.76,ADMIT,0.022,0.001,0.594,,e76:+0.042;e78:+0.019;e79:+0.022;e80*:+0.019
2564,camel_science,A,4,10,2,2,0.37,REFUSE,,,0.125,,e81:-1.281;e85:-4.094;e86:-0.875;e99*:-0.938
2565,slimorca,B,4,15,2,128,0.44,ADMIT,0.032,-0.001,0.613,,e0:-0.030;e1:-0.023;e2:-0.035;e4*:-0.022
2566,ai2_arc,A,4,14,2,8,0.27,HELDOUT,,,,,e11:+0.000;e12:+0.016;e13:+0.031;e14*:-0.734
2567,camel_science,A,4,5,2,3,0.29,REFUSE,,,0.083,,e15:-1.312;e16:-0.292;e17:+0.042;e18*:-1.312
2568,ultrachat,A,2,46,2,128,0.34,HELDOUT,,,,,e19:-0.023;e20*:-0.017
2569,gsm8k,A,4,12,3,128,0.45,ADMIT,0.169,,0.174,,e82:-0.059;e84:-0.046;e87:-0.042;e89*:-0.046
2570,ai2_arc,B,4,11,2,4,0.36,ADMIT,0.116,0.028,0.0,,e22:-0.172;e24:+0.000;e25:-0.562;e27*:-1.203
2571,camel_science,A,4,6,2,2,0.36,REFUSE,,,0.0,,e29:-1.281;e30:-1.281;e31:-1.281;e33*:-1.281
2572,metamath,B,4,16,0,128,0.38,HELDOUT,,,,,e67:-0.050;e69:-0.052;e70:-0.053;e71*:-0.050
2573,gsm8k,B,4,10,3,110,0.5,ADMIT,0.071,,0.293,,e90:-0.034;e91:-0.022;e92:-0.009;e93*:-0.013
2574,python_instructions,A,4,6,1,50,0.76,HELDOUT,,,,,e82:+0.034;e84:+0.019;e87:+0.019;e89*:+0.020
2575,github_code,B,4,13,1,78,0.7,ADMIT,0.144,0.003,0.391,,e90:+0.010;e91:-0.033;e92:-0.019;e93*:-0.006
2576,metamath,A,4,11,1,128,0.65,ADMIT,0.545,,0.242,,e94:-0.012;e95:-0.035;e96:-0.007;e97*:-0.012
2577,python_instructions,B,4,10,1,49,0.72,ADMIT,0.098,0.017,0.277,,e98:-0.043;e5:-0.048;e10:+0.046;e32*:+0.054
2578,camel_science,B,4,9,2,3,0.56,HELDOUT,,,,,e35:-1.844;e37:-0.854;e39:+0.042;e40*:+0.042
2579,camel_science,A,4,5,2,3,0.56,REFUSE,,,0.0,,e41:+0.000;e42:-0.125;e43:-0.833;e45*:-0.125
2580,ai2_arc,A,4,12,2,4,0.55,ADMIT,0.186,0.002,0.0,,e43:-0.234;e45:+0.000;e46:+0.000;e47*:+0.000
2581,camel_science,A,4,6,2,2,0.55,REFUSE,,,0.062,,e48:-1.469;e50:-1.469;e56:-1.469;e58*:-0.750
2582,python_instructions,B,4,6,1,34,0.67,ADMIT,0.153,0.04,0.621,,e34:-0.215;e38:-0.017;e49:-0.226;e53*:-0.274
2583,github_code,A,4,5,1,18,0.72,ADMIT,0.214,,0.781,,e55:+0.000;e88:-0.125;e0:-0.090;e1*:-0.125
2584,ultrachat,B,3,37,1,128,0.69,ADMIT,0.035,,0.338,,e2:-0.038;e4:-0.033;e11*:-0.020
2585,ai2_arc,B,4,12,2,5,0.55,HELDOUT,,,,,e60:-0.237;e61:-0.025;e62:+0.000;e63*:-0.425
2586,python_instructions,A,4,9,1,63,0.72,HELDOUT,,,,,e12:+0.003;e13:+0.037;e14:-0.036;e15*:-0.014
2587,github_code,B,4,4,2,75,0.61,ADMIT,0.031,,1.578,,e66:-0.078;e67:-0.085;e70:-0.078;e73*:-0.078
2588,ai2_arc,A,4,7,2,2,0.57,REFUSE,,,0.0,,e74:-2.312;e75:-2.312;e76:-0.125;e78*:+0.000
2589,slimorca,A,4,20,2,128,0.54,HELDOUT,,,,,e79:-0.022;e80:-0.003;e82:-0.003;e84*:-0.020
2590,metamath,A,4,12,0,128,0.43,ADMIT,0.199,,0.135,,e73:-0.012;e74:-0.026;e75:-0.029;e76*:-0.011
2591,gsm8k,A,4,11,0,128,0.4,HELDOUT,,,,,e78:-0.080;e79:-0.050;e80:-0.050;e82*:-0.050
2592,ai2_arc,B,4,10,2,4,0.48,ADMIT,0.155,,0.0,,e87:-0.188;e89:-0.031;e90:-0.031;e91*:+0.000
2593,slimorca,A,4,12,2,26,0.57,ADMIT,0.091,,0.449,,e92:-0.075;e93:-0.048;e95:-0.216;e96*:+0.077
2594,ultrachat,A,2,62,3,128,0.5,ADMIT,0.154,-0.007,1.453,,e93:-0.021;e95*:-0.041
2595,ai2_arc,B,4,12,2,6,0.52,HELDOUT,,,,,e97:-0.146;e98:-0.146;e3:+0.000;e57*:-0.156
2596,ai2_arc,A,4,14,2,7,0.53,ADMIT,0.07,,0.018,,e69:+0.036;e71:+0.036;e81:+0.036;e85*:-0.089
2597,github_code,A,4,6,1,118,0.75,HELDOUT,,,,,e16:-0.007;e17:+0.001;e18:+0.006;e19*:+0.006
2598,ai2_arc,B,4,14,2,6,0.5,ADMIT,0.317,0.041,0.0,,e86:-0.802;e94:-0.083;e99:-0.260;e0*:-0.927
2599,gsm8k,A,4,11,0,95,0.46,ADMIT,0.415,0.19,0.531,,e84:-0.119;e87:-0.126;e89:-0.159;e90*:-0.144
2600,github_code,B,4,6,1,19,0.67,ADMIT,0.127,,0.363,,e20:-0.013;e21:+0.000;e22:-0.013;e23*:-0.013
2601,python_instructions,B,4,4,1,117,0.65,ADMIT,0.101,,0.26,,e24:-0.002;e25:-0.003;e27:-0.006;e29*:-0.024
2602,ultrachat,B,3,44,2,128,0.5,HELDOUT,,,,,e1:-0.034;e2:-0.020;e4*:-0.002
2603,camel_science,B,4,4,2,5,0.27,ADMIT,0.093,,0.0,,e11:+0.000;e12:-0.150;e13:-0.150;e14*:-0.487
2604,ai2_arc,A,4,12,2,15,0.28,ADMIT,0.065,-0.025,0.0,,e15:-0.017;e16:-0.304;e17:-0.050;e18*:-0.033
2605,github_code,A,4,7,1,51,0.71,ADMIT,0.106,,0.281,,e30:-0.036;e31:-0.021;e33:-0.020;e35*:-0.020
2606,ultrachat,B,4,33,2,128,0.3,ADMIT,0.06,0.003,0.543,,e19:-0.097;e20:-0.067;e21:-0.065;e22*:-0.023
2607,python_instructions,B,4,5,1,87,0.64,HELDOUT,,,,,e37:-0.027;e39:-0.001;e40:-0.027;e41*:-0.006
2608,ultrachat,B,4,22,1,128,0.52,HELDOUT,,,,,e42:-0.025;e43:-0.026;e45:-0.028;e46*:-0.020
2609,github_code,A,4,6,1,33,0.47,ADMIT,0.173,,0.015,,e47:-0.008;e48:-0.004;e50:-0.004;e56*:-0.011
2610,ai2_arc,B,4,7,2,5,0.3,ADMIT,0.583,0.016,0.0,,e23:-0.762;e24:-0.350;e25:+0.000;e27*:-0.113
2611,ultrachat,B,3,34,1,128,0.47,HELDOUT,,,,,e58:-0.035;e60:-0.042;e61*:-0.057
2612,metamath,B,4,11,1,128,0.49,ADMIT,0.459,,0.135,,e62:-0.012;e63:-0.010;e66:-0.010;e67*:-0.010
2613,ai2_arc,A,4,11,2,9,0.34,HELDOUT,,,,,e29:+0.000;e30:+0.000;e31:-0.014;e33*:-0.042
2614,slimorca,B,4,18,2,128,0.39,ADMIT,0.236,0.003,0.461,,e35:+0.008;e37:+0.016;e39:+0.023;e40*:+0.002
2615,ultrachat,B,4,26,2,128,0.4,ADMIT,0.458,,0.824,,e41:-0.002;e42:+0.000;e43:-0.038;e45*:-0.017
2616,ultrachat,A,2,53,2,128,0.4,ADMIT,0.357,,1.172,,e46:-0.042;e47*:-0.037
2617,metamath,B,4,11,0,128,0.45,ADMIT,0.225,,0.26,,e91:-0.036;e92:-0.093;e93:-0.001;e95*:-0.020
2618,slimorca,A,4,15,2,128,0.44,ADMIT,0.107,,1.148,,e48:+0.000;e50:+0.006;e56:+0.001;e58*:-0.029
2619,python_instructions,B,4,7,1,128,0.46,ADMIT,0.038,,0.332,,e70:-0.013;e73:-0.007;e74:-0.002;e75*:-0.008
2620,gsm8k,B,4,9,0,69,0.43,ADMIT,0.236,-0.038,0.381,,e96:-0.014;e97:-0.070;e98:-0.015;e6*:-0.121
2621,metamath,A,4,8,0,102,0.43,HELDOUT,,,,,e8:-0.129;e9:-0.104;e49:-0.043;e51*:-0.052
2622,slimorca,A,3,34,1,128,0.53,ADMIT,0.144,,0.652,,e76:-0.083;e78:-0.065;e79*:-0.070
2623,github_code,B,4,5,1,20,0.56,ADMIT,0.077,0.008,0.406,,e80:-0.034;e82:-0.009;e84:-0.003;e87*:+0.009
2624,camel_science,B,4,4,2,8,0.42,ADMIT,0.574,0.0,2.156,,e60:+0.195;e61:+0.227;e62:+0.105;e63*:+0.266
2625,camel_science,B,4,6,2,4,0.41,ADMIT,0.107,0.013,0.0,,e66:-0.062;e67:-0.219;e70:+0.000;e73*:+0.000
2626,github_code,B,4,6,1,119,0.59,ADMIT,0.176,,0.383,,e89:+0.019;e90:+0.005;e91:-0.015;e93*:-0.002
2627,ultrachat,B,4,27,3,28,0.51,ADMIT,0.121,,0.516,,e96:-0.158;e97:-0.123;e98:-0.127;e7*:-0.205
2628,gsm8k,B,4,8,3,91,0.56,HELDOUT,,,,,e28:-0.077;e36:-0.055;e44:-0.056;e59*:-0.057
2629,github_code,B,4,5,1,16,0.7,HELDOUT,,,,,e94:-0.023;e95:-0.016;e96:-0.008;e97*:-0.070
2630,camel_science,A,4,7,2,2,0.47,REFUSE,,,0.125,,e74:-0.250;e75:-0.375;e76:-0.125;e78*:-2.750
2631,slimorca,B,4,12,2,63,0.53,ADMIT,0.079,0.0,1.234,,e79:-0.016;e80:-0.023;e82:-0.026;e84*:-0.061
2632,camel_science,B,4,5,2,5,0.47,ADMIT,0.842,,0.175,,e87:-1.419;e89:-1.788;e90:-0.825;e91*:-0.212
2633,metamath,B,4,12,3,128,0.55,ADMIT,0.025,,0.183,,e68:-0.057;e72:-0.026;e86:-0.055;e92*:-0.031
2634,ai2_arc,B,4,10,2,7,0.47,ADMIT,0.091,,0.0,,e93:+0.000;e94:-0.062;e95:-0.107;e96*:+0.000
2635,github_code,B,4,17,1,75,0.77,ADMIT,0.097,0.001,0.762,,e98:-0.013;e5:+0.015;e10:-0.010;e26*:-0.025
2636,metamath,B,4,9,0,106,0.45,ADMIT,0.306,-0.016,0.17,,e52:-0.081;e53:-0.050;e65:-0.063;e83*:-0.065
2637,ultrachat,B,4,34,2,128,0.59,ADMIT,0.056,-0.007,1.109,,e97:-0.003;e98:-0.021;e3:-0.012;e34*:-0.022
2638,ultrachat,A,2,59,2,128,0.51,ADMIT,0.09,0.007,1.367,,e37:-0.025;e57*:+0.020
2639,camel_science,B,4,5,2,2,0.47,REFUSE,,,0.125,,e69:-0.969;e71:-5.031;e81:-0.125;e85*:-0.969
2640,ai2_arc,B,4,7,2,5,0.47,ADMIT,0.161,0.018,0.0,,e94:-0.350;e0:-0.125;e1:-0.050;e2*:-0.500
2641,python_instructions,B,4,8,1,98,0.69,ADMIT,0.103,0.003,0.247,,e52:-0.010;e54:+0.008;e55:-0.035;e64*:+0.009
2642,camel_science,B,4,4,2,2,0.48,REFUSE,,,0.0,,e4:+0.000;e11:-0.281;e12:-1.156;e13*:-0.812
2643,slimorca,A,4,16,2,65,0.48,HELDOUT,,,,,e14:-0.089;e15:-0.089;e16:-0.037;e17*:-0.091
2644,metamath,B,4,14,0,128,0.5,ADMIT,0.168,0.002,0.139,,e0:-0.094;e1:-0.051;e2:-0.081;e4*:-0.078
2645,metamath,B,4,10,3,128,0.59,ADMIT,0.692,0.0,0.092,,e0:-0.044;e1:-0.022;e2:-0.039;e4*:-0.048
2646,ultrachat,A,2,53,2,128,0.38,ADMIT,0.188,,1.0,,e18:-0.044;e19*:-0.033
2647,gsm8k,B,4,7,3,105,0.53,ADMIT,0.445,-0.001,0.461,,e11:-0.007;e12:-0.031;e13:-0.042;e14*:-0.028
2648,github_code,B,4,7,1,57,0.76,ADMIT,0.027,-0.0,0.275,,e77:-0.007;e88:-0.005;e0:-0.002;e1*:-0.004
2649,python_instructions,B,4,14,1,128,0.77,ADMIT,0.221,,0.221,,e2:-0.001;e4:-0.006;e11:-0.007;e12*:-0.004
2650,python_instructions,A,4,6,1,128,0.77,ADMIT,0.012,0.005,0.688,,e13:-0.042;e14:-0.005;e15:+0.015;e16*:-0.001
2651,ai2_arc,B,4,8,2,3,0.39,REFUSE,,,0.0,,e20:-0.250;e21:+0.000;e22:+0.000;e23*:+0.000
2652,ai2_arc,B,4,9,2,7,0.4,ADMIT,0.32,0.173,0.516,,e24:-0.188;e25:+0.375;e27:-0.054;e29*:+0.464
2653,github_code,A,4,8,1,73,0.77,HELDOUT,,,,,e17:+0.005;e18:-0.038;e19:+0.005;e20*:+0.000
2654,python_instructions,B,4,5,1,51,0.71,HELDOUT,,,,,e21:-0.042;e22:-0.033;e23:-0.013;e24*:-0.045
2655,camel_science,B,4,4,2,2,0.36,REFUSE,,,1.625,,e30:-1.844;e31:-1.844;e32:-3.500;e33*:-1.906
2656,camel_science,B,4,5,2,1,0.36,HELDOUT,,,,,e35:-0.938;e39:+0.000;e40:-3.438;e41*:-2.625
2657,camel_science,B,4,3,2,3,0.36,REFUSE,,,1.297,,e42:-0.167;e43:-1.083;e45:-1.500;e46*:-0.604
2658,ultrachat,A,2,45,2,128,0.44,HELDOUT,,,,,e47:-0.046;e48*:-0.016
2659,metamath,A,4,11,3,122,0.6,ADMIT,0.03,,0.077,,e15:-0.020;e16:-0.012;e17:-0.013;e18*:-0.049
2660,camel_science,B,4,4,2,2,0.42,HELDOUT,,,,,e50:-0.094;e56:-0.094;e58:-0.031;e60*:-0.969
2661,slimorca,B,4,12,2,128,0.47,HELDOUT,,,,,e61:+0.050;e62:+0.019;e63:+0.020;e66*:+0.050
2662,ultrachat,B,4,33,2,128,0.33,ADMIT,0.243,,0.84,,e67:-0.016;e70:-0.021;e73:+0.040;e74*:-0.022
2663,camel_science,A,4,3,2,1,0.27,REFUSE,,,0.0,,e75:+0.000;e76:-0.500;e78:+0.000;e79*:-0.500
2664,python_instructions,A,4,6,1,24,0.56,HELDOUT,,,,,e25:+0.013;e27:+0.047;e29:+0.026;e30*:+0.081
2665,python_instructions,B,4,6,1,107,0.49,ADMIT,0.223,,0.363,,e31:-0.002;e32:-0.010;e33:-0.012;e35*:-0.003
2666,ai2_arc,B,4,9,2,4,0.3,HELDOUT,,,,,e80:-0.062;e82:+0.000;e84:-0.141;e87*:-0.141
2667,slimorca,B,4,32,3,7,0.46,ADMIT,0.354,0.038,0.018,,e19:-0.491;e20:-0.402;e21:-0.580;e22*:-0.571
2668,camel_science,B,4,4,2,2,0.29,REFUSE,,,4.812,,e89:+0.531;e90:+0.625;e91:+1.406;e93*:+0.625
2669,ai2_arc,B,4,8,2,3,0.35,REFUSE,,,0.0,,e94:-0.042;e95:-0.042;e96:-0.083;e97*:-0.042
2670,metamath,B,4,11,3,128,0.51,ADMIT,0.351,-0.005,0.057,,e23:-0.080;e24:-0.028;e25:-0.061;e27*:-0.023
2671,python_instructions,B,4,4,1,85,0.49,ADMIT,0.351,,0.152,,e39:-0.004;e40:+0.000;e41:-0.012;e42*:-0.003
2672,gsm8k,B,4,8,3,70,0.49,HELDOUT,,,,,e29:-0.054;e30:-0.079;e31:-0.015;e32*:-0.079
2673,ai2_arc,B,4,10,2,6,0.3,ADMIT,0.411,-0.003,0.312,,e98:+0.062;e3:+0.104;e34:-0.427;e37*:+0.333
2674,ai2_arc,B,4,10,2,6,0.32,ADMIT,0.157,,0.0,,e57:-0.292;e71:-0.292;e81:-0.208;e85*:-0.667
2675,python_instructions,B,4,5,1,121,0.55,ADMIT,0.074,,0.656,,e43:-0.016;e45:-0.033;e46:-0.032;e47*:-0.006
2676,camel_science,B,4,5,2,2,0.3,REFUSE,,,0.75,,e86:-4.469;e99:-4.469;e0:-4.469;e1*:-0.875
2677,gsm8k,B,4,8,3,122,0.45,ADMIT,0.157,,0.21,,e33:-0.054;e35:-0.019;e39:-0.106;e40*:-0.051
2678,github_code,B,4,4,2,128,0.42,ADMIT,0.017,,0.754,,e2:-0.002;e4:-0.002;e11:+0.002;e12*:-0.000
2679,python_instructions,A,4,10,1,128,0.49,HELDOUT,,,,,e48:-0.016;e50:-0.008;e56:+0.006;e58*:-0.010
2680,metamath,B,4,13,3,128,0.42,ADMIT,0.13,-0.001,0.039,,e42:-0.016;e43:-0.056;e45:-0.057;e46*:-0.056
2681,github_code,B,4,5,1,70,0.25,ADMIT,0.021,,0.543,,e60:+0.007;e61:-0.008;e62:-0.001;e63*:-0.001
2682,slimorca,B,4,12,1,83,0.27,HELDOUT,,,,,e66:-0.140;e67:-0.167;e70:-0.198;e71*:-0.208
2683,camel_science,A,4,6,2,5,0.3,ADMIT,0.525,0.029,0.0,,e13:-1.238;e14:-0.450;e15:-0.212;e16*:-0.025
2684,gsm8k,B,4,10,3,128,0.4,HELDOUT,,,,,e47:-0.023;e48:-0.031;e50:-0.030;e55*:-0.030
2685,gsm8k,B,4,9,3,80,0.41,ADMIT,0.192,,0.441,,e56:-0.016;e58:-0.026;e60:-0.077;e61*:-0.016
2686,camel_science,A,4,5,2,3,0.34,REFUSE,,,0.418,,e17:+0.250;e18:-0.042;e19:+0.250;e20*:+0.333
2687,camel_science,B,4,4,2,2,0.35,HELDOUT,,,,,e21:-0.438;e23:-1.500;e24:-0.641;e25*:-1.500
2688,metamath,A,4,6,1,123,0.39,ADMIT,0.33,-0.004,0.138,,e74:-0.037;e75:-0.052;e76:-0.095;e78*:-0.045
2689,github_code,A,4,7,1,28,0.38,ADMIT,0.108,,0.25,,e79:-0.020;e80:-0.011;e82:+0.009;e85*:+0.016
2690,slimorca,A,4,24,2,25,0.37,ADMIT,0.301,-0.04,0.652,,e27:-0.355;e29:-0.430;e30:-0.462;e31*:-0.400
2691,camel_science,B,4,4,2,1,0.33,REFUSE,,,0.0,,e32:-1.812;e33:-6.531;e35:+0.000;e39*:-1.062
2692,metamath,B,4,6,1,128,0.37,HELDOUT,,,,,e11:-0.011;e12:-0.047;e13:-0.039;e14*:-0.009
2693,gsm8k,A,4,12,0,125,0.38,HELDOUT,,,,,e15:-0.043;e16:-0.054;e17:-0.059;e18*:-0.034
2694,metamath,A,4,11,0,128,0.47,ADMIT,0.097,0.001,0.183,,e19:-0.144;e20:-0.097;e21:-0.074;e23*:-0.074
2695,slimorca,B,4,12,2,18,0.54,ADMIT,0.061,0.001,0.326,,e40:-0.191;e41:-0.083;e42:-0.076;e43*:-0.417
2696,ultrachat,A,2,50,2,128,0.41,ADMIT,0.509,,1.156,,e45:-0.011;e46*:+0.030
2697,ultrachat,A,2,77,2,128,0.42,ADMIT,0.351,,1.461,,e47:-0.028;e48*:-0.052
2698,slimorca,B,4,31,2,128,0.43,HELDOUT,,,,,e50:-0.033;e55:-0.035;e56:-0.022;e58*:-0.039
2699,python_instructions,B,4,8,1,94,0.76,ADMIT,0.259,0.027,0.244,,e87:-0.080;e89:-0.081;e90:-0.035;e91*:-0.009
2700,python_instructions,B,4,8,1,75,0.75,ADMIT,0.058,,0.216,,e93:+0.024;e94:+0.043;e95:+0.031;e96*:+0.022
2701,slimorca,B,4,11,2,93,0.59,ADMIT,0.06,,0.973,,e60:-0.000;e61:+0.022;e62:+0.007;e63*:-0.026
2702,ai2_arc,B,4,8,2,2,0.59,REFUSE,,,0.0,,e66:+0.000;e67:+0.000;e70:+0.000;e71*:+0.000
2703,ultrachat,A,2,50,2,128,0.6,ADMIT,0.048,-0.002,1.367,,e74:+0.089;e75*:+0.095
2704,slimorca,A,4,11,2,128,0.61,ADMIT,0.042,-0.011,1.0,,e76:-0.022;e78:-0.035;e79:+0.006;e80*:-0.042
2705,gsm8k,B,4,8,0,83,0.42,ADMIT,0.375,,0.355,,e24:-0.020;e25:-0.044;e27:-0.009;e29*:-0.011
2706,gsm8k,B,4,6,3,50,0.46,ADMIT,0.227,-0.0,0.13,,e62:-0.154;e63:-0.239;e66:-0.239;e67*:-0.125
2707,gsm8k,B,4,8,0,81,0.44,HELDOUT,,,,,e30:-0.187;e31:-0.161;e32:-0.140;e33*:-0.255
2708,python_instructions,B,4,5,1,81,0.74,HELDOUT,,,,,e97:+0.002;e98:-0.020;e5:-0.028;e10*:-0.040
2709,metamath,A,4,8,2,125,0.61,ADMIT,0.344,,0.146,,e82:-0.055;e85:-0.085;e87:-0.021;e89*:-0.021
2710,metamath,B,4,8,3,128,0.55,HELDOUT,,,,,e70:-0.060;e71:-0.114;e74:-0.060;e75*:-0.094
2711,python_instructions,B,4,5,1,128,0.83,ADMIT,0.234,,0.531,,e22:+0.008;e38:+0.008;e52:+0.004;e54*:-0.002
2712,slimorca,B,4,12,2,128,0.67,ADMIT,0.11,-0.003,0.75,,e90:+0.114;e91:+0.065;e93:+0.060;e94*:+0.069
2713,python_instructions,B,4,3,1,50,0.83,ADMIT,0.122,0.002,0.173,,e64:-0.020;e77:-0.003;e88:+0.003;e0*:+0.005
2714,ultrachat,B,4,26,2,128,0.65,HELDOUT,,,,,e95:-0.005;e96:-0.057;e97:-0.060;e98*:-0.034
2715,slimorca,B,4,10,2,10,0.49,HELDOUT,,,,,e34:-0.381;e57:-0.419;e69:-0.388;e73*:-0.344
2716,camel_science,B,4,7,2,4,0.36,ADMIT,3.643,-1.178,0.062,,e81:+0.031;e84:-2.188;e86:-3.312;e92*:-0.359
2717,slimorca,B,4,15,2,72,0.42,ADMIT,0.11,,1.367,,e99:-0.069;e0:-0.108;e1:-0.111;e2*:+0.011
2718,slimorca,B,4,29,2,119,0.38,ADMIT,0.073,,0.844,,e4:-0.047;e11:-0.096;e12:-0.027;e13*:-0.077
2719,camel_science,A,4,6,2,3,0.36,REFUSE,,,0.0,,e14:+0.000;e15:+0.000;e16:+0.000;e17*:+0.000
2720,metamath,A,4,6,3,106,0.61,HELDOUT,,,,,e78:-0.013;e79:-0.015;e80:-0.032;e82*:-0.015
2721,slimorca,A,4,18,2,12,0.49,ADMIT,0.051,-0.76,0.648,,e19:+0.120;e20:-0.109;e21:-0.297;e23*:-0.292
2722,python_instructions,B,4,6,1,128,0.68,ADMIT,0.045,-0.001,0.609,,e1:-0.011;e2:-0.005;e4:-0.016;e12*:-0.002
2723,github_code,A,4,7,1,10,0.81,HELDOUT,,,,,e13:-0.475;e14:-0.406;e15:-0.300;e16*:-0.338
2724,camel_science,B,4,3,2,5,0.4,HELDOUT,,,,,e24:-0.512;e25:-0.925;e27:-0.300;e29*:-0.300
2725,ai2_arc,B,4,8,2,5,0.41,ADMIT,0.05,0.011,0.0,,e30:-0.412;e31:-0.037;e32:-0.263;e33*:-0.037
2726,camel_science,B,4,4,2,3,0.45,HELDOUT,,,,,e35:-0.042;e39:+0.000;e40:-0.042;e41*:-0.083
2727,gsm8k,A,4,6,3,66,0.48,ADMIT,0.55,-0.008,0.426,,e84:-0.016;e86:-0.032;e87:-0.015;e89*:-0.095
2728,ai2_arc,B,4,11,2,14,0.44,ADMIT,0.102,0.007,0.053,,e42:+0.009;e43:-0.080;e45:+0.054;e46*:+0.009
2729,camel_science,B,4,3,2,2,0.42,REFUSE,,,0.0,,e47:-0.250;e48:-0.250;e50:-0.250;e55*:-0.250
2730,gsm8k,B,4,8,3,33,0.47,ADMIT,0.018,-0.031,0.469,,e90:-0.201;e91:-0.070;e92:-0.216;e93*:-0.036
2731,metamath,A,4,6,1,86,0.66,ADMIT,0.388,0.006,0.363,,e17:-0.119;e18:+0.016;e19:+0.008;e20*:-0.079
2732,metamath,B,4,14,0,128,0.4,ADMIT,0.305,0.001,0.166,,e39:-0.014;e40:-0.047;e41:-0.087;e42*:-0.006
2733,gsm8k,B,4,9,3,115,0.52,HELDOUT,,,,,e95:-0.044;e96:-0.011;e97:-0.057;e98*:-0.057
2734,metamath,B,4,13,0,128,0.48,ADMIT,0.114,-0.016,0.161,,e43:-0.055;e45:-0.025;e46:-0.056;e47*:-0.031
2735,ai2_arc,B,4,9,2,4,0.51,ADMIT,0.995,,0.0,,e56:-0.031;e58:-0.031;e60:-2.156;e61*:-0.219
2736,ai2_arc,B,4,11,2,11,0.48,ADMIT,0.021,-0.019,0.535,,e62:+0.239;e63:+0.261;e66:+0.057;e67*:+0.017
2737,ultrachat,B,2,50,2,128,0.49,ADMIT,0.098,-0.003,1.047,,e70:+0.020;e71*:+0.023
2738,gsm8k,B,4,10,3,118,0.58,HELDOUT,,,,,e3:-0.007;e7:-0.010;e26:+0.006;e28*:-0.006
2739,slimorca,A,4,22,2,51,0.58,ADMIT,0.027,,0.617,,e74:-0.075;e75:-0.037;e76:-0.048;e78*:-0.060
2740,ultrachat,A,4,33,2,128,0.6,ADMIT,0.046,,0.703,,e79:-0.016;e80:-0.027;e82:-0.017;e84*:-0.011
2741,ai2_arc,A,4,8,2,3,0.53,HELDOUT,,,,,e86:+0.000;e87:-0.146;e89:-0.167;e90*:+0.000
2742,github_code,B,4,4,1,58,0.72,ADMIT,0.024,,0.984,,e21:-0.030;e22:-0.019;e23:-0.019;e24*:-0.019
2743,metamath,B,4,9,3,96,0.48,ADMIT,0.429,,0.162,,e37:-0.039;e44:-0.016;e59:-0.015;e69*:-0.014
2744,github_code,A,4,8,1,13,0.84,ADMIT,0.229,-0.003,0.212,,e25:-0.082;e27:-0.087;e29:-0.062;e30*:-0.082
2745,metamath,B,4,7,1,128,0.8,HELDOUT,,,,,e31:-0.021;e33:-0.037;e35:-0.021;e38*:-0.055
2746,gsm8k,B,4,9,0,66,0.43,ADMIT,0.499,-0.022,0.414,,e47:+0.009;e48:-0.018;e50:-0.018;e55*:-0.106
2747,slimorca,B,4,10,2,3,0.58,REFUSE,,,0.293,,e91:-1.833;e92:+0.062;e93:+0.062;e95*:+0.062
2748,ultrachat,B,4,32,2,128,0.57,ADMIT,0.058,0.005,1.312,,e96:-0.032;e97:+0.012;e98:+0.009;e11*:+0.012
2749,gsm8k,A,4,11,0,121,0.47,ADMIT,0.159,0.004,0.293,,e56:-0.128;e58:-0.075;e60:-0.069;e61*:-0.105
2750,slimorca,B,4,26,3,2,0.56,REFUSE,,,1.438,,e72:-2.094;e0:-2.094;e1:-2.094;e2*:+1.094
2751,metamath,B,4,14,1,128,0.88,ADMIT,0.111,0.013,0.35,,e39:-0.031;e40:-0.058;e41:-0.021;e42*:-0.031
2752,slimorca,B,4,16,2,128,0.64,ADMIT,0.086,0.005,0.4,,e34:-0.074;e57:-0.077;e71:-0.079;e73*:-0.109
2753,slimorca,B,4,19,2,128,0.58,ADMIT,0.078,,0.285,,e81:-0.060;e85:-0.044;e94:-0.056;e99*:-0.031
2754,python_instructions,B,4,6,1,128,0.86,ADMIT,0.239,,0.496,,e43:+0.005;e45:-0.009;e46:-0.028;e47*:-0.009
2755,metamath,B,4,6,2,113,0.65,ADMIT,0.065,0.024,0.174,,e0:-0.058;e1:-0.008;e2:-0.004;e4*:-0.004
2756,ai2_arc,B,4,10,2,4,0.58,ADMIT,0.203,0.029,0.0,,e12:-0.500;e13:-0.797;e14:-0.438;e15*:-0.062
2757,gsm8k,A,4,6,3,90,0.54,ADMIT,0.19,0.0,0.383,,e12:+0.047;e13:+0.040;e14:-0.001;e4*:+0.013
2758,slimorca,A,4,13,2,128,0.64,ADMIT,0.226,,0.879,,e16:-0.036;e17:-0.053;e18:-0.053;e19*:-0.014
2759,metamath,B,4,8,1,110,0.81,ADMIT,0.461,,0.109,,e48:-0.040;e50:-0.022;e55:-0.056;e56*:-0.023
2760,ai2_arc,B,4,9,2,6,0.58,ADMIT,0.067,-0.007,0.021,,e20:+0.021;e21:-0.042;e22:-0.240;e23*:-0.073
2761,ai2_arc,B,4,9,2,5,0.63,ADMIT,0.146,,0.0,,e24:-0.075;e25:+0.000;e27:+0.000;e29*:+0.000
2762,gsm8k,A,4,9,3,116,0.46,ADMIT,0.399,,0.836,,e15:+0.038;e16:+0.032;e17:+0.021;e18*:+0.032
2763,ultrachat,A,3,39,2,128,0.61,ADMIT,0.1,-0.004,0.742,,e30:-0.043;e31:-0.054;e33*:-0.020
2764,ultrachat,B,4,20,3,27,0.56,ADMIT,0.242,,0.186,,e19:-0.155;e20:-0.113;e21:-0.037;e22*:-0.058
2765,camel_science,B,4,4,2,2,0.58,REFUSE,,,0.062,,e35:-0.375;e38:-1.312;e39:-0.781;e40*:-0.062
2766,metamath,B,4,10,0,128,0.45,ADMIT,0.808,0.005,0.146,,e62:-0.108;e63:-0.053;e66:-0.111;e67*:-0.111
2767,python_instructions,A,4,9,1,73,0.76,ADMIT,0.169,-0.013,0.527,,e62:-0.024;e58:-0.044;e60:-0.024;e61*:-0.024
2768,ai2_arc,B,4,10,2,10,0.62,ADMIT,0.116,0.024,0.0,,e41:-0.263;e42:-0.019;e43:-0.087;e45*:-0.050
2769,metamath,B,4,15,0,128,0.45,HELDOUT,,,,,e70:-0.030;e74:-0.035;e75:-0.002;e76*:-0.023
2770,slimorca,A,4,13,2,128,0.71,ADMIT,0.217,-0.02,0.988,,e46:-0.081;e47:-0.159;e48:-0.230;e50*:-0.158
2771,camel_science,B,4,6,2,1,0.74,REFUSE,,,0.625,,e55:-3.125;e56:-2.500;e58:-2.062;e60*:-5.438
2772,ultrachat,B,2,78,3,128,0.59,HELDOUT,,,,,e23:-0.045;e24*:-0.039
2773,ultrachat,A,4,29,3,123,0.38,ADMIT,0.325,,1.211,,e25:-0.027;e27:-0.023;e29:-0.011;e30*:+0.004
2774,ai2_arc,B,4,10,2,8,0.55,HELDOUT,,,,,e61:+0.000;e62:-0.172;e63:+0.000;e66*:+0.000
2775,camel_science,B,4,4,2,6,0.57,ADMIT,0.244,-0.009,1.391,,e67:-0.823;e70:-0.646;e74:-0.615;e75*:-0.250
2776,slimorca,A,4,13,2,118,0.55,ADMIT,0.036,,0.637,,e76:-0.026;e78:-0.036;e79:-0.055;e80*:+0.010
2777,camel_science,A,4,4,2,3,0.57,HELDOUT,,,,,e82:-0.833;e84:-0.562;e86:-0.438;e87*:-0.562
2778,slimorca,B,4,22,2,128,0.56,ADMIT,0.12,,1.414,,e89:-0.059;e90:-0.091;e91:-0.059;e92*:-0.068
2779,github_code,B,4,4,1,32,0.81,HELDOUT,,,,,e63:+0.031;e66:+0.039;e67:+0.031;e70*:-0.004
2780,gsm8k,A,4,8,0,113,0.41,ADMIT,0.278,0.014,0.777,,e79:-0.072;e80:-0.020;e82:-0.028;e84*:-0.049
2781,github_code,A,4,6,1,10,0.78,ADMIT,0.048,-0.002,0.35,,e79:-0.119;e75:-0.013;e76:-0.125;e78*:+0.075
2782,python_instructions,A,4,4,1,18,0.74,HELDOUT,,,,,e80:-0.021;e82:-0.056;e84:-0.056;e86*:-0.056
2783,github_code,B,4,6,1,59,0.74,ADMIT,0.295,-0.013,0.539,,e87:+0.050;e88:+0.008;e89:+0.030;e90*:+0.008
2784,metamath,A,4,6,0,128,0.37,ADMIT,0.583,0.021,0.145,,e87:-0.166;e88:-0.113;e89:-0.097;e86*:-0.021
2785,ai2_arc,A,4,11,2,7,0.57,ADMIT,0.158,-0.012,0.0,,e93:-0.036;e95:-0.196;e96:-0.143;e97*:-0.205
2786,ultrachat,B,3,44,3,128,0.34,ADMIT,0.034,,1.125,,e33:-0.032;e35:-0.046;e38*:-0.075
2787,metamath,B,4,9,0,128,0.37,ADMIT,0.182,-0.002,0.092,,e93:-0.130;e90:-0.081;e91:+0.003;e92*:-0.084
2788,gsm8k,B,4,7,3,82,0.4,ADMIT,0.301,,0.144,,e39:-0.091;e40:-0.083;e41:-0.035;e42*:-0.083
2789,ai2_arc,B,4,13,2,11,0.57,ADMIT,0.025,-0.019,0.0,,e98:-0.011;e11:-0.011;e34:-0.358;e57*:-0.324
2790,ultrachat,B,4,29,2,127,0.52,ADMIT,0.161,0.002,0.867,,e71:-0.087;e73:-0.039;e81:-0.086;e85*:-0.067
2791,ultrachat,B,4,32,2,128,0.61,ADMIT,0.133,,0.914,,e94:-0.040;e99:-0.047;e0:-0.021;e1*:-0.038
2792,metamath,B,4,10,1,107,0.61,ADMIT,0.298,,0.159,,e91:-0.005;e92:-0.028;e93:-0.037;e95*:-0.041
2793,gsm8k,B,4,8,3,57,0.32,HELDOUT,,,,,e43:+0.000;e45:-0.026;e46:-0.020;e47*:-0.061
2794,gsm8k,B,4,9,0,60,0.4,ADMIT,1.126,-0.002,0.357,,e95:-0.073;e96:+0.018;e97:-0.025;e98*:+0.023
2795,camel_science,B,4,3,2,2,0.61,REFUSE,,,0.375,,e2:-3.469;e4:-1.812;e12:-1.969;e13*:-2.844
2796,gsm8k,A,4,10,2,128,0.51,HELDOUT,,,,,e14:+0.007;e15:-0.031;e16:-0.008;e17*:-0.015
2797,camel_science,A,4,5,2,1,0.65,REFUSE,,,0.0,,e18:-5.312;e19:-6.312;e20:-4.812;e21*:-3.875
2798,gsm8k,B,4,10,3,128,0.37,ADMIT,0.241,-0.004,0.465,,e48:-0.002;e50:-0.002;e52:-0.002;e55*:-0.002
2799,ai2_arc,B,4,9,2,12,0.65,ADMIT,0.034,0.0,0.0,,e23:-0.094;e24:-0.010;e25:-0.271;e27*:-0.031
2800,python_instructions,B,4,8,1,47,0.77,ADMIT,0.079,-0.055,0.271,,e96:-0.021;e97:-0.004;e98:-0.017;e5*:-0.012
2801,metamath,A,4,11,3,128,0.4,ADMIT,0.351,-0.016,0.395,,e56:-0.060;e57:-0.166;e58:-0.053;e60*:-0.025
2802,github_code,B,4,5,1,12,0.71,HELDOUT,,,,,e10:-0.271;e22:-0.104;e26:-0.161;e54*:-0.479
2803,gsm8k,B,4,13,3,128,0.41,ADMIT,0.077,0.024,0.535,,e61:-0.106;e62:-0.065;e63:-0.111;e66*:-0.078
2804,ai2_arc,A,4,13,2,9,0.61,HELDOUT,,,,,e29:+0.000;e30:+0.000;e31:-0.042;e33*:-0.042
2805,slimorca,B,4,22,2,75,0.55,ADMIT,0.013,-0.015,0.75,,e34:-0.107;e35:-0.053;e38:-0.079;e39*:-0.204
2806,gsm8k,B,4,11,3,128,0.37,ADMIT,0.123,,0.115,,e67:-0.053;e74:-0.044;e75:-0.020;e76*:-0.041
2807,github_code,B,4,6,1,11,0.65,ADMIT,0.269,-0.138,0.906,,e64:+0.125;e68:-0.085;e70:+0.045;e77*:+0.148
2808,slimorca,B,4,18,2,3,0.53,REFUSE,,,0.25,,e40:-1.479;e41:-0.875;e42:-0.750;e43*:-4.521
2809,ultrachat,B,3,36,2,128,0.59,ADMIT,0.012,-0.006,1.008,,e45:-0.027;e46:-0.017;e48*:-0.044
2810,camel_science,B,4,6,2,2,0.66,REFUSE,,,0.0,,e50:-0.062;e52:+0.000;e55:-0.312;e56*:-0.062
2811,ultrachat,B,4,17,2,128,0.55,ADMIT,0.789,,0.715,,e57:-0.073;e58:-0.039;e60:-0.016;e61*:-0.125
2812,gsm8k,A,4,10,3,111,0.37,HELDOUT,,,,,e78:-0.096;e79:-0.043;e80:-0.030;e82*:-0.043
2813,python_instructions,B,4,5,1,54,0.76,HELDOUT,,,,,e0:+0.037;e1:+0.012;e2:-0.005;e4*:+0.005
2814,github_code,A,4,5,1,43,0.79,ADMIT,0.287,0.003,0.504,,e12:-0.020;e13:-0.045;e14:-0.045;e15*:-0.070
2815,camel_science,B,4,4,2,2,0.67,REFUSE,,,2.406,,e62:-2.000;e63:-2.000;e66:-2.000;e67*:-2.000
2816,ai2_arc,A,4,8,2,4,0.68,ADMIT,0.17,,0.0,,e74:-0.062;e75:-0.188;e76:-0.031;e78*:-0.031
2817,gsm8k,B,4,10,0,110,0.46,ADMIT,0.422,,0.25,,e6:-0.078;e8:-0.059;e9:-0.086;e32*:-0.078
2818,ultrachat,A,4,26,3,43,0.52,ADMIT,0.154,-0.01,0.334,,e84:-0.089;e86:-0.158;e87:-0.170;e88*:-0.186
2819,camel_science,A,4,4,2,2,0.68,REFUSE,,,0.062,,e84:-2.250;e79:-1.875;e80:-0.094;e82*:-2.406
2820,slimorca,B,3,36,3,92,0.54,ADMIT,0.056,0.006,1.078,,e89:-0.053;e90:-0.068;e91*:-0.103
2821,slimorca,A,4,6,1,128,0.66,ADMIT,0.095,0.005,1.375,,e16:-0.033;e17:+0.008;e18:+0.008;e19*:-0.012
2822,gsm8k,B,4,10,3,121,0.5,HELDOUT,,,,,e93:-0.035;e95:-0.013;e96:-0.033;e97*:-0.035
2823,camel_science,A,4,4,2,1,0.69,REFUSE,,,0.0,,e84:-3.750;e86:-2.188;e87:-0.500;e89*:-1.625
2824,ultrachat,A,4,27,2,128,0.61,ADMIT,0.082,,0.984,,e90:-0.023;e91:-0.029;e93:-0.031;e95*:-0.142
2825,ultrachat,B,3,33,3,128,0.56,ADMIT,0.03,,1.102,,e98:-0.068;e3:-0.083;e7*:-0.048
2826,gsm8k,B,4,10,3,128,0.5,ADMIT,0.348,,0.141,,e28:-0.022;e37:-0.034;e44:-0.021;e59*:-0.026
2827,camel_science,B,4,5,2,2,0.68,REFUSE,,,0.0,,e96:-0.062;e97:-1.000;e98:-0.875;e11*:-1.562
2828,metamath,B,4,12,0,128,0.47,ADMIT,0.18,,0.162,,e49:-0.003;e51:-0.017;e53:-0.005;e65*:-0.091
2829,camel_science,B,4,6,2,3,0.68,REFUSE,,,0.543,,e47:-2.167;e71:+0.208;e73:-2.646;e81*:-0.125
2830,slimorca,B,4,21,2,92,0.68,HELDOUT,,,,,e85:-0.085;e92:-0.072;e94:-0.123;e99*:-0.076
2831,gsm8k,B,4,8,3,47,0.5,ADMIT,0.143,-0.011,0.087,,e68:-0.069;e69:-0.106;e72:-0.045;e0*:-0.069
2832,slimorca,B,4,9,2,66,0.52,ADMIT,0.243,-0.015,0.883,,e0:-0.075;e1:-0.229;e2:-0.060;e4*:-0.066
2833,metamath,B,4,6,1,128,0.65,ADMIT,0.122,-0.011,0.324,,e20:-0.023;e21:-0.062;e23:-0.006;e24*:-0.012
2834,gsm8k,B,4,11,0,76,0.43,HELDOUT,,,,,e83:-0.176;e0:-0.181;e1:-0.153;e2*:-0.049
2835,ultrachat,A,2,45,2,128,0.53,ADMIT,0.128,,1.117,,e12:-0.047;e13*:-0.008
2836,slimorca,B,4,23,2,10,0.5,ADMIT,0.069,-0.011,0.432,,e14:-0.056;e15:-0.100;e16:-0.113;e17*:-0.081
2837,camel_science,A,4,5,2,1,0.48,REFUSE,,,10.0,,e18:+2.000;e19:+2.688;e20:+1.500;e21*:+1.250
2838,camel_science,B,4,5,2,1,0.51,REFUSE,,,0.0,,e23:-1.188;e24:-0.562;e25:-2.938;e27*:-0.125
2839,slimorca,B,4,26,2,66,0.49,HELDOUT,,,,,e29:-0.024;e30:-0.082;e31:-0.009;e33*:-0.117
2840,github_code,A,4,8,1,46,0.78,ADMIT,0.072,0.019,0.354,,e29:-0.198;e30:-0.031;e25:-0.227;e27*:-0.049
2841,ai2_arc,B,4,10,2,8,0.46,ADMIT,0.181,,0.0,,e34:-0.016;e35:-0.211;e39:-0.086;e40*:-0.016
2842,python_instructions,A,4,6,1,31,0.75,ADMIT,0.308,,0.414,,e34:-0.040;e35:-0.050;e31:-0.067;e33*:-0.048
2843,metamath,B,4,7,1,128,0.71,ADMIT,0.137,0.001,0.176,,e39:-0.060;e40:-0.029;e41:-0.029;e42*:-0.060
2844,ai2_arc,B,4,6,2,1,0.5,REFUSE,,,0.0,,e41:+0.000;e42:-0.562;e43:-0.375;e45*:-0.125
2845,gsm8k,B,4,13,3,128,0.52,ADMIT,0.081,,0.369,,e1:-0.012;e2:-0.034;e4:-0.024;e12*:-0.032
2846,slimorca,A,4,21,2,41,0.44,ADMIT,0.73,,0.789,,e4:-0.049;e12:+0.000;e13:-0.002;e14*:-0.008
2847,ultrachat,B,3,31,2,100,0.46,HELDOUT,,,,,e46:-0.147;e48:-0.108;e50*:-0.121
2848,slimorca,B,4,12,2,128,0.44,HELDOUT,,,,,e52:-0.007;e55:-0.057;e56:-0.072;e57*:-0.005
2849,metamath,A,4,10,3,128,0.59,HELDOUT,,,,,e13:-0.019;e14:-0.019;e15:-0.045;e16*:-0.033
2850,ultrachat,B,4,16,2,128,0.59,ADMIT,0.103,,0.652,,e58:-0.004;e60:-0.003;e61:-0.024;e62*:-0.087
2851,gsm8k,A,4,8,3,115,0.56,ADMIT,0.122,-0.006,0.543,,e17:-0.026;e18:-0.062;e19:-0.113;e20*:-0.042
2852,github_code,B,4,4,1,15,0.79,ADMIT,0.128,0.006,0.984,,e43:-0.067;e45:-0.062;e46:-0.067;e48*:-0.100
2853,gsm8k,B,4,9,3,128,0.56,HELDOUT,,,,,e21:-0.034;e23:-0.075;e24:-0.034;e25*:-0.034
2854,python_instructions,B,4,6,1,11,0.88,HELDOUT,,,,,e50:+0.000;e52:-0.011;e55:+0.011;e56*:-0.045
2855,github_code,A,4,7,1,108,0.88,ADMIT,0.088,,0.174,,e57:+0.001;e58:+0.007;e60:-0.001;e61*:+0.009
2856,ultrachat,A,4,24,2,128,0.63,HELDOUT,,,,,e63:+0.001;e64:+0.004;e66:-0.004;e67*:-0.144
2857,github_code,B,4,9,1,40,0.83,HELDOUT,,,,,e63:-0.031;e64:-0.006;e66:-0.008;e62*:-0.053
2858,slimorca,B,4,10,2,128,0.61,ADMIT,0.079,-0.002,0.914,,e74:-0.028;e75:-0.083;e76:+0.027;e77*:+0.027
2859,metamath,A,4,10,3,119,0.53,ADMIT,0.034,-0.001,0.224,,e27:-0.089;e29:-0.055;e30:-0.061;e31*:-0.016
2860,camel_science,B,4,6,2,3,0.58,REFUSE,,,3.312,,e78:+0.625;e79:+1.104;e80:+1.396;e82*:+1.104
2861,ultrachat,B,2,41,2,128,0.58,ADMIT,0.115,,0.879,,e84:-0.036;e86*:-0.042
2862,gsm8k,B,4,6,3,101,0.57,HELDOUT,,,,,e33:-0.032;e35:+0.017;e39:+0.002;e40*:-0.003
2863,ultrachat,B,2,41,2,128,0.62,HELDOUT,,,,,e87:-0.038;e89*:-0.016
2864,github_code,B,4,10,1,78,0.61,ADMIT,0.039,,0.375,,e67:-0.020;e74:-0.004;e75:-0.031;e76*:-0.030
2865,ai2_arc,B,4,10,2,11,0.41,ADMIT,0.088,-0.012,0.0,,e90:+0.000;e91:-0.011;e93:+0.000;e95*:-0.034
2866,github_code,B,4,4,1,71,0.6,ADMIT,0.046,0.016,0.297,,e77:-0.016;e78:-0.011;e79:+0.003;e80*:+0.003
2867,ai2_arc,B,4,8,2,2,0.47,REFUSE,,,0.5,,e96:+0.500;e97:+0.500;e98:+0.312;e11*:-1.750
2868,slimorca,B,4,15,2,128,0.45,ADMIT,0.103,-0.007,1.25,,e34:-0.169;e71:-0.132;e73:-0.200;e81*:-0.146
2869,ultrachat,A,2,41,2,128,0.49,ADMIT,0.091,-0.007,0.738,,e85:-0.008;e92*:-0.003
2870,slimorca,B,4,10,2,125,0.48,ADMIT,0.123,,0.848,,e94:-0.023;e99:-0.088;e0:-0.103;e1*:-0.062
2871,gsm8k,B,4,9,0,115,0.45,ADMIT,0.099,-0.007,0.303,,e15:-0.054;e16:-0.099;e17:-0.071;e18*:-0.114
2872,github_code,B,4,4,2,72,0.5,HELDOUT,,,,,e2:-0.009;e4:-0.052;e12:-0.009;e13*:-0.008
2873,python_instructions,B,4,11,1,68,0.5,HELDOUT,,,,,e82:-0.020;e84:-0.018;e86:-0.013;e87*:-0.031
2874,slimorca,B,4,15,2,36,0.38,ADMIT,0.15,0.014,0.562,,e14:-0.014;e15:+0.033;e16:+0.033;e17*:+0.033
2875,python_instructions,B,4,6,1,13,0.58,HELDOUT,,,,,e89:-0.183;e90:-0.154;e91:-0.125;e93*:-0.106
2876,ai2_arc,A,4,11,2,10,0.29,ADMIT,0.125,-0.002,0.05,,e18:-0.013;e19:+0.050;e20:-0.537;e21*:-0.100
2877,metamath,B,4,8,2,55,0.43,ADMIT,0.034,,0.428,,e23:-0.059;e24:-0.136;e25:-0.118;e27*:-0.136
2878,slimorca,B,4,14,2,119,0.34,ADMIT,0.055,0.002,0.75,,e29:-0.145;e30:-0.145;e31:-0.096;e33*:-0.027
2879,ultrachat,B,3,37,2,128,0.25,ADMIT,0.023,0.009,0.918,,e35:-0.077;e39:-0.079;e40*:-0.024
2880,github_code,B,4,5,1,105,0.6,ADMIT,0.088,-0.0,0.742,,e95:-0.007;e96:-0.026;e97:-0.026;e98*:-0.007
2881,ultrachat,B,2,50,3,128,0.4,ADMIT,0.725,,1.82,,e40:-0.089;e41*:-0.068
2882,metamath,B,4,9,1,89,0.47,HELDOUT,,,,,e5:-0.138;e10:-0.138;e22:-0.138;e26*:-0.131
2883,metamath,B,4,11,3,118,0.48,ADMIT,0.01,,0.089,,e42:-0.056;e43:-0.029;e45:-0.025;e46*:-0.024
2884,gsm8k,A,4,10,0,117,0.42,ADMIT,0.616,0.006,0.151,,e19:-0.204;e20:-0.087;e21:-0.136;e23*:-0.057
2885,slimorca,B,4,18,2,43,0.39,ADMIT,0.027,-0.006,0.805,,e40:-0.251;e41:-0.352;e42:-0.235;e43*:-0.182
2886,camel_science,A,4,7,2,3,0.32,REFUSE,,,0.0,,e45:-0.042;e46:-0.083;e48:-1.792;e50*:-0.312
2887,camel_science,B,4,4,2,2,0.34,REFUSE,,,0.375,,e52:-1.500;e55:-0.531;e56:-3.219;e57*:-3.219
2888,slimorca,B,4,16,2,128,0.45,HELDOUT,,,,,e58:+0.024;e60:+0.011;e61:+0.012;e62*:+0.012
2889,slimorca,A,4,22,2,49,0.5,ADMIT,0.254,-0.009,0.395,,e63:-0.180;e64:-0.139;e66:-0.080;e67*:-0.052
2890,python_instructions,B,4,5,1,59,0.61,ADMIT,0.027,,0.723,,e28:+0.011;e38:-0.065;e54:+0.011;e70*:+0.004
2891,metamath,B,4,9,1,128,0.62,ADMIT,0.239,-0.01,0.336,,e88:-0.053;e0:-0.108;e1:-0.064;e2*:-0.053
2892,camel_science,B,4,4,2,2,0.49,HELDOUT,,,,,e74:-0.625;e75:+0.188;e76:-1.875;e77*:-1.219
2893,gsm8k,B,4,8,3,86,0.54,HELDOUT,,,,,e48:-0.035;e50:+0.012;e52:-0.031;e55*:-0.031
2894,camel_science,A,4,6,2,1,0.49,REFUSE,,,0.0,,e78:-0.250;e79:+0.000;e80:-3.500;e82*:-0.500
2895,camel_science,A,4,3,2,1,0.52,REFUSE,,,4.0,,e84:-5.438;e86:-4.062;e87:-6.250;e89*:-2.812
2896,metamath,A,4,6,1,59,0.65,HELDOUT,,,,,e4:-0.129;e12:+0.020;e13:-0.129;e14*:-0.129
2897,gsm8k,A,4,9,3,72,0.55,ADMIT,0.646,-0.003,0.183,,e56:-0.076;e57:-0.049;e58:-0.076;e60*:-0.049
2898,slimorca,A,4,28,2,117,0.51,HELDOUT,,,,,e90:-0.099;e91:-0.047;e93:-0.231;e95*:-0.170
2899,camel_science,B,4,4,2,2,0.33,REFUSE,,,2.25,,e96:+0.375;e97:-0.125;e98:-0.125;e11*:-0.125
