batch,M,T,active_mb,admitted,alloc_width_var,central_loss,clock,clone_frac,delta_mad,delta_mean,delta_neg_frac,delta_std,dropped_texts,expert_loss,expert_updates,gate_loss,graded,heldout,imitate_loss,k,k_thermal,k_wanted,migration_chain_acc,pred_gain,reliability_obs,reliability_spread,rho,size_chain_acc,standing_n,thermal,thermal_base,thermal_peak,thermal_vol,timeline_a,trust,update_frac
5,128.0,487.0,3742.594,1.0,,0.918,700.0,0.6,,,,,0.0,0.002,2.0,0.186,1.0,0.0,,4.0,2.758,1.0,-1.0,,140.0,,0.767,1.0,8.0,1.0,0.7,1.0,0.222,0.0,0.767,
10,54.0,39.0,3708.343,1.0,,0.691,835.0,0.4,,,,,0.0,-0.001,4.0,0.24,1.0,1.0,,3.0,3.284,1.0,-1.0,,194.0,,0.767,1.0,14.0,1.0,0.85,1.0,0.105,0.0,0.767,
15,33.0,14.0,3704.703,1.0,,0.348,998.0,0.4,0.043,-0.211,0.94,0.574,0.0,-0.014,7.0,0.175,1.0,1.0,,3.0,3.499,1.0,-1.0,,227.0,,0.734,1.0,26.0,1.0,0.9,1.0,0.069,0.0,0.734,
20,82.0,35.0,3740.776,1.0,,0.148,1229.0,0.45,0.044,-0.177,0.943,0.495,0.0,0.002,11.0,0.302,1.0,0.0,,4.0,3.615,1.0,-1.0,,227.0,,0.745,1.0,42.0,1.0,0.925,1.0,0.051,0.0,0.745,
25,128.0,780.0,3816.052,1.0,,1.188,2085.0,0.44,0.043,-0.102,0.876,0.496,0.0,-0.004,14.0,0.08,1.0,0.0,0.715,3.0,3.687,1.0,-1.0,,360.0,0.126,0.72,1.0,53.0,1.0,0.94,1.0,0.041,0.0,0.72,
30,128.0,516.0,3742.539,1.0,,1.547,2707.0,0.433,0.043,-0.093,0.88,0.452,0.0,-0.001,17.0,0.354,1.0,0.0,0.411,4.0,3.737,1.0,-1.0,,360.0,0.126,0.705,1.0,68.0,1.0,0.95,1.0,0.034,0.0,0.705,
35,59.0,32.0,3740.945,1.0,,0.453,3783.0,0.371,0.041,-0.078,0.866,0.419,0.0,0.0,21.0,0.812,1.0,0.0,0.411,4.0,3.773,1.0,-1.0,,360.0,0.126,0.762,1.0,87.0,1.0,0.957,1.0,0.029,0.0,0.762,
40,97.0,42.0,3740.665,1.0,,0.186,3970.0,0.35,0.041,-0.073,0.83,0.435,0.0,0.0,23.0,0.492,1.0,0.0,0.411,4.0,3.8,1.0,-1.0,,556.0,0.036,0.651,1.0,95.0,1.0,0.962,1.0,0.025,0.0,0.651,
45,128.0,554.0,3742.995,1.0,,1.062,5166.0,0.311,0.042,-0.067,0.8,0.412,0.0,0.006,24.0,0.101,1.0,0.0,0.619,3.0,3.821,1.0,-1.0,,658.0,0.032,0.697,1.0,109.0,1.0,0.967,1.0,0.022,0.0,0.697,
50,118.0,78.0,3633.148,1.0,,0.237,6066.0,0.32,0.042,-0.064,0.799,0.39,0.0,0.001,25.0,0.557,1.0,0.0,0.619,4.0,3.839,1.0,-1.0,,914.0,0.126,0.62,1.0,117.0,1.0,0.97,1.0,0.02,0.0,0.62,
55,17.0,118.0,3812.867,1.0,,0.809,7060.0,0.315,0.045,-0.1,0.8,0.451,0.0,-0.218,29.0,0.001,1.0,0.0,0.619,1.0,3.853,1.0,-1.0,,914.0,0.126,0.629,1.0,129.0,1.0,0.973,1.0,0.018,0.0,0.629,
60,128.0,61.0,3633.101,1.0,,0.535,7386.0,0.305,0.045,-0.094,0.77,0.442,0.0,-0.002,30.0,0.028,1.0,1.0,0.645,4.0,3.865,1.0,-1.0,,1214.0,0.144,0.676,1.0,133.0,1.0,0.975,1.0,0.017,0.0,0.676,
65,11.0,65.0,3740.743,1.0,,0.0,7559.0,0.328,0.046,-0.063,0.755,0.348,0.0,0.001,32.0,0.478,1.0,0.0,0.192,4.0,3.875,1.0,0.0,,1218.0,0.135,0.613,1.0,149.0,1.0,0.977,1.0,0.016,0.0,0.613,
70,104.0,10.0,3632.913,1.0,,0.229,7728.0,0.348,0.046,-0.097,0.755,0.43,0.0,-0.007,33.0,0.983,1.0,1.0,0.192,4.0,3.884,1.0,0.0,,1338.0,0.308,0.675,1.0,157.0,1.0,0.979,1.0,0.014,0.0,0.675,
75,79.0,83.0,3740.825,1.0,,0.609,8094.0,0.351,0.047,-0.137,0.78,0.417,0.0,-0.018,37.0,1.517,1.0,0.0,0.187,4.0,3.891,1.0,0.0,,1338.0,0.308,0.635,1.0,173.0,1.0,0.98,1.0,0.013,0.0,0.635,
80,63.0,10.0,3632.913,1.0,,0.229,8195.0,0.367,0.052,-0.202,0.795,0.596,0.0,-0.002,40.0,0.396,1.0,0.0,0.6,4.0,3.898,1.0,0.0,,1338.0,0.308,0.46,1.0,189.0,1.0,0.981,1.0,0.013,0.0,0.46,0.784
85,99.0,41.0,3633.007,1.0,,0.281,10166.0,0.369,0.061,-0.207,0.815,0.595,0.0,0.006,43.0,2.127,1.0,1.0,0.6,4.0,3.904,1.0,0.235,,1565.0,0.163,0.627,1.0,199.0,1.0,0.982,1.0,0.012,0.0,0.627,0.796
90,3.0,51.0,3633.07,0.0,,0.832,10568.0,0.348,0.064,-0.234,0.82,0.602,0.0,-0.013,45.0,0.49,1.0,1.0,0.551,4.0,3.909,1.0,0.235,,1616.0,0.163,0.608,1.0,211.0,1.0,0.983,1.0,0.011,0.0,0.608,0.789
95,37.0,35.0,3740.747,1.0,,0.863,11944.0,0.33,0.059,-0.238,0.87,0.601,0.0,0.006,48.0,0.693,1.0,0.0,0.551,4.0,3.914,1.0,0.235,,1616.0,0.163,0.677,1.0,230.0,1.0,0.984,1.0,0.011,0.0,0.677,0.774
100,128.0,43.0,3633.038,1.0,,0.0,12171.0,0.354,0.056,-0.243,0.885,0.6,0.0,0.006,48.0,0.36,1.0,1.0,0.551,4.0,3.918,1.0,0.235,,1831.0,0.152,0.748,1.0,242.0,1.0,0.985,1.0,0.01,0.0,0.748,0.738
105,85.0,21.0,3740.653,1.0,,0.652,12376.0,0.33,0.058,-0.21,0.88,0.555,0.0,0.002,49.0,2.403,1.0,0.0,0.492,4.0,3.922,1.0,0.463,,1963.0,0.413,0.744,1.0,254.0,1.0,0.986,1.0,0.01,0.0,0.744,0.721
110,128.0,1310.0,3745.966,1.0,,1.125,13931.0,0.36,0.056,-0.203,0.885,0.553,0.0,0.007,51.0,0.993,1.0,0.0,0.492,2.0,3.925,1.0,0.463,,2050.0,0.342,0.35,1.0,264.0,1.0,0.986,1.0,0.009,0.0,0.35,0.718
115,128.0,539.0,3742.911,1.0,,0.305,15146.0,0.35,0.053,-0.204,0.89,0.553,0.0,0.008,52.0,0.317,1.0,0.0,0.701,4.0,3.929,1.0,0.463,,2306.0,0.438,0.349,1.0,276.0,1.0,0.987,1.0,0.009,0.0,0.349,0.703
120,128.0,49.0,3633.101,1.0,,0.144,15392.0,0.33,0.049,-0.167,0.885,0.499,0.0,0.008,52.0,0.315,1.0,0.0,0.228,4.0,3.932,1.0,0.463,,2536.0,0.355,0.623,1.0,288.0,1.0,0.987,1.0,0.008,0.0,0.623,0.675
125,128.0,1449.0,3637.835,1.0,,1.461,17317.0,0.33,0.046,-0.187,0.885,0.524,0.0,0.009,54.0,0.532,1.0,0.0,0.533,2.0,3.934,1.0,0.413,,2664.0,0.35,0.515,1.0,298.0,1.0,0.988,1.0,0.008,0.0,0.515,0.675
130,13.0,68.0,3633.101,1.0,,0.0,17571.0,0.33,0.046,-0.123,0.855,0.31,0.0,-0.021,56.0,0.509,1.0,0.0,0.725,4.0,3.937,1.0,0.413,,2696.0,0.333,0.434,1.0,310.0,1.0,0.988,1.0,0.008,0.0,0.434,0.675
135,128.0,50.0,3633.054,1.0,,0.277,17756.0,0.35,0.047,-0.119,0.83,0.311,0.0,-0.001,60.0,0.979,1.0,0.0,0.621,4.0,3.939,1.0,0.413,,2696.0,0.333,0.732,1.0,330.0,1.0,0.989,1.0,0.007,0.0,0.732,0.682
140,30.0,4405.0,3828.298,1.0,,2.453,22396.0,0.35,0.045,-0.12,0.83,0.311,0.0,0.013,63.0,0.062,1.0,0.0,0.621,2.0,3.941,1.0,0.413,,2800.0,0.211,0.553,1.0,344.0,1.0,0.989,1.0,0.007,0.0,0.553,0.685
145,6.0,69.0,3740.773,1.0,,0.0,25403.0,0.36,0.042,-0.104,0.835,0.248,0.0,-0.006,66.0,0.396,1.0,0.0,0.501,4.0,3.943,1.0,0.483,,2928.0,0.203,0.449,1.0,358.0,1.0,0.99,1.0,0.007,0.0,0.449,0.688
150,50.0,51.0,3633.07,1.0,,0.326,25702.0,0.38,0.04,-0.108,0.84,0.255,0.0,-0.006,66.0,0.496,1.0,0.0,0.501,4.0,3.945,1.0,0.483,,3080.0,0.141,0.5,1.0,362.0,1.0,0.99,1.0,0.007,0.0,0.5,0.68
155,128.0,713.0,3707.023,1.0,,0.0,26648.0,0.38,0.04,-0.108,0.82,0.258,0.0,0.003,67.0,0.056,1.0,1.0,0.501,3.0,3.947,1.0,0.483,,3336.0,0.118,0.438,1.0,374.0,1.0,0.99,1.0,0.006,0.0,0.438,0.67
160,128.0,62.0,3813.051,1.0,,0.648,26894.0,0.37,0.038,-0.109,0.835,0.258,0.0,-0.035,69.0,0.241,1.0,0.0,0.459,4.0,3.949,1.0,0.483,,3502.0,0.075,0.627,1.0,386.0,1.0,0.991,1.0,0.006,0.0,0.627,0.66
165,4.0,84.0,3740.823,1.0,,0.0,28273.0,0.36,0.042,-0.065,0.81,0.718,0.0,0.159,71.0,4.682,1.0,0.0,0.418,4.0,3.95,1.0,0.486,,3630.0,0.259,0.523,1.0,398.0,1.0,0.991,1.0,0.006,0.0,0.523,0.66
170,128.0,1071.0,3708.3,1.0,,0.742,31948.0,0.33,0.04,-0.067,0.82,0.718,0.0,-0.0,72.0,0.127,1.0,0.0,0.361,2.0,3.952,1.0,0.486,,3630.0,0.259,0.386,1.0,414.0,1.0,0.991,1.0,0.006,0.0,0.386,0.62
175,128.0,760.0,3635.491,1.0,,1.789,33013.0,0.32,0.041,-0.05,0.805,0.72,0.0,0.055,73.0,0.176,1.0,0.0,0.361,3.0,3.953,1.0,0.486,,3758.0,0.299,0.391,1.0,429.0,1.0,0.991,1.0,0.006,0.0,0.391,0.59
180,1.0,508.0,3634.616,0.0,,0.0,36370.0,0.3,0.037,-0.042,0.8,0.728,0.0,-0.007,75.0,0.924,1.0,0.0,0.957,4.0,3.954,1.0,0.486,,3886.0,0.196,0.574,1.0,439.0,1.0,0.992,1.0,0.006,0.0,0.574,0.59
185,6.0,43.0,3740.773,1.0,,0.0,36842.0,0.3,0.039,-0.1,0.815,0.812,0.0,0.035,77.0,0.582,1.0,0.0,0.433,4.0,3.955,1.0,0.505,,3889.0,0.198,0.552,1.0,451.0,1.0,0.992,1.0,0.005,0.0,0.552,0.58
190,104.0,30.0,3633.07,1.0,,0.0,37227.0,0.31,0.046,-0.161,0.835,0.905,0.0,0.003,78.0,0.523,1.0,1.0,0.433,4.0,3.957,1.0,0.505,,4121.0,0.309,0.71,1.0,455.0,1.0,0.992,1.0,0.005,0.0,0.71,0.58
195,11.0,81.0,3633.493,1.0,,0.0,41270.0,0.32,0.049,-0.156,0.79,0.906,0.0,0.002,81.0,0.111,1.0,0.0,0.779,4.0,3.958,1.0,0.505,,4121.0,0.309,0.43,1.0,471.0,1.0,0.992,1.0,0.005,0.0,0.43,0.58
200,8.0,115.0,3740.985,1.0,,0.641,41461.0,0.31,0.05,-0.134,0.75,0.95,0.0,-0.04,83.0,0.204,1.0,0.0,0.848,4.0,3.959,1.0,0.505,,4121.0,0.309,0.43,1.0,483.0,1.0,0.993,1.0,0.005,0.0,0.43,0.59
205,126.0,103.0,3633.288,1.0,,0.062,41724.0,0.32,0.046,-0.154,0.725,0.978,0.0,0.001,85.0,0.125,1.0,1.0,0.848,4.0,3.96,1.0,0.509,,4253.0,0.41,0.531,1.0,491.0,1.0,0.993,1.0,0.005,0.0,0.531,0.6
210,128.0,113.0,3741.039,1.0,,0.326,41957.0,0.31,0.051,-0.255,0.73,1.264,0.0,-0.014,87.0,0.513,1.0,0.0,0.848,4.0,3.961,1.0,0.509,,4381.0,0.421,0.544,1.0,499.0,1.0,0.993,1.0,0.005,0.0,0.544,0.6
215,7.0,21.0,3814.867,1.0,,1.953,43092.0,0.32,0.057,-0.293,0.715,1.296,0.0,0.038,89.0,0.226,1.0,0.0,0.281,4.0,3.962,1.0,0.509,,4483.0,0.357,0.27,1.0,513.0,1.0,0.993,1.0,0.005,0.0,0.27,0.59
220,27.0,27.0,3632.96,1.0,,0.498,43836.0,0.32,0.047,-0.336,0.725,1.101,0.0,0.002,90.0,0.106,1.0,0.0,0.626,4.0,3.962,1.0,0.509,,4611.0,0.275,0.53,1.0,529.0,1.0,0.993,1.0,0.005,0.0,0.53,0.58
225,128.0,1024.0,3708.502,1.0,,0.26,45157.0,0.31,0.05,-0.346,0.7,1.094,0.0,-0.017,92.0,0.576,1.0,1.0,0.219,2.0,3.963,1.0,0.512,,4739.0,0.205,0.287,1.0,545.0,1.0,0.993,1.0,0.004,0.0,0.287,0.56
230,38.0,46.0,3633.085,1.0,,0.144,45317.0,0.3,0.046,-0.343,0.665,1.095,0.0,0.015,93.0,0.796,1.0,1.0,0.359,4.0,3.964,1.0,0.512,,4905.0,0.366,0.68,1.0,557.0,1.0,0.993,1.0,0.004,0.0,0.68,0.54
235,128.0,2189.0,3748.96,1.0,,1.281,47618.0,0.3,0.047,-0.291,0.635,1.062,0.0,0.042,95.0,0.1,1.0,0.0,0.532,2.0,3.965,1.0,0.512,,5000.0,0.299,0.301,1.0,567.0,1.0,0.994,1.0,0.004,0.0,0.301,0.54
240,2.0,26.0,3633.023,0.0,,0.438,47817.0,0.32,0.048,-0.295,0.625,1.078,0.0,0.006,97.0,0.334,1.0,0.0,0.63,4.0,3.966,1.0,0.512,,5072.0,0.388,0.357,1.0,579.0,1.0,0.994,1.0,0.004,0.0,0.357,0.53
245,92.0,41.0,3740.758,1.0,,0.312,49387.0,0.32,0.044,-0.248,0.635,1.029,0.0,-0.003,99.0,0.768,1.0,0.0,0.63,4.0,3.966,1.0,0.51,,5074.0,0.348,0.59,1.0,593.0,1.0,0.994,1.0,0.004,0.0,0.59,0.53
250,128.0,40.0,3633.054,1.0,,0.33,49908.0,0.28,0.049,-0.256,0.675,0.99,0.0,0.001,103.0,1.09,1.0,0.0,0.56,4.0,3.967,1.0,0.51,,5074.0,0.348,0.376,1.0,613.0,1.0,0.994,1.0,0.004,0.0,0.376,0.55
255,13.0,90.0,3633.241,1.0,,0.0,50180.0,0.3,0.047,-0.239,0.67,1.0,0.0,-0.0,104.0,0.112,1.0,0.0,0.56,4.0,3.968,1.0,0.51,,5083.0,0.359,0.357,1.0,625.0,1.0,0.994,1.0,0.004,0.0,0.357,0.55
260,128.0,82.0,3633.163,1.0,,0.473,51552.0,0.31,0.045,-0.211,0.66,0.973,0.0,0.044,105.0,0.06,1.0,1.0,0.56,4.0,3.968,1.0,0.51,,5467.0,0.345,0.463,1.0,633.0,1.0,0.994,1.0,0.004,0.0,0.463,0.55
265,109.0,639.0,3635.057,1.0,,1.055,52480.0,0.29,0.045,-0.086,0.665,0.495,0.0,0.001,107.0,0.029,1.0,0.0,0.56,3.0,3.969,1.0,0.52,,5615.0,0.217,0.496,1.0,644.0,1.0,0.994,1.0,0.004,0.0,0.496,0.56
270,19.0,94.0,3740.969,1.0,,0.0,53766.0,0.31,0.049,-0.077,0.655,0.449,0.0,0.008,109.0,0.056,1.0,0.0,0.56,4.0,3.969,1.0,0.52,,5616.0,0.217,0.469,1.0,655.0,1.0,0.994,1.0,0.004,0.0,0.469,0.57
275,128.0,506.0,3742.588,1.0,,1.07,54453.0,0.33,0.052,-0.074,0.67,0.451,0.0,-0.014,112.0,0.306,1.0,0.0,0.56,4.0,3.97,1.0,0.52,,5618.0,0.219,0.472,1.0,671.0,1.0,0.995,1.0,0.004,0.0,0.472,0.58
280,69.0,202.0,3813.218,1.0,,0.926,55941.0,0.34,0.05,-0.078,0.72,0.45,0.0,0.001,116.0,0.122,1.0,0.0,2.014,4.0,3.97,1.0,0.52,,5618.0,0.219,0.479,1.0,689.0,1.0,0.995,1.0,0.004,0.0,0.479,0.59
285,2.0,42.0,3633.241,0.0,,5.094,57385.0,0.33,0.052,-0.091,0.735,0.465,0.0,0.0,117.0,0.182,1.0,0.0,0.751,4.0,3.971,1.0,0.517,,5618.0,0.219,0.469,1.0,704.0,1.0,0.995,1.0,0.004,0.0,0.469,0.57
290,2.0,7.0,3632.96,0.0,,0.375,57586.0,0.35,0.056,-0.125,0.76,0.512,0.0,-0.11,119.0,0.257,1.0,1.0,0.751,4.0,3.971,1.0,0.517,,5624.0,0.214,0.482,1.0,712.0,1.0,0.995,1.0,0.003,0.0,0.482,0.58
295,3.0,26.0,3633.07,0.0,,0.0,59875.0,0.35,0.064,-0.163,0.745,0.537,0.0,0.013,120.0,0.248,1.0,0.0,0.751,4.0,3.972,1.0,0.517,,5752.0,0.302,0.48,1.0,714.0,1.0,0.995,1.0,0.003,0.0,0.48,0.58
300,1.0,27.0,3633.085,0.0,,0.0,60083.0,0.34,0.061,-0.169,0.725,0.538,0.0,-0.026,121.0,1.077,1.0,0.0,0.598,4.0,3.972,1.0,0.517,,5856.0,0.242,0.527,1.0,726.0,1.0,0.995,1.0,0.003,0.0,0.527,0.56
305,128.0,42.0,3740.807,1.0,,0.188,60471.0,0.36,0.066,-0.194,0.745,0.509,0.0,0.001,125.0,0.01,1.0,0.0,0.504,4.0,3.973,1.0,0.511,,5921.0,0.352,0.535,1.0,742.0,1.0,0.995,1.0,0.003,0.0,0.535,0.59
310,44.0,27.0,3633.007,1.0,,0.281,62281.0,0.36,0.066,-0.196,0.785,0.509,0.0,0.001,125.0,0.391,1.0,1.0,0.504,4.0,3.973,1.0,0.511,,6093.0,0.341,0.502,1.0,753.0,1.0,0.995,1.0,0.003,0.0,0.502,0.58
315,128.0,75.0,3633.195,1.0,,0.291,62477.0,0.34,0.065,-0.206,0.805,0.514,0.0,0.001,125.0,0.288,1.0,0.0,0.504,4.0,3.974,1.0,0.511,,6293.0,0.392,0.519,1.0,761.0,1.0,0.995,1.0,0.003,0.0,0.519,0.56
320,60.0,32.0,3815.082,1.0,,0.402,62714.0,0.35,0.07,-0.207,0.815,0.518,0.0,-0.009,130.0,0.576,1.0,0.0,0.646,4.0,3.974,1.0,0.511,,6293.0,0.392,0.776,1.0,781.0,1.0,0.995,1.0,0.003,0.0,0.776,0.59
325,85.0,51.0,3633.054,1.0,,0.441,63260.0,0.35,0.068,-0.219,0.835,0.519,0.0,0.076,133.0,0.679,1.0,0.0,0.646,4.0,3.975,1.0,0.527,,6397.0,0.45,0.513,1.0,797.0,1.0,0.995,1.0,0.003,0.0,0.513,0.61
330,128.0,73.0,3740.863,1.0,,0.566,63576.0,0.35,0.081,-0.22,0.815,0.519,0.0,-0.034,135.0,0.162,1.0,0.0,0.806,4.0,3.975,1.0,0.527,,6397.0,0.45,0.516,1.0,817.0,1.0,0.995,1.0,0.003,0.0,0.516,0.6
335,3.0,19.0,3632.945,0.0,,3.922,63700.0,0.33,0.086,-0.266,0.825,0.572,0.0,0.001,137.0,0.47,1.0,0.0,0.806,4.0,3.975,1.0,0.527,,6397.0,0.45,0.328,1.0,829.0,1.0,0.996,1.0,0.003,0.0,0.328,0.61
340,128.0,62.0,3633.101,1.0,,0.734,64182.0,0.33,0.076,-0.244,0.83,0.532,0.0,0.001,137.0,0.296,1.0,1.0,0.806,4.0,3.976,1.0,0.527,,6657.0,0.288,0.56,1.0,833.0,1.0,0.996,1.0,0.003,0.0,0.56,0.6
345,9.0,16.0,3740.882,1.0,,0.223,65099.0,0.32,0.058,-0.177,0.82,0.444,0.0,0.026,139.0,0.348,1.0,0.0,0.806,4.0,3.976,1.0,0.521,,6835.0,0.378,0.775,1.0,845.0,1.0,0.996,1.0,0.003,0.0,0.775,0.59
350,3.0,31.0,3633.038,0.0,,0.0,65418.0,0.34,0.063,-0.169,0.835,0.424,0.0,0.104,142.0,1.155,1.0,0.0,0.806,4.0,3.976,1.0,0.521,,6835.0,0.378,0.442,1.0,861.0,1.0,0.996,1.0,0.003,0.0,0.442,0.6
355,128.0,1793.0,3638.976,1.0,,1.289,67496.0,0.32,0.063,-0.173,0.825,0.429,0.0,-0.016,144.0,0.144,1.0,0.0,0.354,2.0,3.977,1.0,0.521,,6835.0,0.378,0.471,1.0,875.0,1.0,0.996,1.0,0.003,0.0,0.471,0.59
360,120.0,73.0,3633.195,1.0,,0.128,68498.0,0.32,0.063,-0.193,0.795,0.469,0.0,-0.016,144.0,0.131,1.0,0.0,0.354,4.0,3.977,1.0,0.521,,7093.0,0.34,0.525,1.0,879.0,1.0,0.996,1.0,0.003,0.0,0.525,0.58
365,118.0,116.0,3813.712,1.0,,0.484,68800.0,0.33,0.053,-0.18,0.76,0.463,0.0,0.002,147.0,0.365,1.0,0.0,0.688,4.0,3.977,1.0,0.523,,7093.0,0.34,0.659,1.0,899.0,1.0,0.996,1.0,0.003,0.0,0.659,0.58
370,60.0,40.0,3740.696,1.0,,1.859,69946.0,0.31,0.055,-0.187,0.745,0.47,0.0,-0.082,150.0,0.039,1.0,0.0,0.496,4.0,3.978,1.0,0.523,,7114.0,0.323,0.611,1.0,915.0,1.0,0.996,1.0,0.003,0.0,0.611,0.6
375,10.0,48.0,3740.866,1.0,,0.762,70863.0,0.31,0.055,-0.189,0.775,0.464,0.0,0.003,152.0,0.241,1.0,0.0,0.538,4.0,3.978,1.0,0.523,,7242.0,0.263,0.709,1.0,930.0,1.0,0.996,1.0,0.003,0.0,0.709,0.6
380,89.0,60.0,3740.793,1.0,,0.081,72254.0,0.31,0.05,-0.199,0.77,0.475,0.0,-0.039,155.0,0.392,1.0,0.0,0.768,4.0,3.978,1.0,0.523,,7242.0,0.263,0.611,1.0,949.0,1.0,0.996,1.0,0.003,0.0,0.611,0.6
385,3.0,10.0,3632.976,0.0,,3.75,72412.0,0.31,0.053,-0.242,0.795,0.688,0.0,0.001,157.0,0.019,1.0,1.0,0.768,4.0,3.978,1.0,0.525,,7245.0,0.263,0.557,1.0,961.0,1.0,0.996,1.0,0.003,0.0,0.557,0.61
390,2.0,20.0,3632.96,0.0,,1.625,72685.0,0.3,0.05,-0.271,0.795,0.801,0.0,-0.015,159.0,0.609,1.0,0.0,0.768,4.0,3.979,1.0,0.525,,7373.0,0.308,0.57,1.0,973.0,1.0,0.996,1.0,0.003,0.0,0.57,0.62
395,79.0,21.0,3632.945,1.0,,0.101,73522.0,0.3,0.055,-0.295,0.82,0.808,0.0,-0.002,160.0,0.494,1.0,1.0,0.768,4.0,3.979,1.0,0.525,,7708.0,0.324,0.688,1.0,977.0,1.0,0.996,1.0,0.003,0.0,0.688,0.62
400,3.0,15.0,3632.991,0.0,,0.812,74131.0,0.29,0.049,-0.309,0.815,0.827,0.0,-0.002,160.0,0.054,1.0,0.0,0.768,4.0,3.979,1.0,0.525,,7964.0,0.197,0.498,1.0,981.0,1.0,0.996,1.0,0.003,0.0,0.498,0.61
405,1.0,236.0,3633.758,0.0,,0.0,74598.0,0.28,0.05,-0.425,0.815,1.202,0.0,-0.024,162.0,0.595,1.0,0.0,0.768,4.0,3.98,1.0,0.523,,7964.0,0.197,0.549,1.0,993.0,1.0,0.996,1.0,0.002,0.0,0.549,0.6
410,2.0,26.0,3633.101,0.0,,0.0,75837.0,0.26,0.051,-0.412,0.805,1.239,0.0,-0.163,163.0,0.504,1.0,0.0,0.562,4.0,3.98,1.0,0.523,,8033.0,0.183,0.479,1.0,1004.0,1.0,0.996,1.0,0.002,0.0,0.479,0.59
415,128.0,179.0,3633.57,1.0,,0.504,76161.0,0.27,0.053,-0.402,0.81,1.234,0.0,-0.01,166.0,0.283,1.0,1.0,0.672,4.0,3.98,1.0,0.523,,8240.0,0.194,0.471,1.0,1016.0,1.0,0.996,1.0,0.002,0.0,0.471,0.62
420,25.0,39.0,3633.07,1.0,,0.275,76363.0,0.26,0.052,-0.416,0.83,1.243,0.0,-0.001,167.0,0.164,1.0,0.0,0.672,4.0,3.98,1.0,0.523,,8297.0,0.186,0.611,1.0,1024.0,1.0,0.996,1.0,0.002,0.0,0.611,0.61
425,93.0,71.0,3812.788,1.0,,0.594,76825.0,0.26,0.05,-0.409,0.825,1.244,0.0,0.006,168.0,0.092,1.0,0.0,0.433,4.0,3.98,1.0,0.524,,8388.0,0.173,0.445,1.0,1032.0,1.0,0.996,1.0,0.002,0.0,0.445,0.61
430,108.0,38.0,3812.663,1.0,,0.676,78227.0,0.26,0.056,-0.522,0.805,1.44,0.0,0.005,169.0,0.022,1.0,0.0,0.494,4.0,3.981,1.0,0.524,,8390.0,0.176,0.561,1.0,1038.0,1.0,0.997,1.0,0.002,0.0,0.561,0.61
435,128.0,2677.0,3714.04,1.0,,0.256,81581.0,0.27,0.065,-0.513,0.8,1.397,0.0,0.0,170.0,0.133,1.0,1.0,0.984,2.0,3.981,1.0,0.524,,8518.0,0.209,0.493,1.0,1049.0,1.0,0.997,1.0,0.002,0.0,0.493,0.6
440,128.0,606.0,3634.898,1.0,,0.766,82326.0,0.26,0.057,-0.437,0.79,1.353,0.0,0.012,171.0,0.161,1.0,0.0,0.984,3.0,3.981,1.0,0.524,,8593.0,0.27,0.397,1.0,1060.0,1.0,0.997,1.0,0.002,0.0,0.397,0.59
445,128.0,55.0,3740.712,1.0,,0.336,82594.0,0.27,0.052,-0.344,0.785,1.266,0.0,0.0,175.0,0.144,1.0,0.0,0.632,4.0,3.981,1.0,0.527,,8721.0,0.232,0.462,1.0,1076.0,1.0,0.997,1.0,0.002,0.0,0.462,0.59
450,5.0,31.0,3633.148,1.0,,0.334,82849.0,0.27,0.058,-0.252,0.77,1.614,0.0,-0.013,176.0,0.095,1.0,1.0,0.632,4.0,3.982,1.0,0.527,,8726.0,0.227,0.431,1.0,1084.0,1.0,0.997,1.0,0.002,0.0,0.431,0.59
455,2.0,11.0,3632.972,0.0,,1.188,84574.0,0.27,0.067,-0.264,0.805,1.608,0.0,-0.045,178.0,0.386,1.0,0.0,0.632,4.0,3.982,1.0,0.527,,8726.0,0.227,0.404,1.0,1098.0,1.0,0.997,1.0,0.002,0.0,0.404,0.59
460,1.0,36.0,3633.038,0.0,,0.0,85118.0,0.26,0.073,-0.178,0.815,1.322,0.0,0.002,180.0,0.564,1.0,0.0,0.887,4.0,3.982,1.0,0.527,,8726.0,0.227,0.402,1.0,1114.0,1.0,0.997,1.0,0.002,0.0,0.402,0.59
465,128.0,87.0,3740.9,1.0,,0.33,85329.0,0.26,0.073,-0.193,0.8,1.332,0.0,0.003,183.0,0.104,1.0,0.0,0.542,4.0,3.982,1.0,0.529,,8727.0,0.213,0.486,1.0,1130.0,1.0,0.997,1.0,0.002,0.0,0.486,0.58
470,128.0,60.0,3740.75,1.0,,0.102,86200.0,0.26,0.075,-0.171,0.82,1.318,0.0,0.004,187.0,0.385,1.0,0.0,0.542,4.0,3.982,1.0,0.529,,8727.0,0.213,0.425,1.0,1146.0,1.0,0.997,1.0,0.002,0.0,0.425,0.62
475,11.0,246.0,3741.485,1.0,,0.147,86705.0,0.26,0.078,-0.189,0.79,1.339,0.0,-0.008,189.0,0.053,1.0,0.0,0.154,4.0,3.983,1.0,0.529,,8857.0,0.288,0.449,1.0,1158.0,1.0,0.997,1.0,0.002,0.0,0.449,0.62
480,128.0,47.0,3740.729,1.0,,0.404,87051.0,0.25,0.069,-0.074,0.81,1.093,0.0,-0.005,191.0,0.068,1.0,0.0,0.154,4.0,3.983,1.0,0.529,,8857.0,0.288,0.711,1.0,1178.0,1.0,0.997,1.0,0.002,0.0,0.711,0.59
485,128.0,76.0,3633.148,1.0,,0.157,87297.0,0.26,0.062,-0.064,0.825,1.089,0.0,-0.001,193.0,0.56,1.0,0.0,0.154,4.0,3.983,1.0,0.521,,8985.0,0.125,0.502,1.0,1194.0,1.0,0.997,1.0,0.002,0.0,0.502,0.59
490,124.0,35.0,3740.71,1.0,,0.492,87477.0,0.25,0.066,-0.156,0.805,1.24,0.0,-0.001,193.0,0.115,1.0,0.0,0.306,4.0,3.983,1.0,0.521,,8985.0,0.125,0.452,1.0,1210.0,1.0,0.997,1.0,0.002,0.0,0.452,0.57
495,128.0,86.0,3740.869,1.0,,0.961,87738.0,0.25,0.065,-0.182,0.81,1.254,0.0,0.0,195.0,0.453,1.0,0.0,0.306,4.0,3.983,1.0,0.521,,9113.0,0.033,0.557,1.0,1226.0,1.0,0.997,1.0,0.002,0.0,0.557,0.57
500,128.0,76.0,3740.835,1.0,,0.5,89541.0,0.26,0.063,-0.282,0.825,0.765,0.0,0.0,195.0,0.298,1.0,0.0,0.325,4.0,3.983,1.0,0.521,,9287.0,0.293,0.553,1.0,1237.0,1.0,0.997,1.0,0.002,0.0,0.553,0.56
505,128.0,15.0,3740.909,1.0,,0.238,91443.0,0.24,0.064,-0.277,0.805,0.766,0.0,-0.002,198.0,0.217,1.0,0.0,0.325,4.0,3.984,1.0,0.521,,9415.0,0.281,0.359,1.0,1247.0,1.0,0.997,1.0,0.002,0.0,0.359,0.56
510,128.0,1122.0,3636.726,1.0,,1.141,93078.0,0.24,0.063,-0.27,0.795,0.762,0.0,-0.002,198.0,0.02,1.0,0.0,0.325,2.0,3.984,1.0,0.521,,9493.0,0.372,0.413,1.0,1253.0,1.0,0.997,1.0,0.002,0.0,0.413,0.54
515,8.0,36.0,3740.682,1.0,,0.859,93288.0,0.25,0.065,-0.249,0.815,0.718,0.0,-0.038,200.0,1.051,1.0,0.0,0.325,4.0,3.984,1.0,0.521,,9553.0,0.425,0.422,1.0,1265.0,1.0,0.997,1.0,0.002,0.0,0.422,0.56
520,58.0,14.0,3632.929,1.0,,0.381,93469.0,0.25,0.06,-0.256,0.815,0.726,0.0,-0.0,202.0,0.358,1.0,1.0,0.454,4.0,3.984,1.0,0.521,,9611.0,0.273,0.753,1.0,1277.0,1.0,0.997,1.0,0.002,0.0,0.753,0.56
525,41.0,30.0,3740.679,1.0,,0.396,93840.0,0.27,0.062,-0.239,0.79,0.689,0.0,0.031,203.0,0.106,1.0,0.0,0.408,4.0,3.984,1.0,0.521,,9841.0,0.21,0.636,1.0,1289.0,1.0,0.997,1.0,0.002,0.0,0.636,0.55
530,128.0,12.0,3632.991,1.0,,0.086,93993.0,0.28,0.048,-0.222,0.775,0.681,0.0,-0.002,207.0,0.413,1.0,0.0,0.751,4.0,3.984,1.0,0.521,,9841.0,0.21,0.626,1.0,1309.0,1.0,0.997,1.0,0.002,0.0,0.626,0.56
535,128.0,52.0,3740.76,1.0,,0.393,96786.0,0.28,0.049,-0.213,0.75,0.681,0.0,0.005,209.0,0.069,1.0,0.0,0.751,4.0,3.984,1.0,0.521,,9969.0,0.28,0.618,1.0,1323.0,1.0,0.997,1.0,0.002,0.0,0.618,0.55
540,2.0,14.0,3632.991,0.0,,0.0,98518.0,0.27,0.05,-0.141,0.76,0.33,0.0,0.005,209.0,0.155,1.0,0.0,0.751,4.0,3.985,1.0,0.521,,10067.0,0.272,0.361,1.0,1333.0,1.0,0.997,1.0,0.002,0.0,0.361,0.54
545,128.0,110.0,3740.992,1.0,,0.617,98821.0,0.27,0.059,-0.125,0.765,0.282,0.0,0.004,213.0,0.235,1.0,0.0,0.751,4.0,3.985,1.0,0.521,,10067.0,0.272,0.472,1.0,1349.0,1.0,0.997,1.0,0.002,0.0,0.472,0.55
550,128.0,554.0,3742.767,1.0,,1.492,99994.0,0.27,0.065,-0.179,0.765,0.412,0.0,0.201,215.0,0.055,1.0,0.0,0.862,4.0,3.985,1.0,0.521,,10166.0,0.389,0.46,1.0,1365.0,1.0,0.997,1.0,0.002,0.0,0.46,0.55
555,2.0,16.0,3704.702,0.0,,1.562,100661.0,0.27,0.073,-0.227,0.785,0.512,0.0,0.011,218.0,0.147,1.0,0.0,0.56,4.0,3.985,1.0,0.521,,10166.0,0.389,0.394,1.0,1381.0,1.0,0.997,1.0,0.002,0.0,0.394,0.56
560,128.0,13.0,3632.976,1.0,,1.336,102325.0,0.29,0.061,-0.213,0.79,0.51,0.0,-0.0,220.0,0.17,1.0,0.0,0.56,4.0,3.985,1.0,0.521,,10420.0,0.417,0.697,1.0,1391.0,1.0,0.997,1.0,0.002,0.0,0.697,0.56
565,5.0,27.0,3633.07,1.0,,1.242,103460.0,0.29,0.056,-0.201,0.79,0.503,0.0,-0.002,221.0,0.573,1.0,1.0,0.412,4.0,3.985,1.0,0.521,,10553.0,0.379,0.568,1.0,1402.0,1.0,0.997,1.0,0.002,0.0,0.568,0.54
570,110.0,139.0,3633.351,1.0,,0.153,103750.0,0.3,0.05,-0.187,0.795,0.5,0.0,-0.005,223.0,0.153,1.0,1.0,0.544,4.0,3.985,1.0,0.521,,10663.0,0.375,0.449,1.0,1414.0,1.0,0.997,1.0,0.002,0.0,0.449,0.55
575,72.0,50.0,3740.697,1.0,,0.516,104128.0,0.28,0.048,-0.188,0.81,0.5,0.0,0.008,227.0,0.254,1.0,0.0,0.592,4.0,3.986,1.0,0.521,,10791.0,0.363,0.817,1.0,1430.0,1.0,0.997,1.0,0.002,0.0,0.817,0.57
580,1.0,18.0,3706.283,0.0,,0.477,104351.0,0.28,0.055,-0.176,0.85,0.584,0.0,-0.006,230.0,0.338,1.0,1.0,0.582,4.0,3.986,1.0,0.521,,10920.0,0.348,0.593,1.0,1442.0,1.0,0.997,1.0,0.002,0.0,0.593,0.59
585,3.0,11.0,3633.007,0.0,,0.0,104726.0,0.29,0.055,-0.194,0.86,0.592,0.0,0.007,231.0,0.267,1.0,1.0,0.411,4.0,3.986,1.0,0.511,,10923.0,0.271,0.593,1.0,1458.0,1.0,0.997,1.0,0.002,0.0,0.593,0.57
590,128.0,51.0,3740.76,1.0,,0.18,104999.0,0.3,0.059,-0.192,0.845,0.591,0.0,-0.002,232.0,0.253,1.0,0.0,0.411,4.0,3.986,1.0,0.511,,11179.0,0.336,0.581,1.0,1470.0,1.0,0.997,1.0,0.002,0.0,0.581,0.56
595,3.0,11.0,3632.976,0.0,,1.883,106879.0,0.3,0.054,-0.177,0.84,0.585,0.0,-0.002,232.0,0.037,1.0,1.0,0.411,4.0,3.986,1.0,0.511,,11319.0,0.324,0.649,1.0,1475.0,1.0,0.997,1.0,0.002,0.0,0.649,0.54
600,34.0,53.0,3633.07,1.0,,0.486,107195.0,0.3,0.052,-0.139,0.8,0.545,0.0,-0.009,234.0,0.802,1.0,1.0,0.555,4.0,3.986,1.0,0.511,,11481.0,0.249,0.84,1.0,1487.0,1.0,0.998,1.0,0.002,0.0,0.84,0.55
605,80.0,21.0,3632.945,1.0,,0.083,108194.0,0.31,0.049,-0.112,0.8,0.505,0.0,0.002,236.0,0.161,1.0,1.0,0.555,4.0,3.986,1.0,0.509,,11689.0,0.147,0.799,1.0,1495.0,1.0,0.998,1.0,0.002,0.0,0.799,0.56
610,25.0,245.0,3633.773,1.0,,0.08,108850.0,0.31,0.053,-0.112,0.81,0.48,0.0,0.002,236.0,0.413,1.0,0.0,0.555,4.0,3.986,1.0,0.509,,11759.0,0.182,0.505,1.0,1503.0,1.0,0.998,1.0,0.002,0.0,0.505,0.55
615,80.0,77.0,3633.132,1.0,,0.258,109903.0,0.3,0.058,-0.167,0.815,0.562,0.0,-0.001,237.0,0.83,1.0,1.0,0.513,4.0,3.987,1.0,0.509,,11843.0,0.292,0.531,1.0,1510.0,1.0,0.998,1.0,0.002,0.0,0.531,0.55
620,3.0,19.0,3633.216,0.0,,0.439,113705.0,0.32,0.061,-0.219,0.79,0.782,0.0,-0.003,238.0,0.199,1.0,1.0,0.513,4.0,3.987,1.0,0.509,,11974.0,0.277,0.327,1.0,1520.0,1.0,0.998,1.0,0.002,0.0,0.327,0.53
625,97.0,48.0,3740.82,1.0,,0.566,114011.0,0.32,0.059,-0.219,0.785,0.782,0.0,-0.004,242.0,1.378,1.0,0.0,1.109,4.0,3.987,1.0,0.509,,12102.0,0.222,0.484,1.0,1536.0,1.0,0.998,1.0,0.002,0.0,0.484,0.53
630,14.0,20.0,3814.275,1.0,,0.598,114758.0,0.32,0.06,-0.223,0.755,0.784,0.0,0.0,245.0,0.463,1.0,0.0,0.38,4.0,3.987,1.0,0.509,,12102.0,0.222,0.66,1.0,1551.0,1.0,0.998,1.0,0.002,0.0,0.66,0.55
635,2.0,15.0,3632.991,0.0,,1.812,114847.0,0.35,0.063,-0.312,0.765,0.778,0.0,-0.004,247.0,0.09,1.0,0.0,1.106,4.0,3.987,1.0,0.509,,12102.0,0.222,0.546,1.0,1559.0,1.0,0.998,1.0,0.002,0.0,0.546,0.56
640,106.0,61.0,3633.163,1.0,,0.0,115145.0,0.35,0.069,-0.345,0.755,1.038,0.0,-0.004,247.0,1.083,1.0,1.0,1.106,4.0,3.987,1.0,0.509,,12340.0,0.296,0.505,1.0,1563.0,1.0,0.998,1.0,0.002,0.0,0.505,0.55
645,9.0,74.0,3633.197,1.0,,6.25,116144.0,0.35,0.067,-0.321,0.735,1.079,0.0,0.007,248.0,0.079,1.0,1.0,1.106,4.0,3.987,1.0,0.512,,12563.0,0.181,0.325,1.0,1567.0,1.0,0.998,1.0,0.002,0.0,0.325,0.56
650,128.0,627.0,3635.038,1.0,,0.0,116975.0,0.33,0.063,-0.329,0.73,1.084,0.0,-0.004,249.0,0.237,1.0,1.0,0.785,3.0,3.987,1.0,0.512,,12894.0,0.3,0.436,1.0,1571.0,1.0,0.998,1.0,0.002,0.0,0.436,0.56
655,126.0,53.0,3740.717,1.0,,0.42,118435.0,0.34,0.063,-0.333,0.74,1.081,0.0,0.004,251.0,0.314,1.0,0.0,0.278,4.0,3.987,1.0,0.512,,12895.0,0.303,0.459,1.0,1586.0,1.0,0.998,1.0,0.002,0.0,0.459,0.58
660,73.0,18.0,3632.991,1.0,,0.484,118579.0,0.34,0.066,-0.316,0.725,1.071,0.0,0.004,251.0,0.063,1.0,0.0,0.697,4.0,3.987,1.0,0.512,,12977.0,0.331,0.612,1.0,1602.0,1.0,0.998,1.0,0.002,0.0,0.612,0.57
665,128.0,332.0,3741.992,1.0,,1.562,119087.0,0.35,0.059,-0.221,0.715,1.027,0.0,0.002,253.0,0.102,1.0,0.0,0.697,4.0,3.988,1.0,0.504,,13118.0,0.342,0.409,1.0,1610.0,1.0,0.998,1.0,0.002,0.0,0.409,0.58
670,128.0,49.0,3740.744,1.0,,0.236,119304.0,0.37,0.056,-0.267,0.745,1.085,0.0,0.001,257.0,0.071,1.0,0.0,0.697,4.0,3.988,1.0,0.504,,13118.0,0.342,0.605,1.0,1626.0,1.0,0.998,1.0,0.001,0.0,0.605,0.6
675,5.0,35.0,3740.698,1.0,,0.463,119607.0,0.37,0.057,-0.19,0.755,0.924,0.0,-0.014,260.0,0.562,1.0,0.0,0.292,4.0,3.988,1.0,0.504,,13190.0,0.161,0.686,1.0,1642.0,1.0,0.998,1.0,0.001,0.0,0.686,0.61
680,5.0,83.0,3633.163,1.0,,0.204,119851.0,0.37,0.061,-0.142,0.735,0.978,0.0,-0.025,261.0,0.233,1.0,1.0,0.784,4.0,3.988,1.0,0.504,,13347.0,0.23,0.67,1.0,1646.0,1.0,0.998,1.0,0.001,0.0,0.67,0.62
685,102.0,45.0,3740.759,1.0,,0.797,120113.0,0.35,0.053,-0.089,0.75,0.945,0.0,0.0,264.0,0.157,1.0,0.0,0.784,4.0,3.988,1.0,0.503,,13475.0,0.302,0.614,1.0,1662.0,1.0,0.998,1.0,0.001,0.0,0.614,0.62
690,128.0,44.0,3633.179,1.0,,0.142,120326.0,0.35,0.052,-0.031,0.72,0.595,0.0,0.0,264.0,0.086,1.0,0.0,0.646,4.0,3.988,1.0,0.503,,13486.0,0.281,0.586,1.0,1674.0,1.0,0.998,1.0,0.001,0.0,0.586,0.61
695,128.0,668.0,3708.475,1.0,,0.266,121105.0,0.34,0.051,-0.064,0.73,0.539,0.0,0.006,268.0,0.401,1.0,1.0,0.355,3.0,3.988,1.0,0.503,,13614.0,0.266,0.625,1.0,1690.0,1.0,0.998,1.0,0.001,0.0,0.625,0.61
700,11.0,16.0,3633.054,1.0,,0.023,122390.0,0.32,0.05,-0.051,0.715,0.523,0.0,0.177,271.0,0.189,1.0,0.0,0.734,4.0,3.988,1.0,0.503,,13724.0,0.252,0.626,1.0,1704.0,1.0,0.998,1.0,0.001,0.0,0.626,0.63
705,60.0,18.0,3814.983,1.0,,0.477,123272.0,0.32,0.05,-0.048,0.725,0.523,0.0,-0.002,275.0,0.182,1.0,0.0,0.366,4.0,3.988,1.0,0.499,,13724.0,0.252,0.612,1.0,1724.0,1.0,0.998,1.0,0.001,0.0,0.612,0.65
710,85.0,59.0,3740.714,1.0,,0.684,123492.0,0.32,0.059,-0.055,0.735,0.54,0.0,0.004,279.0,0.889,1.0,0.0,0.378,4.0,3.988,1.0,0.499,,13724.0,0.252,0.455,1.0,1744.0,1.0,0.998,1.0,0.001,0.0,0.455,0.65
715,95.0,59.0,3740.778,1.0,,0.373,124287.0,0.32,0.059,-0.098,0.74,0.564,0.0,-0.005,280.0,0.754,1.0,0.0,0.327,4.0,3.988,1.0,0.499,,13852.0,0.28,0.528,1.0,1756.0,1.0,0.998,1.0,0.001,0.0,0.528,0.64
720,47.0,11.0,3633.023,1.0,,0.225,124517.0,0.31,0.059,-0.062,0.705,0.433,0.0,0.094,282.0,0.324,1.0,0.0,0.181,4.0,3.988,1.0,0.499,,13854.0,0.276,0.661,1.0,1772.0,1.0,0.998,1.0,0.001,0.0,0.661,0.63
725,5.0,12.0,3740.58,1.0,,2.047,126794.0,0.28,0.062,-0.054,0.685,0.439,0.0,0.014,285.0,0.117,1.0,0.0,0.181,4.0,3.989,1.0,0.491,,13917.0,0.277,0.391,1.0,1786.0,1.0,0.998,1.0,0.001,0.0,0.391,0.64
730,62.0,25.0,3633.116,1.0,,0.898,128636.0,0.26,0.061,-0.111,0.72,0.367,0.0,-0.067,286.0,0.066,1.0,1.0,0.181,4.0,3.989,1.0,0.491,,13981.0,0.276,0.529,1.0,1797.0,1.0,0.998,1.0,0.001,0.0,0.529,0.64
735,29.0,38.0,3740.663,1.0,,0.33,130261.0,0.22,0.059,-0.111,0.725,0.365,0.0,-0.019,287.0,0.386,1.0,0.0,0.181,4.0,3.989,1.0,0.491,,14145.0,0.254,0.678,1.0,1807.0,1.0,0.998,1.0,0.001,0.0,0.678,0.62
740,128.0,32.0,3740.776,1.0,,0.301,130518.0,0.23,0.058,-0.099,0.735,0.353,0.0,-0.004,288.0,0.878,1.0,0.0,1.355,4.0,3.989,1.0,0.491,,14147.0,0.25,0.585,1.0,1823.0,1.0,0.998,1.0,0.001,0.0,0.585,0.59
745,66.0,34.0,3740.826,1.0,,0.992,133373.0,0.23,0.055,-0.093,0.765,0.344,0.0,0.012,292.0,0.265,1.0,0.0,1.355,4.0,3.989,1.0,0.492,,14147.0,0.25,0.637,1.0,1841.0,1.0,0.998,1.0,0.001,0.0,0.637,0.61
750,128.0,62.0,3812.786,1.0,,0.311,133635.0,0.23,0.054,-0.092,0.77,0.344,0.0,0.001,294.0,0.42,1.0,0.0,0.291,4.0,3.989,1.0,0.492,,14352.0,0.369,0.721,1.0,1853.0,1.0,0.998,1.0,0.001,0.0,0.721,0.62
755,45.0,40.0,3740.741,1.0,,0.111,133913.0,0.22,0.055,-0.086,0.755,0.347,0.0,-0.013,295.0,0.169,1.0,0.0,0.808,4.0,3.989,1.0,0.492,,14522.0,0.39,0.807,1.0,1865.0,1.0,0.998,1.0,0.001,0.0,0.807,0.62
760,82.0,44.0,3740.695,1.0,,0.108,134774.0,0.21,0.055,-0.087,0.76,0.321,0.0,-0.011,299.0,0.266,1.0,0.0,0.808,4.0,3.989,1.0,0.492,,14650.0,0.28,0.424,1.0,1880.0,1.0,0.998,1.0,0.001,0.0,0.424,0.63
765,128.0,19.0,3815.189,1.0,,0.613,134942.0,0.2,0.054,-0.111,0.76,0.5,0.0,-0.011,302.0,0.1,1.0,0.0,0.511,4.0,3.989,1.0,0.491,,14650.0,0.28,0.563,1.0,1896.0,1.0,0.998,1.0,0.001,0.0,0.563,0.65
770,128.0,1239.0,3637.132,1.0,,0.625,137918.0,0.17,0.056,-0.095,0.735,0.572,0.0,-0.011,302.0,0.1,1.0,1.0,0.511,2.0,3.989,1.0,0.491,,14907.0,0.392,0.329,1.0,1896.0,1.0,0.998,1.0,0.001,0.0,0.329,0.65
775,1.0,10.0,3632.976,0.0,,3.5,138426.0,0.18,0.056,-0.061,0.72,0.741,0.0,-0.005,304.0,0.745,1.0,0.0,0.511,4.0,3.989,1.0,0.491,,14909.0,0.398,0.271,1.0,1904.0,1.0,0.998,1.0,0.001,0.0,0.271,0.66
780,2.0,13.0,3633.023,0.0,,0.0,138546.0,0.19,0.051,-0.053,0.695,0.711,0.0,0.002,305.0,0.792,1.0,0.0,0.511,4.0,3.989,1.0,0.491,,15083.0,0.304,0.269,1.0,1908.0,1.0,0.998,1.0,0.001,0.0,0.269,0.67
785,38.0,77.0,3741.009,1.0,,0.396,138899.0,0.2,0.066,0.124,0.68,1.46,0.0,-0.006,309.0,0.167,1.0,0.0,0.511,4.0,3.989,1.0,0.488,,15083.0,0.304,0.392,1.0,1924.0,1.0,0.998,1.0,0.001,0.0,0.392,0.67
790,128.0,65.0,3740.742,1.0,,0.902,139127.0,0.2,0.069,0.123,0.68,1.461,0.0,0.021,311.0,0.283,1.0,0.0,0.922,4.0,3.989,1.0,0.488,,15099.0,0.343,0.36,1.0,1940.0,1.0,0.998,1.0,0.001,0.0,0.36,0.66
795,74.0,18.0,3632.991,1.0,,0.125,139261.0,0.24,0.077,0.108,0.665,1.477,0.0,0.021,311.0,0.283,1.0,1.0,0.922,4.0,3.99,1.0,0.488,,15409.0,0.194,0.699,1.0,1940.0,1.0,0.998,1.0,0.001,0.0,0.699,0.66
800,1.0,355.0,3634.148,0.0,,1.5,139890.0,0.24,0.072,0.084,0.67,1.493,0.0,-0.011,314.0,0.079,1.0,0.0,0.68,4.0,3.99,1.0,0.488,,15409.0,0.194,0.387,1.0,1956.0,1.0,0.998,1.0,0.001,0.0,0.387,0.66
805,116.0,255.0,3741.984,1.0,0.01,1.039,140325.0,0.25,0.067,0.084,0.69,1.493,0.0,0.01,316.0,0.17,1.0,0.0,0.68,4.0,3.99,1.0,0.486,-0.175,15409.0,0.194,0.411,1.0,1972.0,1.0,0.998,1.0,0.001,0.004,0.411,0.65
810,128.0,88.0,3740.823,1.0,0.01,0.676,140578.0,0.25,0.068,0.079,0.725,1.494,0.0,0.012,320.0,0.119,1.0,0.0,0.68,4.0,3.99,1.0,0.486,1.229,15537.0,0.33,0.497,1.0,1988.0,1.0,0.998,1.0,0.001,0.005,0.497,0.69
815,2.0,13.0,3632.976,0.0,0.01,1.875,143090.0,0.25,0.061,0.138,0.735,1.422,0.0,-0.002,321.0,0.241,1.0,0.0,0.68,4.0,3.99,1.0,0.486,0.135,15793.0,0.175,0.326,1.0,1996.0,1.0,0.998,1.0,0.001,0.007,0.326,0.69
820,128.0,19.0,3740.752,1.0,0.01,0.225,143403.0,0.23,0.062,0.134,0.75,1.395,0.0,-0.003,323.0,1.502,1.0,0.0,0.68,4.0,3.99,1.0,0.486,-0.079,15969.0,0.292,0.448,1.0,2008.0,1.0,0.998,1.0,0.001,0.011,0.448,0.68
825,128.0,71.0,3740.757,1.0,0.01,0.179,143666.0,0.26,0.057,0.146,0.75,1.358,0.0,0.001,324.0,0.233,1.0,0.0,0.438,4.0,3.99,1.0,0.487,0.04,16135.0,0.442,0.462,1.0,2020.0,1.0,0.998,1.0,0.001,0.013,0.462,0.66
830,48.0,14.0,3633.007,1.0,0.01,0.32,143862.0,0.3,0.054,0.076,0.8,1.342,0.0,-0.005,325.0,0.055,1.0,0.0,0.438,4.0,3.99,1.0,0.487,-0.044,16137.0,0.441,0.745,1.0,2036.0,1.0,0.998,1.0,0.001,0.016,0.745,0.64
835,128.0,72.0,3741.07,1.0,0.01,0.363,144046.0,0.33,0.048,-0.107,0.81,0.406,0.0,-0.001,328.0,0.415,1.0,0.0,0.438,4.0,3.99,1.0,0.487,0.784,16148.0,0.457,0.586,1.0,2048.0,1.0,0.998,1.0,0.001,0.016,0.586,0.65
840,128.0,1020.0,3708.211,1.0,0.01,1.719,146878.0,0.32,0.046,-0.108,0.81,0.431,0.0,0.012,330.0,1.244,1.0,1.0,0.438,2.0,3.99,1.0,0.487,-1.109,16395.0,0.3,0.428,1.0,2054.0,1.0,0.998,1.0,0.001,0.019,0.428,0.66
845,1.0,20.0,3633.07,0.0,0.01,0.0,147104.0,0.32,0.045,-0.101,0.82,0.386,0.0,-0.002,332.0,0.735,1.0,0.0,0.438,4.0,3.99,1.0,0.487,0.144,16439.0,0.308,0.373,1.0,2066.0,1.0,0.998,1.0,0.001,0.02,0.373,0.67
850,128.0,18.0,3740.639,1.0,0.01,0.334,147245.0,0.35,0.052,-0.154,0.82,0.526,0.0,0.001,333.0,0.112,1.0,0.0,0.733,4.0,3.99,1.0,0.487,0.001,16496.0,0.329,0.673,1.0,2078.0,1.0,0.998,1.0,0.001,0.021,0.673,0.65
855,128.0,960.0,3816.067,1.0,0.01,0.531,148415.0,0.36,0.055,-0.148,0.82,0.486,0.0,0.001,335.0,0.318,1.0,0.0,1.936,3.0,3.99,1.0,0.487,-0.761,16505.0,0.331,0.378,1.0,2089.0,1.0,0.998,1.0,0.001,0.022,0.378,0.64
860,128.0,987.0,3816.581,1.0,0.01,1.18,150454.0,0.36,0.05,-0.15,0.805,0.491,0.0,0.003,338.0,0.037,1.0,0.0,0.341,2.0,3.99,1.0,0.487,-0.12,16633.0,0.277,0.543,1.0,2103.0,1.0,0.998,1.0,0.001,0.026,0.543,0.65
865,102.0,858.0,3816.217,1.0,0.01,0.816,151843.0,0.35,0.056,-0.173,0.8,0.5,0.0,0.002,340.0,0.099,1.0,0.0,0.341,3.0,3.99,1.0,0.483,-0.081,16633.0,0.277,0.454,1.0,2118.0,1.0,0.998,1.0,0.001,0.029,0.454,0.63
870,113.0,11.0,3740.889,1.0,0.01,0.352,153459.0,0.37,0.055,-0.198,0.825,0.511,0.0,-0.005,342.0,0.96,1.0,0.0,0.301,4.0,3.99,1.0,0.483,0.19,16761.0,0.323,0.708,1.0,2128.0,1.0,0.998,1.0,0.001,0.03,0.708,0.63
875,128.0,52.0,3633.054,1.0,0.01,0.25,153690.0,0.37,0.062,-0.198,0.795,0.511,0.0,0.007,344.0,0.019,1.0,0.0,0.438,4.0,3.991,1.0,0.483,0.133,16872.0,0.391,0.778,1.0,2140.0,1.0,0.998,1.0,0.001,0.031,0.778,0.64
880,128.0,73.0,3740.877,1.0,0.01,0.613,154412.0,0.36,0.06,-0.183,0.82,0.452,0.0,-0.001,347.0,0.308,1.0,0.0,0.544,4.0,3.991,1.0,0.483,-0.099,16872.0,0.391,0.527,1.0,2156.0,1.0,0.998,1.0,0.001,0.034,0.527,0.65
885,97.0,19.0,3818.946,1.0,0.01,0.695,154631.0,0.36,0.064,-0.181,0.8,0.453,0.0,-0.013,349.0,0.217,1.0,0.0,1.125,4.0,3.991,1.0,0.485,0.109,16872.0,0.391,0.771,1.0,2172.0,1.0,0.998,1.0,0.001,0.035,0.771,0.64
890,99.0,19.0,3633.007,1.0,0.01,1.031,156169.0,0.34,0.064,-0.179,0.805,0.445,0.0,0.022,352.0,0.431,1.0,1.0,1.07,4.0,3.991,1.0,0.485,-0.025,17021.0,0.41,0.741,1.0,2182.0,1.0,0.998,1.0,0.001,0.038,0.741,0.66
895,97.0,35.0,3633.101,1.0,0.01,0.416,156340.0,0.32,0.059,-0.235,0.795,0.665,0.0,0.007,355.0,0.221,1.0,0.0,1.011,4.0,3.991,1.0,0.485,0.066,17021.0,0.41,0.84,1.0,2198.0,1.0,0.998,1.0,0.001,0.038,0.84,0.68
900,128.0,51.0,3633.085,1.0,0.01,0.68,157025.0,0.34,0.054,-0.187,0.795,0.592,0.0,0.007,355.0,0.072,1.0,1.0,0.349,4.0,3.991,1.0,0.485,-0.116,17205.0,0.356,0.684,1.0,2206.0,1.0,0.998,1.0,0.001,0.043,0.684,0.68
905,25.0,44.0,3740.663,1.0,0.003,0.314,159282.0,0.32,0.049,-0.163,0.755,0.565,0.0,-0.002,358.0,0.175,1.0,0.0,0.412,4.0,3.991,7.0,0.481,0.169,17333.0,0.465,0.395,1.0,2222.0,1.0,0.998,1.0,0.001,0.045,0.395,0.68
910,13.0,86.0,3633.21,1.0,0.003,0.0,159447.0,0.34,0.045,-0.183,0.75,0.589,0.0,-0.012,360.0,0.022,1.0,0.0,0.412,4.0,3.991,11.0,0.481,10.795,17335.0,0.468,0.27,1.0,2234.0,1.0,0.998,1.0,0.001,0.046,0.27,0.67
915,128.0,499.0,3634.57,1.0,0.003,0.863,160119.0,0.34,0.043,-0.196,0.725,0.626,0.0,-0.08,363.0,0.058,1.0,0.0,0.425,4.0,3.991,23.0,0.481,0.018,17335.0,0.468,0.364,1.0,2250.0,1.0,0.998,1.0,0.001,0.046,0.364,0.68
920,16.0,27.0,3741.857,1.0,0.003,0.52,161516.0,0.35,0.04,-0.153,0.685,0.633,0.0,0.027,366.0,0.059,1.0,0.0,0.89,4.0,3.991,7.0,0.481,0.198,17335.0,0.468,0.737,1.0,2264.0,1.0,0.998,1.0,0.001,0.048,0.737,0.68
925,10.0,89.0,3633.179,1.0,0.003,0.566,162697.0,0.33,0.039,-0.155,0.71,0.633,0.0,0.006,368.0,0.449,1.0,1.0,0.746,4.0,3.991,11.0,0.48,0.169,17345.0,0.441,0.271,1.0,2278.0,1.0,0.998,1.0,0.001,0.049,0.271,0.67
930,95.0,61.0,3741.134,1.0,0.003,0.139,162916.0,0.31,0.04,-0.151,0.715,0.631,0.0,-0.002,371.0,0.36,1.0,0.0,0.746,4.0,3.991,9.0,0.48,0.105,17345.0,0.441,0.376,1.0,2294.0,1.0,0.998,1.0,0.001,0.049,0.376,0.66
935,106.0,29.0,3740.681,1.0,0.003,0.439,163138.0,0.3,0.039,-0.153,0.705,0.629,0.0,-0.102,374.0,0.328,1.0,0.0,0.33,4.0,3.991,7.0,0.48,0.164,17347.0,0.44,0.742,1.0,2310.0,1.0,0.998,1.0,0.001,0.05,0.742,0.65
940,128.0,10.0,3704.685,1.0,0.003,0.459,164966.0,0.29,0.037,-0.153,0.7,0.633,0.0,0.064,376.0,0.021,1.0,1.0,0.33,4.0,3.991,5.0,0.48,0.099,17731.0,0.339,0.399,1.0,2318.0,1.0,0.998,1.0,0.001,0.051,0.399,0.66
945,12.0,34.0,3740.876,1.0,0.003,0.266,165549.0,0.28,0.039,-0.105,0.725,0.391,0.0,-0.008,378.0,0.099,1.0,0.0,0.33,4.0,3.991,7.0,0.48,0.189,17832.0,0.424,0.697,1.0,2334.0,1.0,0.998,1.0,0.001,0.053,0.697,0.65
950,128.0,121.0,3633.351,1.0,0.003,0.543,165882.0,0.25,0.051,-0.134,0.715,0.456,0.0,0.003,379.0,4.31,1.0,1.0,0.43,4.0,3.991,12.0,0.48,0.006,18088.0,0.357,0.511,1.0,2342.0,1.0,0.998,1.0,0.001,0.054,0.511,0.65
955,44.0,49.0,3812.491,1.0,0.003,0.131,166500.0,0.24,0.053,-0.136,0.74,0.456,0.0,-0.004,380.0,0.254,1.0,0.0,0.358,4.0,3.991,8.0,0.48,0.037,18216.0,0.363,0.741,1.0,2358.0,1.0,0.998,1.0,0.001,0.054,0.741,0.64
960,15.0,25.0,3633.007,1.0,0.003,1.125,166625.0,0.25,0.054,-0.142,0.775,0.51,0.0,-0.003,382.0,0.092,1.0,0.0,0.358,4.0,3.991,6.0,0.48,0.048,18241.0,0.398,0.732,1.0,2370.0,1.0,0.998,1.0,0.001,0.054,0.732,0.63
965,1.0,9.0,3632.96,0.0,0.003,1.75,166806.0,0.28,0.058,-0.192,0.79,0.698,0.0,-0.003,382.0,0.092,1.0,0.0,0.358,4.0,3.991,4.0,0.478,0.088,18481.0,0.399,0.544,1.0,2370.0,1.0,0.998,1.0,0.001,0.054,0.544,0.63
970,2.0,53.0,3633.054,0.0,0.003,0.0,167063.0,0.27,0.064,-0.226,0.835,0.682,0.0,-0.01,384.0,0.408,1.0,0.0,1.25,4.0,3.991,9.0,0.478,-0.037,18481.0,0.399,0.536,1.0,2386.0,1.0,0.998,1.0,0.001,0.055,0.536,0.63
975,43.0,62.0,3633.195,1.0,0.003,2.75,167698.0,0.25,0.07,-0.252,0.83,0.713,0.0,-0.01,384.0,0.138,1.0,1.0,0.44,4.0,3.991,9.0,0.478,0.184,18524.0,0.343,0.576,1.0,2398.0,1.0,0.998,1.0,0.001,0.054,0.576,0.61
980,128.0,1176.0,3708.683,1.0,0.003,0.228,169316.0,0.25,0.07,-0.238,0.81,0.718,0.0,0.016,387.0,0.369,1.0,1.0,0.44,2.0,3.992,34.0,0.478,51.072,18657.0,0.285,0.579,1.0,2410.0,1.0,0.998,1.0,0.001,0.054,0.579,0.63
985,128.0,10.0,3632.97,1.0,0.003,0.231,169769.0,0.24,0.064,-0.246,0.805,0.733,0.0,0.011,390.0,0.481,1.0,0.0,0.44,4.0,3.992,5.0,0.473,0.114,18660.0,0.29,0.572,1.0,2426.0,1.0,0.998,1.0,0.001,0.055,0.572,0.64
990,72.0,72.0,3633.132,1.0,0.003,0.859,170998.0,0.27,0.062,-0.248,0.82,0.73,0.0,0.039,392.0,0.081,1.0,1.0,0.44,4.0,3.992,10.0,0.473,1.882,18732.0,0.258,0.493,1.0,2441.0,1.0,0.998,1.0,0.001,0.056,0.493,0.62
995,2.0,10.0,3632.976,0.0,0.003,0.0,172488.0,0.27,0.069,-0.273,0.82,0.773,0.0,0.021,395.0,0.06,1.0,0.0,0.44,4.0,3.992,5.0,0.473,0.034,18860.0,0.45,0.275,1.0,2453.0,1.0,0.998,1.0,0.001,0.056,0.275,0.63
1000,33.0,16.0,3740.57,1.0,0.003,0.633,172759.0,0.27,0.061,-0.235,0.805,0.727,0.0,0.0,398.0,0.562,1.0,0.0,0.44,4.0,3.992,5.0,0.473,-0.072,18898.0,0.454,0.625,1.0,2469.0,1.0,0.998,1.0,0.001,0.057,0.625,0.64
1005,128.0,162.0,3633.468,1.0,0.085,1.367,173101.0,0.29,0.066,-0.264,0.81,0.752,0.0,0.003,400.0,0.305,1.0,1.0,2.359,4.0,3.992,15.0,0.473,6.493,19093.0,0.439,0.539,1.0,2477.0,1.0,0.999,1.0,0.001,0.057,0.539,0.65
1010,128.0,912.0,3744.265,1.0,0.085,1.117,174166.0,0.28,0.065,-0.227,0.81,0.697,0.0,0.001,401.0,0.08,1.0,0.0,0.457,3.0,3.992,34.0,0.473,0.124,19221.0,0.474,0.409,1.0,2492.0,1.0,0.999,1.0,0.001,0.059,0.409,0.63
1015,128.0,43.0,3740.947,1.0,0.085,0.165,174470.0,0.29,0.063,-0.295,0.825,0.881,0.0,-0.001,405.0,0.549,1.0,0.0,0.457,4.0,3.992,9.0,0.473,1.006,19221.0,0.474,0.806,1.0,2508.0,1.0,0.999,1.0,0.001,0.061,0.806,0.65
1020,128.0,53.0,3740.775,1.0,0.085,1.969,174646.0,0.3,0.056,-0.221,0.82,0.716,0.0,-0.005,406.0,0.03,1.0,0.0,0.457,4.0,3.992,9.0,0.473,0.145,19235.0,0.344,0.5,1.0,2524.0,1.0,0.999,1.0,0.001,0.061,0.5,0.63
1025,128.0,57.0,3633.089,1.0,0.085,0.367,175065.0,0.31,0.05,-0.204,0.815,0.713,0.0,-0.022,409.0,0.577,1.0,0.0,0.684,4.0,3.992,10.0,0.47,0.154,19235.0,0.344,0.672,1.0,2544.0,1.0,0.999,1.0,0.001,0.061,0.672,0.63
1030,1.0,34.0,3633.054,0.0,0.085,0.0,176021.0,0.31,0.052,-0.264,0.83,0.826,0.0,0.002,410.0,0.246,1.0,0.0,0.684,4.0,3.992,7.0,0.47,-0.032,19368.0,0.285,0.437,1.0,2551.0,1.0,0.999,1.0,0.001,0.063,0.437,0.62
1035,2.0,13.0,3632.976,0.0,0.085,0.0,176566.0,0.31,0.052,-0.256,0.845,0.813,0.0,0.002,410.0,0.237,1.0,0.0,0.684,4.0,3.992,4.0,0.47,-0.047,19486.0,0.295,0.502,1.0,2559.0,1.0,0.999,1.0,0.001,0.067,0.502,0.62
1040,128.0,57.0,3633.163,1.0,0.085,0.036,176717.0,0.32,0.054,-0.252,0.82,0.833,0.0,0.002,411.0,0.037,1.0,0.0,0.343,4.0,3.992,10.0,0.47,3.349,19486.0,0.295,0.553,1.0,2571.0,1.0,0.999,1.0,0.001,0.066,0.553,0.6
1045,128.0,1536.0,3818.535,1.0,0.085,0.641,178477.0,0.34,0.058,-0.258,0.835,0.832,0.0,0.007,415.0,0.081,1.0,0.0,0.343,2.0,3.992,44.0,0.473,53.137,19486.0,0.295,0.517,1.0,2589.0,1.0,0.999,1.0,0.001,0.066,0.517,0.6
1050,128.0,82.0,3812.773,1.0,0.085,0.574,180601.0,0.35,0.056,-0.249,0.84,0.798,0.0,0.0,419.0,0.128,1.0,0.0,0.366,4.0,3.992,12.0,0.473,0.174,19490.0,0.294,0.466,1.0,2603.0,1.0,0.999,1.0,0.001,0.067,0.466,0.62
1055,2.0,62.0,3633.234,0.0,0.085,2.0,181348.0,0.37,0.057,-0.235,0.855,0.861,0.0,-0.013,420.0,0.149,1.0,0.0,0.366,4.0,3.992,10.0,0.473,0.189,19737.0,0.43,0.484,1.0,2607.0,1.0,0.999,1.0,0.001,0.067,0.484,0.63
1060,128.0,200.0,3633.554,1.0,0.085,0.562,181758.0,0.37,0.055,-0.239,0.86,0.861,0.0,-0.003,421.0,0.153,1.0,1.0,0.529,4.0,3.992,17.0,0.473,0.13,19993.0,0.442,0.304,1.0,2615.0,1.0,0.999,1.0,0.001,0.067,0.304,0.62
1065,94.0,47.0,3633.132,1.0,0.085,0.231,184656.0,0.35,0.056,-0.165,0.85,0.666,0.0,-0.004,422.0,0.537,1.0,0.0,0.529,4.0,3.992,9.0,0.472,0.174,19998.0,0.442,0.396,1.0,2629.0,1.0,0.999,1.0,0.001,0.069,0.396,0.6
1070,128.0,12.0,3744.524,1.0,0.085,0.699,185444.0,0.35,0.059,-0.167,0.84,0.666,0.0,0.021,425.0,0.172,1.0,0.0,0.529,4.0,3.992,4.0,0.472,-0.051,20030.0,0.407,0.759,1.0,2645.0,1.0,0.999,1.0,0.001,0.071,0.759,0.61
1075,37.0,28.0,3740.654,1.0,0.085,0.469,185725.0,0.38,0.058,-0.169,0.845,0.666,0.0,-0.031,429.0,0.205,1.0,0.0,1.022,4.0,3.992,7.0,0.472,0.015,20030.0,0.407,0.785,1.0,2665.0,1.0,0.999,1.0,0.001,0.072,0.785,0.62
1080,3.0,12.0,3632.913,0.0,0.085,1.625,185928.0,0.38,0.058,-0.184,0.85,0.69,0.0,0.005,430.0,0.297,1.0,1.0,1.022,4.0,3.992,4.0,0.472,0.167,20261.0,0.381,0.46,1.0,2669.0,1.0,0.999,1.0,0.001,0.073,0.46,0.62
1085,60.0,31.0,3740.744,1.0,0.085,0.402,186456.0,0.38,0.058,-0.133,0.83,0.517,0.0,-0.007,432.0,0.337,1.0,0.0,1.022,4.0,3.992,8.0,0.471,0.115,20261.0,0.381,0.778,1.0,2681.0,1.0,0.999,1.0,0.001,0.075,0.778,0.62
1090,122.0,46.0,3740.776,1.0,0.085,0.35,186733.0,0.37,0.057,-0.139,0.85,0.488,0.0,-0.001,435.0,0.072,1.0,0.0,0.393,4.0,3.992,9.0,0.471,0.13,20261.0,0.381,0.768,1.0,2697.0,1.0,0.999,1.0,0.001,0.074,0.768,0.61
1095,16.0,395.0,3742.226,1.0,0.085,0.977,187574.0,0.37,0.061,-0.155,0.835,0.501,0.0,-0.005,436.0,0.057,1.0,0.0,0.393,4.0,3.992,23.0,0.471,50.842,20264.0,0.363,0.496,1.0,2713.0,1.0,0.999,1.0,0.001,0.074,0.496,0.6
1100,65.0,18.0,3633.066,1.0,0.085,0.198,188112.0,0.37,0.057,-0.152,0.835,0.493,0.0,0.002,439.0,0.095,1.0,0.0,0.393,4.0,3.992,6.0,0.471,0.053,20276.0,0.317,0.674,1.0,2729.0,1.0,0.999,1.0,0.001,0.075,0.674,0.6
1105,2.0,10.0,3632.976,0.0,0.177,0.887,188243.0,0.36,0.051,-0.14,0.795,0.404,0.0,-0.04,440.0,0.11,1.0,1.0,0.573,4.0,3.992,3.0,0.473,0.11,20356.0,0.34,0.472,1.0,2737.0,1.0,0.999,1.0,0.001,0.074,0.472,0.61
1110,1.0,30.0,3633.148,0.0,0.177,0.104,189108.0,0.35,0.059,-0.123,0.8,0.346,0.0,-0.031,442.0,0.203,1.0,1.0,0.573,4.0,3.993,6.0,0.473,0.33,20613.0,0.293,0.518,1.0,2745.0,1.0,0.999,1.0,0.001,0.075,0.518,0.62
1115,96.0,509.0,3742.647,1.0,0.177,1.492,189854.0,0.34,0.059,-0.096,0.78,0.396,0.0,0.001,444.0,0.191,1.0,0.0,0.573,4.0,3.993,28.0,0.473,-0.099,20754.0,0.094,0.494,1.0,2757.0,1.0,0.999,1.0,0.001,0.075,0.494,0.62
1120,5.0,44.0,3740.726,1.0,0.177,0.05,190143.0,0.34,0.064,-0.104,0.795,0.4,0.0,-0.003,446.0,0.106,1.0,0.0,1.13,4.0,3.993,7.0,0.473,0.091,20762.0,0.098,0.519,1.0,2769.0,1.0,0.999,1.0,0.001,0.075,0.519,0.63
1125,2.0,44.0,3633.163,0.0,0.177,0.0,190404.0,0.32,0.073,-0.132,0.775,0.443,0.0,-0.003,446.0,0.115,1.0,0.0,0.483,4.0,3.993,7.0,0.476,0.14,20767.0,0.107,0.518,1.0,2777.0,1.0,0.999,1.0,0.001,0.075,0.518,0.62
1130,10.0,127.0,3706.103,1.0,0.177,0.469,190848.0,0.31,0.076,-0.107,0.77,0.38,0.0,-0.006,448.0,0.05,1.0,1.0,0.52,4.0,3.993,14.0,0.476,-0.044,20950.0,0.224,0.641,1.0,2785.0,1.0,0.999,1.0,0.001,0.076,0.641,0.64
1135,5.0,43.0,3740.741,1.0,0.177,0.0,191052.0,0.31,0.077,-0.095,0.76,0.366,0.0,0.006,450.0,0.032,1.0,0.0,0.52,4.0,3.993,7.0,0.476,-0.054,21040.0,0.278,0.608,1.0,2797.0,1.0,0.999,1.0,0.001,0.078,0.608,0.64
1140,2.0,52.0,3633.116,0.0,0.177,0.914,192549.0,0.33,0.065,-0.09,0.78,0.365,0.0,0.001,453.0,0.075,1.0,1.0,0.52,4.0,3.993,9.0,0.476,1.599,21162.0,0.313,0.679,1.0,2807.0,1.0,0.999,1.0,0.001,0.078,0.679,0.64
1145,128.0,109.0,3633.241,1.0,0.177,0.047,193919.0,0.33,0.062,-0.072,0.79,0.344,0.0,-0.004,454.0,0.128,1.0,0.0,0.52,4.0,3.993,12.0,0.471,0.119,21162.0,0.313,0.633,1.0,2826.0,1.0,0.999,1.0,0.001,0.078,0.633,0.62
1150,128.0,107.0,3741.188,1.0,0.177,0.258,195257.0,0.34,0.054,-0.061,0.755,0.343,0.0,-0.003,457.0,0.283,1.0,0.0,1.286,4.0,3.993,12.0,0.471,5.857,21162.0,0.313,0.502,1.0,2844.0,1.0,0.999,1.0,0.001,0.078,0.502,0.61
1155,43.0,58.0,3740.862,1.0,0.177,0.293,200671.0,0.31,0.062,-0.138,0.77,0.664,0.0,-0.027,460.0,0.043,1.0,0.0,1.327,4.0,3.993,10.0,0.471,0.019,21162.0,0.313,0.691,1.0,2856.0,1.0,0.999,1.0,0.001,0.079,0.691,0.61
1160,3.0,24.0,3633.116,0.0,0.177,0.0,200868.0,0.3,0.062,-0.155,0.775,0.646,0.0,-0.027,460.0,0.207,1.0,1.0,1.327,4.0,3.993,6.0,0.471,0.179,21357.0,0.194,0.401,1.0,2860.0,1.0,0.999,1.0,0.001,0.08,0.401,0.6
1165,113.0,375.0,3634.226,1.0,0.177,0.52,204827.0,0.29,0.062,-0.185,0.775,0.617,0.0,0.254,461.0,0.189,1.0,0.0,1.327,4.0,3.993,25.0,0.473,-0.012,21613.0,0.262,0.365,1.0,2872.0,1.0,0.999,1.0,0.001,0.081,0.365,0.61
1170,128.0,652.0,3887.432,1.0,0.177,1.578,206373.0,0.28,0.053,-0.174,0.77,0.616,0.0,-0.008,464.0,0.384,1.0,0.0,1.43,3.0,3.993,33.0,0.473,-0.121,21713.0,0.221,0.422,1.0,2887.0,1.0,0.999,1.0,0.001,0.082,0.422,0.6
1175,3.0,37.0,3633.132,0.0,0.177,0.0,206661.0,0.25,0.057,-0.18,0.755,0.617,0.0,0.006,465.0,0.461,1.0,0.0,1.43,4.0,3.993,7.0,0.473,0.019,21713.0,0.221,0.366,1.0,2895.0,1.0,0.999,1.0,0.001,0.083,0.366,0.6
1180,73.0,33.0,3740.774,1.0,0.177,0.162,206935.0,0.27,0.053,-0.15,0.745,0.589,0.0,-0.012,466.0,0.181,1.0,0.0,0.404,4.0,3.993,7.0,0.473,0.14,21826.0,0.439,0.458,1.0,2911.0,1.0,0.999,1.0,0.001,0.084,0.458,0.59
1185,87.0,38.0,3633.085,1.0,0.177,2.125,207620.0,0.29,0.058,-0.116,0.755,0.653,0.0,0.002,468.0,0.106,1.0,1.0,0.404,4.0,3.993,8.0,0.473,0.194,21913.0,0.414,0.442,1.0,2923.0,1.0,0.999,1.0,0.001,0.084,0.442,0.59
1190,82.0,21.0,3632.945,1.0,0.177,0.523,207819.0,0.29,0.05,-0.118,0.72,0.658,0.0,0.055,470.0,0.078,1.0,0.0,0.494,4.0,3.993,5.0,0.473,0.11,21913.0,0.414,0.738,1.0,2939.0,1.0,0.999,1.0,0.001,0.084,0.738,0.6
1195,128.0,23.0,3740.766,1.0,0.177,0.445,208100.0,0.28,0.051,-0.121,0.7,0.658,0.0,-0.003,471.0,0.076,1.0,0.0,0.494,4.0,3.993,6.0,0.473,0.119,22135.0,0.316,0.561,1.0,2947.0,1.0,0.999,1.0,0.001,0.085,0.561,0.61
1200,90.0,50.0,3740.754,1.0,0.177,0.395,208702.0,0.27,0.052,-0.115,0.72,0.652,0.0,-0.0,474.0,0.107,1.0,0.0,0.788,4.0,3.993,8.0,0.473,0.086,22198.0,0.341,0.503,1.0,2963.0,1.0,0.999,1.0,0.001,0.085,0.503,0.62
1205,52.0,47.0,3812.704,1.0,0.033,0.465,208896.0,0.26,0.054,-0.045,0.73,0.316,0.0,0.0,478.0,0.092,1.0,0.0,0.4,4.0,3.993,8.0,0.468,1.288,22255.0,0.162,0.495,1.0,2979.0,1.0,0.999,1.0,0.001,0.086,0.495,0.62
1210,63.0,70.0,3633.179,1.0,0.033,0.43,209948.0,0.27,0.052,-0.049,0.735,0.323,0.0,0.008,479.0,0.034,1.0,0.0,0.4,4.0,3.993,10.0,0.468,0.115,22368.0,0.217,0.534,1.0,2990.0,1.0,0.999,1.0,0.001,0.087,0.534,0.6
1215,56.0,14.0,3740.575,1.0,0.033,0.82,210218.0,0.28,0.051,-0.043,0.74,0.315,0.0,-0.003,481.0,0.123,1.0,0.0,0.565,4.0,3.993,5.0,0.468,-0.063,22368.0,0.217,0.699,1.0,3010.0,1.0,0.999,1.0,0.001,0.087,0.699,0.6
1220,7.0,324.0,3742.692,1.0,0.033,0.0,211162.0,0.27,0.051,-0.048,0.76,0.316,0.0,0.001,484.0,0.284,1.0,0.0,0.565,4.0,3.993,23.0,0.468,-0.137,22495.0,0.231,0.561,1.0,3026.0,1.0,0.999,1.0,0.001,0.089,0.561,0.61
1225,107.0,23.0,3633.07,1.0,0.033,0.0,212687.0,0.28,0.046,-0.051,0.75,0.322,0.0,-0.018,485.0,0.391,1.0,1.0,0.565,4.0,3.993,6.0,0.465,-0.007,22607.0,0.137,0.664,1.0,3032.0,1.0,0.999,1.0,0.001,0.091,0.664,0.6
1230,1.0,27.0,3633.038,0.0,0.033,0.75,212982.0,0.29,0.052,-0.019,0.745,0.465,0.0,-0.018,485.0,0.226,1.0,0.0,0.565,4.0,3.993,5.0,0.465,0.092,22700.0,0.14,0.495,1.0,3036.0,1.0,0.999,1.0,0.001,0.09,0.495,0.59
1235,15.0,93.0,3633.195,1.0,0.033,0.0,214076.0,0.29,0.053,-0.091,0.75,0.463,0.0,0.001,487.0,0.146,1.0,0.0,0.565,4.0,3.993,12.0,0.465,0.134,22700.0,0.14,0.493,1.0,3047.0,1.0,0.999,1.0,0.001,0.091,0.493,0.58
1240,2.0,43.0,3633.116,0.0,0.033,0.0,215289.0,0.28,0.049,-0.101,0.78,0.487,0.0,0.001,487.0,0.32,1.0,0.0,0.565,4.0,3.993,7.0,0.465,0.186,22828.0,0.177,0.493,1.0,3053.0,1.0,0.999,1.0,0.001,0.092,0.493,0.57
1245,128.0,2265.0,3712.322,1.0,0.033,0.539,217837.0,0.28,0.055,-0.103,0.795,0.486,0.0,-0.005,490.0,0.014,1.0,0.0,0.565,2.0,3.993,67.0,0.465,52.616,22910.0,0.207,0.5,1.0,3067.0,1.0,0.999,1.0,0.001,0.092,0.5,0.57
1250,128.0,52.0,3633.116,1.0,0.033,3.219,218306.0,0.29,0.056,-0.067,0.77,0.518,0.0,-0.005,490.0,0.184,1.0,1.0,0.404,4.0,3.993,9.0,0.465,-0.055,23166.0,0.287,0.511,1.0,3075.0,1.0,0.999,1.0,0.001,0.093,0.511,0.56
1255,113.0,59.0,3633.07,1.0,0.033,0.398,220460.0,0.3,0.053,-0.064,0.77,0.518,0.0,0.008,493.0,0.311,1.0,0.0,0.404,4.0,3.993,10.0,0.465,1.0,23207.0,0.305,0.511,1.0,3089.0,1.0,0.999,1.0,0.001,0.094,0.511,0.58
1260,128.0,34.0,3740.745,1.0,0.033,0.235,220815.0,0.3,0.042,-0.06,0.78,0.517,0.0,0.002,495.0,0.481,1.0,0.0,0.404,4.0,3.993,7.0,0.465,0.088,23491.0,0.222,0.672,1.0,3097.0,1.0,0.999,1.0,0.001,0.094,0.672,0.58
1265,128.0,67.0,3740.869,1.0,0.033,0.547,221277.0,0.31,0.041,-0.048,0.77,0.511,0.0,0.0,499.0,0.266,1.0,0.0,0.365,4.0,3.993,10.0,0.465,-0.055,23619.0,0.306,0.474,1.0,3113.0,1.0,0.999,1.0,0.001,0.096,0.474,0.6
1270,87.0,39.0,3633.07,1.0,0.033,1.391,222110.0,0.32,0.051,-0.066,0.81,0.517,0.0,0.059,502.0,0.164,1.0,0.0,0.365,4.0,3.993,8.0,0.465,0.143,23628.0,0.188,0.546,1.0,3129.0,1.0,0.999,1.0,0.001,0.097,0.546,0.59
1275,9.0,56.0,3633.07,1.0,0.033,0.43,223285.0,0.32,0.045,-0.053,0.81,0.511,0.0,0.003,505.0,0.55,1.0,1.0,1.049,4.0,3.993,9.0,0.465,0.162,23637.0,0.212,0.596,1.0,3144.0,1.0,0.999,1.0,0.001,0.097,0.596,0.59
1280,1.0,13.0,3633.038,0.0,0.033,0.135,223850.0,0.31,0.058,-0.203,0.86,0.8,0.0,-0.009,508.0,0.668,1.0,1.0,1.049,4.0,3.994,4.0,0.465,0.097,23766.0,0.151,0.426,1.0,3156.0,1.0,0.999,1.0,0.001,0.1,0.426,0.62
1285,128.0,635.0,3635.054,1.0,0.033,0.135,226623.0,0.3,0.052,-0.171,0.865,0.775,0.0,-0.009,508.0,0.668,1.0,1.0,1.049,3.0,3.994,33.0,0.46,0.135,24303.0,0.28,0.449,1.0,3156.0,1.0,0.999,1.0,0.001,0.1,0.449,0.62
1290,5.0,53.0,3740.747,1.0,0.033,0.0,227952.0,0.3,0.05,-0.151,0.87,0.752,0.0,0.006,511.0,0.132,1.0,0.0,0.815,4.0,3.994,9.0,0.46,0.139,24303.0,0.28,0.258,1.0,3174.0,1.0,0.999,1.0,0.001,0.101,0.258,0.61
1295,128.0,42.0,3740.808,1.0,0.033,0.254,228159.0,0.31,0.053,-0.125,0.855,0.75,0.0,-0.006,512.0,0.449,1.0,0.0,0.815,4.0,3.994,7.0,0.46,0.462,24365.0,0.382,0.382,1.0,3186.0,1.0,0.999,1.0,0.001,0.1,0.382,0.59
1300,128.0,51.0,3740.7,1.0,0.033,0.871,228363.0,0.31,0.054,-0.15,0.84,0.772,0.0,0.003,514.0,0.499,1.0,0.0,0.563,4.0,3.994,8.0,0.46,0.092,24365.0,0.382,0.492,1.0,3202.0,1.0,0.999,1.0,0.001,0.1,0.492,0.6
1305,2.0,11.0,3633.023,0.0,0.055,0.812,229520.0,0.31,0.058,-0.192,0.835,0.757,0.0,0.006,515.0,0.017,1.0,0.0,0.563,4.0,3.994,4.0,0.461,-0.25,24433.0,0.392,0.161,1.0,3208.0,1.0,0.999,1.0,0.001,0.1,0.161,0.6
1310,128.0,1496.0,3710.029,1.0,0.055,0.82,231791.0,0.29,0.065,-0.193,0.815,0.757,0.0,0.008,519.0,0.104,1.0,1.0,1.097,2.0,3.994,58.0,0.461,-0.77,24561.0,0.357,0.258,1.0,3224.0,1.0,0.999,1.0,0.001,0.101,0.258,0.62
1315,128.0,1100.0,3708.403,1.0,0.055,1.047,233333.0,0.29,0.074,-0.243,0.79,0.832,0.0,0.008,519.0,0.332,1.0,0.0,0.499,2.0,3.994,50.0,0.461,56.405,24561.0,0.357,0.294,1.0,3238.0,1.0,0.999,1.0,0.001,0.1,0.294,0.59
1320,128.0,70.0,3633.116,1.0,0.055,0.0,233700.0,0.3,0.073,-0.236,0.805,0.83,0.0,-0.019,521.0,0.379,1.0,1.0,0.499,4.0,3.994,10.0,0.461,8.144,24882.0,0.462,0.534,1.0,3246.0,1.0,0.999,1.0,0.001,0.1,0.534,0.6
1325,2.0,16.0,3633.007,0.0,0.055,6.5,234687.0,0.31,0.072,-0.16,0.78,0.981,0.0,0.004,522.0,0.029,1.0,0.0,0.499,4.0,3.994,4.0,0.461,0.099,25164.0,0.331,0.265,1.0,3249.0,1.0,0.999,1.0,0.001,0.1,0.265,0.61
1330,10.0,76.0,3740.785,1.0,0.055,0.013,237950.0,0.3,0.062,-0.146,0.755,0.987,0.0,-0.002,524.0,0.028,1.0,0.0,0.499,4.0,3.994,11.0,0.461,7.979,25164.0,0.331,0.265,1.0,3261.0,1.0,0.999,1.0,0.001,0.101,0.265,0.61
1335,30.0,12.0,3814.059,1.0,0.055,0.668,238566.0,0.3,0.055,-0.065,0.735,0.715,0.0,0.003,526.0,0.335,1.0,0.0,0.406,4.0,3.994,4.0,0.461,-0.067,25303.0,0.316,0.464,1.0,3273.0,1.0,0.999,1.0,0.001,0.101,0.464,0.61
1340,4.0,20.0,3632.945,1.0,0.055,0.099,238771.0,0.28,0.053,-0.072,0.72,0.725,0.0,-0.0,528.0,0.106,1.0,1.0,0.406,4.0,3.994,5.0,0.461,1.313,25424.0,0.247,0.334,1.0,3285.0,1.0,0.999,1.0,0.001,0.101,0.334,0.62
1345,128.0,732.0,3743.636,1.0,0.055,0.824,240157.0,0.27,0.048,-0.08,0.735,0.709,0.0,0.014,529.0,0.369,1.0,0.0,0.406,3.0,3.994,39.0,0.461,53.927,25552.0,0.395,0.221,1.0,3300.0,1.0,0.999,1.0,0.001,0.103,0.221,0.61
1350,9.0,14.0,3814.895,1.0,0.055,0.418,240712.0,0.24,0.047,-0.059,0.755,0.685,0.0,-0.007,531.0,0.107,1.0,0.0,0.32,4.0,3.994,5.0,0.461,-0.019,25684.0,0.284,0.584,1.0,3312.0,1.0,0.999,1.0,0.001,0.104,0.584,0.61
1355,8.0,54.0,3633.054,1.0,0.055,1.141,240992.0,0.25,0.044,-0.045,0.765,0.693,0.0,0.007,533.0,0.219,1.0,0.0,0.32,4.0,3.994,9.0,0.461,0.026,25766.0,0.28,0.39,1.0,3328.0,1.0,0.999,1.0,0.001,0.105,0.39,0.62
1360,2.0,211.0,3633.663,0.0,0.055,0.812,241275.0,0.26,0.045,-0.069,0.775,0.714,0.0,0.024,534.0,0.082,1.0,0.0,0.32,4.0,3.994,19.0,0.461,50.952,25829.0,0.11,0.403,1.0,3336.0,1.0,0.999,1.0,0.001,0.105,0.403,0.61
1365,2.0,24.0,3633.007,0.0,0.055,0.062,243030.0,0.27,0.048,-0.039,0.785,0.627,0.0,0.004,537.0,0.115,1.0,0.0,0.32,4.0,3.994,6.0,0.461,0.64,25957.0,0.178,0.588,1.0,3346.0,1.0,0.999,1.0,0.001,0.105,0.588,0.61
1370,2.0,21.0,3633.007,0.0,0.055,0.062,244666.0,0.27,0.055,-0.095,0.78,0.745,0.0,0.004,537.0,0.559,1.0,0.0,0.569,4.0,3.994,5.0,0.461,0.883,26085.0,0.353,0.618,1.0,3356.0,1.0,0.999,1.0,0.001,0.106,0.618,0.59
1375,128.0,1013.0,3817.557,1.0,0.055,0.891,247256.0,0.28,0.053,-0.091,0.775,0.748,0.0,0.004,540.0,0.036,1.0,0.0,0.569,2.0,3.994,46.0,0.461,50.726,26085.0,0.353,0.577,1.0,3372.0,1.0,0.999,1.0,0.001,0.105,0.577,0.6
1380,128.0,115.0,3740.921,1.0,0.055,0.906,248663.0,0.26,0.052,-0.175,0.825,0.534,0.0,0.007,542.0,0.065,1.0,0.0,0.569,4.0,3.994,14.0,0.461,31.417,26188.0,0.363,0.488,1.0,3388.0,1.0,0.999,1.0,0.001,0.105,0.488,0.6
1385,2.0,15.0,3632.991,0.0,0.055,0.0,249264.0,0.27,0.051,-0.194,0.835,0.556,0.0,0.007,542.0,0.112,1.0,0.0,0.569,4.0,3.994,5.0,0.462,0.91,26269.0,0.398,0.493,1.0,3396.0,1.0,0.999,1.0,0.001,0.105,0.493,0.58
1390,62.0,53.0,3740.756,1.0,0.055,0.191,249878.0,0.27,0.051,-0.226,0.865,0.592,0.0,0.005,543.0,0.269,1.0,0.0,0.569,4.0,3.994,9.0,0.462,2.24,26444.0,0.547,0.501,1.0,3404.0,1.0,0.999,1.0,0.001,0.104,0.501,0.58
1395,128.0,39.0,3740.823,1.0,0.055,0.221,249981.0,0.26,0.056,-0.242,0.84,0.615,0.0,0.012,545.0,0.413,1.0,0.0,0.569,4.0,3.994,8.0,0.462,1.437,26473.0,0.53,0.531,1.0,3412.0,1.0,0.999,1.0,0.001,0.104,0.531,0.59
1400,128.0,31.0,3740.666,1.0,0.055,0.088,251594.0,0.26,0.056,-0.238,0.855,0.613,0.0,-0.005,548.0,0.34,1.0,0.0,0.316,4.0,3.994,6.0,0.462,0.661,26473.0,0.53,0.73,1.0,3430.0,1.0,0.999,1.0,0.001,0.104,0.73,0.6
1405,37.0,15.0,3632.991,1.0,0.211,0.758,251801.0,0.26,0.058,-0.259,0.855,0.664,0.0,0.01,549.0,0.042,1.0,0.0,0.316,4.0,3.994,1.0,0.46,0.212,26612.0,0.56,0.703,1.0,3438.0,1.0,0.999,1.0,0.001,0.104,0.703,0.59
1410,7.0,57.0,3812.793,1.0,0.211,1.547,252214.0,0.28,0.067,-0.311,0.86,0.787,0.0,0.023,551.0,1.829,1.0,0.0,0.276,4.0,3.994,3.0,0.46,0.05,26618.0,0.557,0.403,1.0,3446.0,1.0,0.999,1.0,0.001,0.104,0.403,0.61
1415,66.0,39.0,3812.768,1.0,0.211,0.352,252431.0,0.27,0.06,-0.254,0.84,0.759,0.0,-0.002,554.0,0.162,1.0,0.0,0.33,4.0,3.994,2.0,0.46,1.24,26721.0,0.491,0.531,1.0,3458.0,1.0,0.999,1.0,0.001,0.104,0.531,0.62
1420,2.0,19.0,3632.945,0.0,0.211,0.781,252608.0,0.28,0.059,-0.254,0.84,0.759,0.0,-0.168,556.0,0.171,1.0,1.0,0.378,4.0,3.994,1.0,0.46,0.095,26725.0,0.486,0.38,1.0,3470.0,1.0,0.999,1.0,0.001,0.104,0.38,0.62
1425,1.0,12.0,3632.976,0.0,0.211,0.0,252793.0,0.27,0.059,-0.268,0.835,0.907,0.0,-0.001,557.0,0.153,1.0,0.0,0.432,4.0,3.994,1.0,0.46,0.056,26728.0,0.48,0.454,1.0,3478.0,1.0,0.999,1.0,0.001,0.103,0.454,0.61
1430,75.0,63.0,3634.46,1.0,0.211,1.594,252948.0,0.3,0.06,-0.273,0.795,0.909,0.0,-0.099,558.0,0.055,1.0,1.0,0.348,4.0,3.994,3.0,0.46,3.609,26803.0,0.418,0.847,1.0,3490.0,1.0,0.999,1.0,0.001,0.103,0.847,0.59
1435,12.0,92.0,3633.257,1.0,0.211,0.0,253776.0,0.28,0.056,-0.245,0.77,0.914,0.0,0.001,559.0,0.17,1.0,1.0,0.348,4.0,3.994,4.0,0.46,0.363,26815.0,0.378,0.396,1.0,3497.0,1.0,0.999,1.0,0.001,0.103,0.396,0.58
1440,15.0,152.0,3741.123,1.0,0.211,0.309,254325.0,0.29,0.061,-0.202,0.775,0.871,0.0,-0.001,563.0,0.339,1.0,0.0,0.539,4.0,3.994,7.0,0.46,50.73,26874.0,0.274,0.461,1.0,3513.0,1.0,0.999,1.0,0.001,0.103,0.461,0.6
1445,8.0,61.0,3740.773,1.0,0.211,0.0,254593.0,0.3,0.053,-0.171,0.77,0.848,0.0,0.017,568.0,0.202,1.0,0.0,0.419,4.0,3.994,3.0,0.46,4.091,26874.0,0.274,0.407,1.0,3533.0,1.0,0.999,1.0,0.001,0.102,0.407,0.6
1450,4.0,41.0,3633.085,1.0,0.211,0.0,254723.0,0.33,0.068,-0.172,0.76,0.859,0.0,-0.0,569.0,0.248,1.0,0.0,0.404,4.0,3.994,2.0,0.46,1.031,26877.0,0.204,0.395,1.0,3549.0,1.0,0.999,1.0,0.001,0.102,0.395,0.59
1455,128.0,1096.0,3636.632,1.0,0.211,0.149,255922.0,0.32,0.072,-0.203,0.765,0.88,0.0,-0.0,569.0,0.17,1.0,1.0,0.404,2.0,3.994,34.0,0.46,51.154,27094.0,0.085,0.443,1.0,3553.0,1.0,0.999,1.0,0.001,0.102,0.443,0.58
1460,73.0,31.0,3815.224,1.0,0.211,0.428,256203.0,0.31,0.067,-0.147,0.74,0.772,0.0,-0.009,570.0,0.236,1.0,0.0,0.902,4.0,3.994,2.0,0.46,0.785,27222.0,0.141,0.659,1.0,3569.0,1.0,0.999,1.0,0.001,0.101,0.659,0.58
1465,92.0,60.0,3633.148,1.0,0.211,0.167,257429.0,0.32,0.064,-0.162,0.725,0.757,0.0,-0.016,572.0,0.196,1.0,0.0,0.129,4.0,3.994,3.0,0.458,-0.062,27350.0,0.189,0.676,1.0,3583.0,1.0,0.999,1.0,0.001,0.102,0.676,0.57
1470,128.0,120.0,3741.082,1.0,0.211,0.309,257724.0,0.33,0.068,-0.081,0.735,0.978,0.0,0.005,574.0,0.176,1.0,0.0,0.733,4.0,3.994,5.0,0.458,8.481,27350.0,0.189,0.605,1.0,3599.0,1.0,0.999,1.0,0.001,0.102,0.605,0.56
1475,69.0,46.0,3633.101,1.0,0.211,0.809,258194.0,0.33,0.063,-0.091,0.725,0.994,0.0,-0.141,575.0,0.338,1.0,1.0,0.733,4.0,3.994,3.0,0.458,0.473,27419.0,0.269,0.718,1.0,3611.0,1.0,0.999,1.0,0.001,0.102,0.718,0.56
1480,128.0,574.0,3634.851,1.0,0.211,0.34,258938.0,0.35,0.064,-0.042,0.735,0.768,0.0,0.001,576.0,0.017,1.0,0.0,0.733,3.0,3.994,20.0,0.458,53.092,27547.0,0.286,0.622,1.0,3618.0,1.0,0.999,1.0,0.001,0.102,0.622,0.57
1485,112.0,55.0,3740.713,1.0,0.211,0.512,259109.0,0.33,0.06,-0.049,0.74,0.756,0.0,0.006,579.0,0.11,1.0,0.0,0.33,4.0,3.994,3.0,0.458,1.337,27547.0,0.286,0.543,1.0,3638.0,1.0,0.999,1.0,0.001,0.102,0.543,0.56
1490,128.0,1076.0,3816.901,1.0,0.211,1.25,260262.0,0.31,0.048,-0.046,0.745,0.756,0.0,-0.003,580.0,0.007,1.0,0.0,1.152,2.0,3.994,34.0,0.458,54.916,27561.0,0.235,0.66,1.0,3652.0,1.0,0.999,1.0,0.001,0.102,0.66,0.55
1495,62.0,115.0,3633.335,1.0,0.211,0.0,260587.0,0.32,0.05,-0.052,0.765,0.757,0.0,0.031,583.0,0.289,1.0,1.0,1.152,4.0,3.994,5.0,0.458,18.262,27625.0,0.303,0.535,1.0,3664.0,1.0,0.999,1.0,0.001,0.102,0.535,0.56
1500,82.0,40.0,3633.085,1.0,0.211,0.91,261740.0,0.33,0.048,-0.058,0.765,0.746,0.0,0.031,583.0,0.089,1.0,1.0,1.152,4.0,3.994,2.0,0.458,1.038,27843.0,0.533,0.541,1.0,3671.0,1.0,0.999,1.0,0.001,0.101,0.541,0.55
1505,67.0,25.0,3633.101,1.0,0.0,0.598,261941.0,0.34,0.043,-0.003,0.735,0.659,0.0,0.031,583.0,0.48,1.0,0.0,0.409,4.0,3.994,1.0,0.458,0.36,27922.0,0.461,0.538,1.0,3679.0,1.0,0.999,1.0,0.001,0.101,0.538,0.55
1510,128.0,1063.0,3636.523,1.0,0.0,0.0,263163.0,0.32,0.042,-0.005,0.76,0.659,0.0,0.031,583.0,0.48,1.0,1.0,0.409,2.0,3.994,32.0,0.458,52.115,28299.0,0.375,0.476,1.0,3679.0,1.0,0.999,1.0,0.001,0.101,0.476,0.55
1515,7.0,52.0,3633.116,1.0,0.0,5.5,263777.0,0.32,0.047,0.023,0.755,0.707,0.0,0.069,584.0,0.082,1.0,1.0,0.409,4.0,3.995,3.0,0.458,0.083,28470.0,0.257,0.449,1.0,3683.0,1.0,0.999,1.0,0.001,0.102,0.449,0.55
1520,128.0,381.0,3742.127,1.0,0.0,0.867,264813.0,0.3,0.047,-0.121,0.76,0.561,0.0,-0.001,586.0,0.206,1.0,0.0,1.135,4.0,3.995,14.0,0.458,-0.026,28470.0,0.257,0.498,1.0,3699.0,1.0,0.999,1.0,0.001,0.102,0.498,0.55
1525,74.0,31.0,3633.085,1.0,0.0,1.68,264952.0,0.32,0.046,-0.128,0.745,0.776,0.0,0.001,587.0,0.359,1.0,1.0,1.135,4.0,3.995,2.0,0.457,0.442,28544.0,0.291,0.647,1.0,3707.0,1.0,0.999,1.0,0.001,0.102,0.647,0.54
1530,70.0,13.0,3632.913,1.0,0.0,1.266,265093.0,0.3,0.048,-0.15,0.73,0.791,0.0,0.075,588.0,0.17,1.0,0.0,0.95,4.0,3.995,1.0,0.457,0.065,28549.0,0.283,0.612,1.0,3723.0,1.0,0.999,1.0,0.001,0.102,0.612,0.53
1535,128.0,56.0,3633.132,1.0,0.0,0.363,265312.0,0.33,0.049,-0.158,0.735,0.793,0.0,-0.0,589.0,0.201,1.0,0.0,0.95,4.0,3.995,3.0,0.457,0.285,28549.0,0.283,0.789,1.0,3735.0,1.0,0.999,1.0,0.001,0.102,0.789,0.52
1540,8.0,47.0,3633.116,1.0,0.0,0.0,265580.0,0.32,0.06,-0.173,0.735,0.799,0.0,-0.055,591.0,0.274,1.0,0.0,0.54,4.0,3.995,2.0,0.457,0.25,28549.0,0.283,0.519,1.0,3755.0,1.0,0.999,1.0,0.001,0.101,0.519,0.53
1545,3.0,16.0,3632.929,0.0,0.0,0.59,265844.0,0.33,0.062,-0.193,0.74,0.811,0.0,0.022,592.0,0.388,1.0,1.0,0.54,4.0,3.995,1.0,0.462,-0.027,28552.0,0.275,0.507,1.0,3771.0,1.0,0.999,1.0,0.001,0.103,0.507,0.52
1550,67.0,64.0,3740.882,1.0,0.0,0.523,266020.0,0.32,0.061,-0.164,0.72,0.882,0.0,0.01,595.0,0.438,1.0,0.0,1.161,4.0,3.995,3.0,0.462,0.403,28554.0,0.23,0.574,1.0,3787.0,1.0,0.999,1.0,0.001,0.103,0.574,0.53
1555,62.0,501.0,3742.59,1.0,0.0,0.326,266672.0,0.31,0.057,-0.16,0.74,0.882,0.0,0.001,596.0,0.103,1.0,0.0,0.709,4.0,3.995,17.0,0.462,4.415,28650.0,0.122,0.548,1.0,3803.0,1.0,0.999,1.0,0.001,0.103,0.548,0.51
1560,73.0,10.0,3633.132,1.0,0.0,1.68,267601.0,0.33,0.062,-0.167,0.745,0.884,0.0,0.004,599.0,0.226,1.0,1.0,0.709,4.0,3.995,1.0,0.462,0.04,28723.0,0.111,0.568,1.0,3818.0,1.0,0.999,1.0,0.001,0.103,0.568,0.52
1565,1.0,20.0,3633.007,0.0,0.0,0.625,268356.0,0.32,0.068,-0.29,0.775,0.945,0.0,0.004,599.0,0.607,1.0,0.0,0.709,4.0,3.995,1.0,0.459,0.016,28852.0,0.195,0.547,1.0,3821.0,1.0,0.999,1.0,0.001,0.103,0.547,0.51
1570,128.0,72.0,3633.179,1.0,0.0,1.211,268491.0,0.32,0.073,-0.333,0.795,1.003,0.0,0.004,599.0,0.308,1.0,1.0,0.709,4.0,3.995,4.0,0.459,0.024,28981.0,0.285,0.628,1.0,3825.0,1.0,0.999,1.0,0.001,0.103,0.628,0.5
1575,79.0,39.0,3813.373,1.0,0.0,0.316,269222.0,0.32,0.081,-0.298,0.81,0.831,0.0,-0.017,603.0,0.198,1.0,0.0,0.46,4.0,3.995,2.0,0.459,0.36,29109.0,0.262,0.631,1.0,3841.0,1.0,0.999,1.0,0.001,0.102,0.631,0.51
1580,128.0,1216.0,3636.991,1.0,0.0,1.008,271690.0,0.31,0.073,-0.265,0.815,0.815,0.0,-0.017,603.0,0.006,1.0,1.0,1.63,2.0,3.995,36.0,0.459,52.115,29253.0,0.22,0.618,1.0,3847.0,1.0,0.999,1.0,0.001,0.103,0.618,0.49
1585,124.0,1334.0,3637.46,1.0,0.0,1.781,273163.0,0.31,0.079,-0.304,0.84,0.845,0.0,-0.017,603.0,0.038,1.0,0.0,1.63,2.0,3.995,38.0,0.459,-5.926,29253.0,0.22,0.554,1.0,3861.0,1.0,0.999,1.0,0.001,0.103,0.554,0.47
1590,8.0,491.0,3634.662,1.0,0.0,0.328,274294.0,0.32,0.082,-0.296,0.825,0.844,0.0,-0.008,605.0,0.067,1.0,0.0,1.63,4.0,3.995,17.0,0.459,0.07,29253.0,0.22,0.51,1.0,3877.0,1.0,0.999,1.0,0.001,0.104,0.51,0.47
1595,128.0,43.0,3740.733,1.0,0.0,0.637,275934.0,0.32,0.063,-0.287,0.78,0.847,0.0,0.01,606.0,0.171,1.0,0.0,0.584,4.0,3.995,2.0,0.459,6.702,29381.0,0.229,0.751,1.0,3887.0,1.0,0.999,1.0,0.001,0.105,0.751,0.46
1600,128.0,35.0,3633.132,1.0,0.0,0.84,276186.0,0.31,0.059,-0.314,0.785,0.815,0.0,0.01,606.0,0.212,1.0,0.0,0.776,4.0,3.995,2.0,0.459,0.332,29381.0,0.229,0.707,1.0,3903.0,1.0,0.999,1.0,0.001,0.105,0.707,0.42
1605,2.0,12.0,3632.913,0.0,0.002,0.0,276323.0,0.31,0.071,-0.318,0.81,0.814,0.0,-0.008,608.0,0.145,1.0,0.0,0.776,4.0,3.995,4.0,0.458,-0.003,29427.0,0.243,0.533,1.0,3915.0,1.0,0.999,1.0,0.001,0.107,0.533,0.41
1610,2.0,9.0,3632.898,0.0,0.002,2.625,276454.0,0.34,0.076,-0.315,0.795,0.828,0.0,-0.008,608.0,0.305,1.0,0.0,0.776,4.0,3.995,3.0,0.458,0.051,29500.0,0.187,0.53,1.0,3919.0,1.0,0.999,1.0,0.001,0.107,0.53,0.4
1615,128.0,51.0,3740.765,1.0,0.002,0.801,278009.0,0.33,0.072,-0.313,0.785,0.828,0.0,-0.008,608.0,0.169,1.0,0.0,0.901,4.0,3.995,8.0,0.458,0.036,29691.0,0.246,0.694,1.0,3931.0,1.0,0.999,1.0,0.001,0.109,0.694,0.39
1620,89.0,95.0,3740.903,1.0,0.002,0.836,279360.0,0.32,0.066,-0.193,0.79,0.618,0.0,-0.001,610.0,0.103,1.0,0.0,0.901,4.0,3.995,11.0,0.458,0.632,29691.0,0.246,0.578,1.0,3949.0,1.0,0.999,1.0,0.001,0.109,0.578,0.41
1625,84.0,12.0,3744.215,1.0,0.002,0.793,280073.0,0.3,0.055,-0.133,0.8,0.462,0.0,-0.054,613.0,0.386,1.0,0.0,0.569,4.0,3.995,4.0,0.456,0.003,29691.0,0.246,0.716,1.0,3969.0,1.0,0.999,1.0,0.001,0.109,0.716,0.41
1630,91.0,60.0,3740.731,1.0,0.002,0.089,281080.0,0.3,0.052,-0.162,0.815,0.501,0.0,-0.0,614.0,0.078,1.0,0.0,0.569,4.0,3.995,9.0,0.456,0.015,29691.0,0.246,0.58,1.0,3980.0,1.0,0.999,1.0,0.001,0.11,0.58,0.41
1635,128.0,91.0,3633.288,1.0,0.002,0.138,282263.0,0.3,0.05,-0.125,0.82,0.435,0.0,-0.003,615.0,0.108,1.0,1.0,0.569,4.0,3.995,10.0,0.456,-0.002,29886.0,0.369,0.561,1.0,3991.0,1.0,0.999,1.0,0.001,0.111,0.561,0.4
1640,53.0,16.0,3814.711,1.0,0.002,0.344,282833.0,0.31,0.048,-0.158,0.8,0.539,0.0,0.001,618.0,0.175,1.0,0.0,0.614,4.0,3.995,5.0,0.456,0.017,29886.0,0.369,0.767,1.0,4007.0,1.0,0.999,1.0,0.001,0.111,0.767,0.42
1645,128.0,454.0,3634.429,1.0,0.002,0.676,284551.0,0.29,0.049,-0.151,0.79,0.54,0.0,0.001,620.0,0.017,1.0,0.0,0.359,4.0,3.995,23.0,0.454,-0.004,29886.0,0.369,0.514,1.0,4021.0,1.0,0.999,1.0,0.001,0.112,0.514,0.41
1650,113.0,13.0,3744.493,1.0,0.002,0.473,285654.0,0.27,0.044,-0.128,0.805,0.44,0.0,-0.002,622.0,0.339,1.0,0.0,0.685,4.0,3.995,4.0,0.454,-0.013,30014.0,0.387,0.815,1.0,4036.0,1.0,0.999,1.0,0.001,0.113,0.815,0.42
1655,37.0,30.0,3633.007,1.0,0.002,0.229,286315.0,0.28,0.046,-0.102,0.78,0.484,0.0,0.006,623.0,0.322,1.0,0.0,0.685,4.0,3.995,6.0,0.454,-0.003,30177.0,0.24,0.754,1.0,4044.0,1.0,0.999,1.0,0.001,0.114,0.754,0.41
1660,8.0,70.0,3740.757,1.0,0.002,0.0,287043.0,0.26,0.04,-0.13,0.745,0.614,0.0,0.01,624.0,0.084,1.0,0.0,0.427,4.0,3.995,9.0,0.454,-0.003,30177.0,0.24,0.514,1.0,4056.0,1.0,0.999,1.0,0.001,0.116,0.514,0.41
1665,7.0,46.0,3633.132,1.0,0.002,0.0,287266.0,0.25,0.034,-0.173,0.72,0.72,0.0,-0.004,625.0,0.066,1.0,0.0,0.394,4.0,3.995,8.0,0.454,0.012,30298.0,0.364,0.558,1.0,4068.0,1.0,0.999,1.0,0.001,0.115,0.558,0.41
1670,128.0,91.0,3633.179,1.0,0.002,0.096,287603.0,0.24,0.033,-0.165,0.705,0.72,0.0,-0.04,627.0,0.162,1.0,0.0,0.576,4.0,3.995,10.0,0.454,0.004,30300.0,0.367,0.565,1.0,4084.0,1.0,0.999,1.0,0.001,0.115,0.565,0.41
1675,128.0,24.0,3740.713,1.0,0.002,0.238,287826.0,0.27,0.032,-0.208,0.67,0.817,0.0,-0.0,629.0,0.244,1.0,0.0,1.214,4.0,3.995,6.0,0.454,-0.02,30300.0,0.367,0.657,1.0,4100.0,1.0,0.999,1.0,0.001,0.116,0.657,0.41
1680,125.0,43.0,3633.163,1.0,0.002,0.241,288015.0,0.29,0.035,-0.183,0.68,0.797,0.0,0.003,631.0,0.127,1.0,1.0,1.214,4.0,3.995,7.0,0.454,0.022,30553.0,0.352,0.601,1.0,4108.0,1.0,0.999,1.0,0.001,0.116,0.601,0.43
1685,24.0,591.0,3743.176,1.0,0.002,0.855,288758.0,0.3,0.037,-0.274,0.66,0.93,0.0,0.003,631.0,0.096,1.0,0.0,0.709,3.0,3.995,26.0,0.454,44.898,30720.0,0.195,0.705,1.0,4111.0,1.0,0.999,1.0,0.001,0.116,0.705,0.42
1690,2.0,15.0,3632.929,0.0,0.002,0.25,289555.0,0.32,0.037,-0.276,0.66,0.981,0.0,-0.023,633.0,0.106,1.0,1.0,1.203,4.0,3.995,5.0,0.454,0.001,30725.0,0.208,0.769,1.0,4122.0,1.0,0.999,1.0,0.001,0.118,0.769,0.44
1695,128.0,54.0,3633.116,1.0,0.002,0.165,290388.0,0.32,0.041,-0.258,0.71,0.939,0.0,-0.004,634.0,0.363,1.0,1.0,1.203,4.0,3.995,8.0,0.454,-0.003,30981.0,0.462,0.656,1.0,4134.0,1.0,0.999,1.0,0.001,0.12,0.656,0.43
1700,128.0,33.0,3740.678,1.0,0.002,2.906,291416.0,0.31,0.048,-0.263,0.725,0.938,0.0,0.056,637.0,0.164,1.0,0.0,8.578,4.0,3.995,7.0,0.454,0.03,31109.0,0.412,0.733,1.0,4150.0,1.0,0.999,1.0,0.001,0.12,0.733,0.45
1705,7.0,119.0,3741.045,1.0,0.004,0.375,292162.0,0.3,0.049,-0.312,0.74,0.917,0.0,-0.043,638.0,1.268,1.0,0.0,8.578,4.0,3.995,12.0,0.454,1.136,31371.0,0.146,0.444,1.0,4154.0,1.0,0.999,1.0,0.001,0.121,0.444,0.46
1710,128.0,561.0,3634.804,1.0,0.004,0.965,293478.0,0.29,0.054,-0.285,0.74,0.834,0.0,0.023,640.0,0.015,1.0,1.0,8.578,4.0,3.995,27.0,0.454,43.617,31510.0,0.164,0.431,1.0,4162.0,1.0,0.999,1.0,0.001,0.122,0.431,0.46
1715,23.0,1700.0,3638.681,1.0,0.004,1.5,295344.0,0.3,0.06,-0.274,0.785,0.778,0.0,0.004,641.0,0.281,1.0,0.0,8.578,2.0,3.995,47.0,0.454,-0.01,31696.0,0.237,0.569,1.0,4168.0,1.0,0.999,1.0,0.001,0.123,0.569,0.46
1720,2.0,58.0,3633.07,0.0,0.004,2.719,295561.0,0.33,0.067,-0.303,0.8,0.802,0.0,-0.073,643.0,0.071,1.0,0.0,0.425,4.0,3.995,8.0,0.454,0.01,31696.0,0.237,0.631,1.0,4180.0,1.0,0.999,1.0,0.001,0.123,0.631,0.48
1725,78.0,49.0,3633.07,1.0,0.004,3.344,296426.0,0.33,0.077,-0.351,0.835,0.882,0.0,-0.003,644.0,0.116,1.0,1.0,0.425,4.0,3.995,8.0,0.456,0.226,31930.0,0.259,0.488,1.0,4184.0,1.0,0.999,1.0,0.001,0.123,0.488,0.48
1730,113.0,57.0,3740.721,1.0,0.004,0.338,296717.0,0.33,0.072,-0.326,0.84,0.852,0.0,-0.003,648.0,0.866,1.0,0.0,0.425,4.0,3.995,8.0,0.456,-0.0,31930.0,0.259,0.519,1.0,4204.0,1.0,0.999,1.0,0.001,0.125,0.519,0.49
1735,3.0,12.0,3632.913,0.0,0.004,0.083,296863.0,0.31,0.064,-0.264,0.795,0.772,0.0,-0.032,651.0,0.572,1.0,0.0,2.27,4.0,3.995,4.0,0.456,0.054,31930.0,0.259,0.437,1.0,4220.0,1.0,0.999,1.0,0.001,0.126,0.437,0.49
1740,91.0,39.0,3740.839,1.0,0.004,0.508,297081.0,0.31,0.072,-0.286,0.825,0.751,0.0,-0.002,653.0,0.718,1.0,0.0,2.27,4.0,3.995,6.0,0.456,0.033,31944.0,0.278,0.509,1.0,4228.0,1.0,0.999,1.0,0.001,0.128,0.509,0.5
1745,8.0,47.0,3740.835,1.0,0.004,0.0,300042.0,0.31,0.069,-0.276,0.83,0.669,0.0,-0.0,655.0,0.13,1.0,0.0,0.694,4.0,3.995,8.0,0.457,-0.012,32055.0,0.129,0.461,1.0,4237.0,1.0,0.999,1.0,0.001,0.129,0.461,0.52
1750,128.0,584.0,3814.89,1.0,0.004,0.867,300854.0,0.33,0.064,-0.296,0.81,0.684,0.0,0.0,658.0,0.047,1.0,0.0,0.612,3.0,3.995,27.0,0.457,-0.014,32055.0,0.129,0.453,1.0,4256.0,1.0,0.999,1.0,0.001,0.13,0.453,0.53
1755,128.0,47.0,3633.441,1.0,0.004,0.594,302902.0,0.34,0.065,-0.334,0.825,0.709,0.0,0.001,660.0,0.028,1.0,0.0,0.351,4.0,3.995,8.0,0.457,0.02,32055.0,0.129,0.569,1.0,4274.0,1.0,0.999,1.0,0.001,0.13,0.569,0.54
1760,7.0,23.0,3632.96,1.0,0.004,0.083,303078.0,0.35,0.066,-0.293,0.825,0.714,0.0,-0.002,662.0,0.939,1.0,1.0,0.369,4.0,3.995,6.0,0.457,0.031,32062.0,0.141,0.571,1.0,4290.0,1.0,0.999,1.0,0.001,0.131,0.571,0.56
1765,3.0,9.0,3633.01,0.0,0.004,0.182,303610.0,0.35,0.067,-0.293,0.815,0.706,0.0,-0.002,662.0,0.111,1.0,1.0,0.878,4.0,3.995,3.0,0.459,0.057,32069.0,0.142,0.466,1.0,4302.0,1.0,0.999,1.0,0.001,0.131,0.466,0.54
1770,83.0,103.0,3740.936,1.0,0.004,0.758,303937.0,0.35,0.062,-0.26,0.795,0.685,0.0,0.001,665.0,0.021,1.0,0.0,1.085,4.0,3.995,11.0,0.459,0.003,32115.0,0.207,0.528,1.0,4314.0,1.0,0.999,1.0,0.001,0.132,0.528,0.57
1775,2.0,12.0,3632.976,0.0,0.004,1.062,305480.0,0.31,0.066,-0.253,0.805,0.65,0.0,-0.001,668.0,0.295,1.0,0.0,1.085,4.0,3.995,4.0,0.459,-0.07,32243.0,0.293,0.348,1.0,4326.0,1.0,0.999,1.0,0.001,0.134,0.348,0.59
1780,81.0,30.0,3633.054,1.0,0.004,0.314,305661.0,0.31,0.061,-0.249,0.78,0.605,0.0,0.004,669.0,0.305,1.0,0.0,1.085,4.0,3.995,6.0,0.459,-0.049,32276.0,0.344,0.494,1.0,4338.0,1.0,0.999,1.0,0.001,0.134,0.494,0.58
1785,1.0,107.0,3633.257,0.0,0.004,0.125,305919.0,0.3,0.062,-0.309,0.795,0.742,0.0,0.029,671.0,0.071,1.0,0.0,1.12,4.0,3.995,12.0,0.457,1.529,32276.0,0.344,0.399,1.0,4354.0,1.0,0.999,1.0,0.001,0.134,0.399,0.58
1790,11.0,95.0,3812.868,1.0,0.004,0.102,306226.0,0.3,0.064,-0.285,0.765,0.723,0.0,0.088,674.0,0.216,1.0,0.0,0.617,4.0,3.995,11.0,0.457,0.003,32404.0,0.369,0.351,1.0,4370.0,1.0,0.999,1.0,0.001,0.135,0.351,0.6
1795,128.0,63.0,3633.148,1.0,0.004,0.205,306505.0,0.3,0.062,-0.277,0.76,0.723,0.0,0.088,674.0,0.506,1.0,0.0,0.617,4.0,3.995,9.0,0.457,0.437,32404.0,0.369,0.462,1.0,4386.0,1.0,0.999,1.0,0.001,0.136,0.462,0.58
1800,128.0,88.0,3740.933,1.0,0.004,0.574,306701.0,0.31,0.062,-0.269,0.755,0.72,0.0,0.001,676.0,0.082,1.0,0.0,0.206,4.0,3.995,10.0,0.457,-0.017,32418.0,0.357,0.383,1.0,4398.0,1.0,0.999,1.0,0.001,0.137,0.383,0.57
1805,115.0,60.0,3633.163,1.0,0.083,0.0,308790.0,0.31,0.067,-0.233,0.755,0.693,0.0,0.001,676.0,0.082,1.0,1.0,0.206,4.0,3.995,9.0,0.456,18.973,32579.0,0.45,0.67,1.0,4398.0,1.0,0.999,1.0,0.001,0.136,0.67,0.57
1810,128.0,52.0,3740.697,1.0,0.083,0.322,308972.0,0.31,0.073,-0.27,0.77,0.694,0.0,-0.007,677.0,0.462,1.0,0.0,0.438,4.0,3.995,7.0,0.456,7.243,32581.0,0.437,0.429,1.0,4410.0,1.0,0.999,1.0,0.001,0.136,0.429,0.57
1815,128.0,251.0,3633.788,1.0,0.083,0.328,310445.0,0.3,0.078,-0.283,0.795,0.694,0.0,-0.007,677.0,0.086,1.0,1.0,0.438,4.0,3.995,18.0,0.456,-1.541,32965.0,0.223,0.463,1.0,4418.0,1.0,0.999,1.0,0.001,0.137,0.463,0.56
1820,128.0,79.0,3633.21,1.0,0.083,0.629,310600.0,0.31,0.086,-0.341,0.81,0.774,0.0,-0.016,679.0,0.051,1.0,0.0,0.438,4.0,3.995,10.0,0.456,-0.026,32965.0,0.223,0.651,1.0,4430.0,1.0,0.999,1.0,0.001,0.138,0.651,0.56
1825,58.0,42.0,3633.163,1.0,0.083,0.379,310807.0,0.31,0.082,-0.335,0.77,0.759,0.0,0.029,680.0,0.342,1.0,0.0,0.438,4.0,3.995,7.0,0.456,5.389,32981.0,0.231,0.659,1.0,4442.0,1.0,0.999,1.0,0.001,0.138,0.659,0.57
1830,44.0,27.0,3814.815,1.0,0.083,0.439,310971.0,0.3,0.082,-0.31,0.765,0.768,0.0,0.004,682.0,0.338,1.0,0.0,1.414,4.0,3.995,5.0,0.456,1.138,32983.0,0.236,0.662,1.0,4454.0,1.0,0.999,1.0,0.001,0.138,0.662,0.57
1835,2.0,11.0,3633.398,0.0,0.083,0.188,311143.0,0.32,0.083,-0.35,0.775,0.789,0.0,-0.006,683.0,0.044,1.0,0.0,1.414,4.0,3.995,4.0,0.456,-0.032,33111.0,0.315,0.586,1.0,4462.0,1.0,0.999,1.0,0.001,0.139,0.586,0.57
1840,128.0,45.0,3633.116,1.0,0.083,0.543,312149.0,0.32,0.076,-0.327,0.785,0.727,0.0,-0.002,684.0,0.057,1.0,1.0,1.414,4.0,3.995,8.0,0.456,8.084,33252.0,0.453,0.599,1.0,4465.0,1.0,0.999,1.0,0.001,0.139,0.599,0.57
1845,128.0,818.0,3707.761,1.0,0.083,0.138,313795.0,0.32,0.072,-0.304,0.785,0.706,0.0,-0.004,687.0,0.077,1.0,1.0,1.414,3.0,3.995,33.0,0.457,-0.318,33450.0,0.449,0.357,1.0,4477.0,1.0,0.999,1.0,0.001,0.14,0.357,0.6
1850,113.0,79.0,3814.206,1.0,0.083,0.449,314637.0,0.31,0.078,-0.299,0.8,0.708,0.0,-0.004,689.0,0.699,1.0,0.0,0.638,4.0,3.996,10.0,0.457,30.167,33450.0,0.449,0.432,1.0,4492.0,1.0,0.999,1.0,0.001,0.141,0.432,0.59
1855,3.0,12.0,3633.023,0.0,0.083,0.0,317028.0,0.3,0.061,-0.265,0.76,0.736,0.0,-0.003,690.0,0.207,1.0,1.0,0.638,4.0,3.996,4.0,0.457,0.5,33473.0,0.423,0.337,1.0,4497.0,1.0,0.999,1.0,0.001,0.141,0.337,0.59
1860,128.0,2148.0,3640.273,1.0,0.083,0.992,319350.0,0.29,0.05,-0.245,0.735,0.725,0.0,-0.007,691.0,0.439,1.0,0.0,0.407,2.0,3.996,55.0,0.457,63.978,33480.0,0.43,0.725,1.0,4511.0,1.0,0.999,1.0,0.001,0.142,0.725,0.58
1865,3.0,36.0,3633.132,0.0,0.083,0.0,319824.0,0.29,0.051,-0.248,0.73,0.723,0.0,-0.007,691.0,0.096,1.0,0.0,0.407,4.0,3.996,7.0,0.459,-0.029,33509.0,0.42,0.4,1.0,4519.0,1.0,0.999,1.0,0.001,0.143,0.4,0.57
1870,128.0,109.0,3740.886,1.0,0.083,1.391,320086.0,0.31,0.047,-0.263,0.705,0.759,0.0,-0.028,692.0,0.183,1.0,0.0,1.871,4.0,3.996,12.0,0.459,32.53,33509.0,0.42,0.423,1.0,4531.0,1.0,0.999,1.0,0.001,0.143,0.423,0.55
1875,7.0,50.0,3740.679,1.0,0.083,0.66,320732.0,0.32,0.042,-0.19,0.705,0.65,0.0,0.012,694.0,0.269,1.0,0.0,0.338,4.0,3.996,8.0,0.459,2.472,33509.0,0.42,0.392,1.0,4551.0,1.0,0.999,1.0,0.001,0.143,0.392,0.53
1880,1.0,14.0,3632.929,0.0,0.083,0.125,321084.0,0.3,0.049,-0.213,0.74,0.634,0.0,0.004,695.0,0.645,1.0,0.0,0.338,4.0,3.996,5.0,0.459,-0.031,33607.0,0.417,0.311,1.0,4559.0,1.0,0.999,1.0,0.001,0.144,0.311,0.54
1885,128.0,80.0,3813.05,1.0,0.083,0.336,322839.0,0.3,0.055,-0.171,0.735,0.554,0.0,-0.004,697.0,0.161,1.0,0.0,0.479,4.0,3.996,10.0,0.459,16.759,33742.0,0.382,0.407,1.0,4570.0,1.0,0.999,1.0,0.001,0.144,0.407,0.53
1890,100.0,55.0,3740.812,1.0,0.083,0.158,323075.0,0.29,0.061,-0.119,0.75,0.436,0.0,-0.012,699.0,0.133,1.0,0.0,0.479,4.0,3.996,8.0,0.459,4.31,33984.0,0.42,0.55,1.0,4578.0,1.0,0.999,1.0,0.001,0.144,0.55,0.54
1895,126.0,64.0,3740.792,1.0,0.083,0.25,323325.0,0.28,0.062,-0.156,0.75,0.533,0.0,-0.004,700.0,0.139,1.0,0.0,0.479,4.0,3.996,9.0,0.459,16.3,33984.0,0.42,0.589,1.0,4586.0,1.0,0.999,1.0,0.001,0.145,0.589,0.53
1900,6.0,71.0,3633.179,1.0,0.083,0.125,323581.0,0.29,0.057,-0.138,0.735,0.527,0.0,0.002,702.0,0.25,1.0,0.0,0.509,4.0,3.996,9.0,0.459,-0.031,33984.0,0.42,0.528,1.0,4602.0,1.0,0.999,1.0,0.001,0.147,0.528,0.52
1905,62.0,614.0,3635.323,1.0,0.017,0.281,324837.0,0.28,0.062,-0.184,0.74,0.618,0.0,0.002,702.0,0.093,1.0,0.0,1.212,3.0,3.996,25.0,0.459,50.511,33984.0,0.42,0.542,1.0,4617.0,1.0,0.999,1.0,0.001,0.146,0.542,0.48
1910,54.0,43.0,3740.774,1.0,0.017,0.216,325607.0,0.28,0.063,-0.225,0.785,0.598,0.0,0.002,703.0,0.081,1.0,0.0,1.212,4.0,3.996,3.0,0.459,0.322,34240.0,0.247,0.495,1.0,4625.0,1.0,0.999,1.0,0.001,0.147,0.495,0.48
1915,3.0,51.0,3633.153,0.0,0.017,0.0,326183.0,0.29,0.064,-0.241,0.795,0.622,0.0,0.004,705.0,0.015,1.0,0.0,1.212,4.0,3.996,4.0,0.459,-0.05,34248.0,0.228,0.377,1.0,4637.0,1.0,0.999,1.0,0.001,0.147,0.377,0.48
1920,99.0,32.0,3633.038,1.0,0.017,0.355,326610.0,0.27,0.062,-0.218,0.795,0.608,0.0,0.004,707.0,0.033,1.0,1.0,0.373,4.0,3.996,2.0,0.459,0.348,34348.0,0.207,0.58,1.0,4649.0,1.0,0.999,1.0,0.001,0.147,0.58,0.49
1925,2.0,11.0,3632.929,0.0,0.017,2.188,328786.0,0.28,0.065,-0.228,0.765,0.624,0.0,0.004,707.0,0.149,1.0,0.0,0.373,4.0,3.996,1.0,0.459,0.047,34481.0,0.132,0.427,1.0,4651.0,1.0,0.999,1.0,0.001,0.148,0.427,0.48
1930,2.0,19.0,3632.945,0.0,0.017,0.0,329021.0,0.28,0.065,-0.26,0.765,0.666,0.0,-0.0,708.0,0.073,1.0,0.0,0.381,4.0,3.996,2.0,0.459,-0.035,34609.0,0.187,0.415,1.0,4659.0,1.0,0.999,1.0,0.001,0.149,0.415,0.48
1935,128.0,997.0,3780.807,1.0,0.017,1.234,330791.0,0.28,0.066,-0.389,0.765,1.16,0.0,0.001,709.0,0.217,1.0,0.0,2.275,2.0,3.996,36.0,0.459,14.37,34609.0,0.187,0.483,1.0,4668.0,1.0,0.999,1.0,0.001,0.149,0.483,0.48
1940,128.0,100.0,3740.919,1.0,0.017,0.097,332722.0,0.27,0.056,-0.383,0.77,1.161,0.0,-0.005,710.0,0.636,1.0,0.0,2.275,4.0,3.996,6.0,0.459,4.1,34790.0,0.242,0.502,1.0,4678.0,1.0,0.999,1.0,0.001,0.15,0.502,0.48
1945,2.0,20.0,3632.945,0.0,0.017,5.062,333095.0,0.27,0.052,-0.34,0.745,1.324,0.0,-0.002,711.0,0.868,1.0,0.0,2.275,4.0,3.996,2.0,0.459,0.01,34794.0,0.239,0.408,1.0,4686.0,1.0,0.999,1.0,0.001,0.15,0.408,0.49
1950,128.0,77.0,3633.195,1.0,0.017,0.0,333247.0,0.28,0.058,-0.336,0.75,1.328,0.0,-0.005,712.0,0.233,1.0,1.0,2.275,4.0,3.996,5.0,0.459,2.077,35031.0,0.417,0.574,1.0,4690.0,1.0,0.999,1.0,0.001,0.15,0.574,0.49
1955,1.0,15.0,3633.054,0.0,0.017,0.445,333923.0,0.29,0.052,-0.351,0.755,1.359,0.0,-0.002,714.0,0.258,1.0,1.0,0.2,4.0,3.996,1.0,0.459,0.035,35160.0,0.539,0.365,1.0,4702.0,1.0,0.999,1.0,0.001,0.151,0.365,0.48
1960,74.0,28.0,3633.007,1.0,0.017,0.324,334927.0,0.29,0.055,-0.337,0.76,1.355,0.0,-0.005,717.0,0.18,1.0,1.0,0.256,4.0,3.996,2.0,0.459,0.264,35234.0,0.546,0.768,1.0,4717.0,1.0,0.999,1.0,0.001,0.151,0.768,0.48
1965,105.0,63.0,3812.795,1.0,0.017,0.151,336574.0,0.28,0.054,-0.317,0.74,1.35,0.0,-0.001,720.0,0.155,1.0,0.0,0.276,4.0,3.996,4.0,0.458,0.78,35362.0,0.394,0.506,1.0,4731.0,1.0,0.999,1.0,0.001,0.151,0.506,0.5
1970,111.0,34.0,3633.195,1.0,0.017,0.609,336689.0,0.26,0.049,-0.267,0.74,1.357,0.0,-0.007,721.0,0.393,1.0,1.0,0.418,4.0,3.996,3.0,0.458,0.191,35561.0,0.37,0.549,1.0,4735.0,1.0,0.999,1.0,0.001,0.152,0.549,0.5
1975,4.0,24.0,3740.741,1.0,0.017,1.312,337472.0,0.28,0.05,-0.276,0.73,1.357,0.0,-0.007,724.0,0.474,1.0,0.0,0.459,4.0,3.996,2.0,0.458,0.173,35565.0,0.359,0.355,1.0,4751.0,1.0,0.999,1.0,0.001,0.153,0.355,0.5
1980,2.0,17.0,3632.945,0.0,0.017,0.0,337643.0,0.28,0.048,-0.252,0.755,1.328,0.0,0.011,725.0,0.111,1.0,0.0,0.312,4.0,3.996,2.0,0.458,0.041,35693.0,0.381,0.372,1.0,4763.0,1.0,0.999,1.0,0.001,0.154,0.372,0.51
1985,128.0,943.0,3816.235,1.0,0.017,1.0,338766.0,0.29,0.043,-0.119,0.755,0.904,0.0,0.002,726.0,0.03,1.0,0.0,0.803,3.0,3.996,34.0,0.459,50.969,35779.0,0.404,0.414,1.0,4778.0,1.0,0.999,1.0,0.001,0.154,0.414,0.5
1990,29.0,7.0,3632.96,1.0,0.017,0.23,338932.0,0.29,0.045,-0.149,0.71,0.948,0.0,0.002,726.0,0.299,1.0,0.0,0.803,4.0,3.996,1.0,0.459,0.036,35822.0,0.402,0.699,1.0,4790.0,1.0,0.999,1.0,0.001,0.153,0.699,0.49
1995,128.0,73.0,3633.179,1.0,0.017,0.218,341333.0,0.29,0.041,-0.085,0.735,0.736,0.0,-0.015,727.0,0.249,1.0,1.0,0.803,4.0,3.996,5.0,0.459,-0.027,36206.0,0.376,0.444,1.0,4797.0,1.0,0.999,1.0,0.001,0.154,0.444,0.5
2000,77.0,271.0,3633.903,1.0,0.017,0.111,342099.0,0.28,0.045,-0.148,0.765,0.624,0.0,0.017,729.0,0.231,1.0,0.0,0.803,4.0,3.996,13.0,0.459,17.551,36206.0,0.376,0.469,1.0,4817.0,1.0,0.999,1.0,0.001,0.155,0.469,0.49
2005,1.0,19.0,3632.945,0.0,0.107,0.0,342673.0,0.29,0.038,-0.128,0.735,0.631,0.0,-0.001,732.0,0.198,1.0,1.0,0.803,4.0,3.996,5.0,0.46,-0.015,36207.0,0.376,0.476,1.0,4833.0,1.0,0.999,1.0,0.0,0.155,0.476,0.5
2010,128.0,965.0,3707.952,1.0,0.107,0.35,343746.0,0.29,0.036,-0.077,0.76,0.435,0.0,-0.018,733.0,0.162,1.0,1.0,0.803,3.0,3.996,46.0,0.46,-0.045,36437.0,0.466,0.534,1.0,4841.0,1.0,0.999,1.0,0.0,0.156,0.534,0.5
2015,38.0,48.0,3740.692,1.0,0.107,0.27,347646.0,0.28,0.031,-0.071,0.745,0.435,0.0,0.002,736.0,0.159,1.0,0.0,0.656,4.0,3.996,8.0,0.46,-0.029,36693.0,0.227,0.596,1.0,4851.0,1.0,0.999,1.0,0.0,0.156,0.596,0.5
2020,106.0,62.0,3633.41,1.0,0.107,0.902,349785.0,0.27,0.033,-0.075,0.755,0.35,0.0,0.004,738.0,0.696,1.0,1.0,0.656,4.0,3.996,10.0,0.46,-0.039,36905.0,0.402,0.516,1.0,4857.0,1.0,0.999,1.0,0.0,0.157,0.516,0.51
2025,128.0,1531.0,3746.666,1.0,0.107,1.164,351476.0,0.25,0.034,-0.125,0.72,0.523,0.0,0.006,740.0,0.435,1.0,0.0,0.714,2.0,3.996,61.0,0.46,-0.047,36905.0,0.402,0.482,1.0,4871.0,1.0,0.999,1.0,0.0,0.158,0.482,0.5
2030,128.0,791.0,3743.831,1.0,0.107,0.24,352440.0,0.25,0.036,-0.113,0.73,0.51,0.0,0.02,742.0,0.328,1.0,0.0,1.012,3.0,3.996,42.0,0.46,-0.021,36905.0,0.402,0.498,1.0,4886.0,1.0,0.999,1.0,0.0,0.159,0.498,0.51
2035,1.0,13.0,3632.976,0.0,0.107,0.0,352589.0,0.25,0.035,-0.129,0.725,0.666,0.0,0.006,743.0,0.444,1.0,0.0,1.012,4.0,3.996,4.0,0.46,0.026,36905.0,0.402,0.487,1.0,4894.0,1.0,0.999,1.0,0.0,0.159,0.487,0.52
2040,3.0,17.0,3632.991,0.0,0.107,1.398,354011.0,0.25,0.035,-0.159,0.735,0.724,0.0,0.002,745.0,0.255,1.0,1.0,1.012,4.0,3.996,4.0,0.46,0.007,37009.0,0.241,0.494,1.0,4900.0,1.0,0.999,1.0,0.0,0.159,0.494,0.53
2045,128.0,99.0,3633.21,1.0,0.107,0.385,354192.0,0.26,0.039,-0.083,0.73,0.822,0.0,-0.004,746.0,0.288,1.0,0.0,1.012,4.0,3.996,12.0,0.459,4.012,37014.0,0.235,0.679,1.0,4908.0,1.0,0.999,1.0,0.0,0.16,0.679,0.54
2050,128.0,71.0,3633.116,1.0,0.107,0.0,354415.0,0.24,0.034,-0.079,0.69,0.823,0.0,0.004,748.0,0.532,1.0,1.0,1.225,4.0,3.996,10.0,0.459,-0.048,37142.0,0.263,0.577,1.0,4924.0,1.0,0.999,1.0,0.0,0.161,0.577,0.54
2055,4.0,51.0,3740.917,1.0,0.107,0.0,355272.0,0.22,0.033,-0.081,0.69,0.823,0.0,0.112,751.0,0.237,1.0,0.0,1.225,4.0,3.996,8.0,0.459,-0.012,37328.0,0.268,0.453,1.0,4936.0,1.0,0.999,1.0,0.0,0.162,0.453,0.56
2060,118.0,38.0,3633.116,1.0,0.107,0.076,356048.0,0.24,0.043,-0.121,0.7,0.833,0.0,-0.101,752.0,0.216,1.0,0.0,1.225,4.0,3.996,8.0,0.459,-0.001,37328.0,0.268,0.659,1.0,4952.0,1.0,0.999,1.0,0.0,0.162,0.659,0.54
2065,73.0,285.0,3742.584,1.0,0.107,0.969,357220.0,0.24,0.051,-0.127,0.725,0.832,0.0,0.01,755.0,0.06,1.0,0.0,1.225,4.0,3.996,24.0,0.457,4.991,37412.0,0.296,0.514,1.0,4968.0,1.0,0.999,1.0,0.0,0.162,0.514,0.54
2070,79.0,56.0,3740.713,1.0,0.107,0.617,357570.0,0.25,0.057,-0.163,0.76,0.887,0.0,-0.016,757.0,0.72,1.0,0.0,1.398,4.0,3.996,9.0,0.457,0.356,37412.0,0.296,0.516,1.0,4984.0,1.0,0.999,1.0,0.0,0.162,0.516,0.55
2075,82.0,117.0,3633.273,1.0,0.107,1.258,357799.0,0.26,0.06,-0.186,0.78,1.061,0.0,-0.002,758.0,0.361,1.0,0.0,1.398,4.0,3.996,15.0,0.457,-0.011,37413.0,0.287,0.519,1.0,4996.0,1.0,0.999,1.0,0.0,0.163,0.519,0.56
2080,47.0,419.0,3634.366,1.0,0.107,0.988,358432.0,0.27,0.064,-0.203,0.77,1.07,0.0,-0.002,758.0,0.101,1.0,0.0,0.337,4.0,3.996,30.0,0.457,50.81,37541.0,0.231,0.524,1.0,5008.0,1.0,0.999,1.0,0.0,0.164,0.524,0.54
2085,10.0,7.0,3822.423,1.0,0.107,2.219,358628.0,0.26,0.064,-0.132,0.755,1.09,0.0,0.025,761.0,0.03,1.0,0.0,0.619,4.0,3.996,4.0,0.455,-0.041,37670.0,0.338,0.575,1.0,5020.0,1.0,0.999,1.0,0.0,0.165,0.575,0.56
2090,3.0,16.0,3632.929,0.0,0.107,0.0,358835.0,0.26,0.071,-0.119,0.76,1.057,0.0,0.025,761.0,0.074,1.0,0.0,0.826,4.0,3.996,5.0,0.455,-0.02,37670.0,0.338,0.541,1.0,5032.0,1.0,0.999,1.0,0.0,0.165,0.541,0.54
2095,98.0,9.0,3632.898,1.0,0.107,0.0,360799.0,0.26,0.066,-0.171,0.78,0.941,0.0,-0.008,764.0,0.111,1.0,1.0,0.604,4.0,3.996,3.0,0.455,0.051,37768.0,0.137,0.655,1.0,5046.0,1.0,0.999,1.0,0.0,0.166,0.655,0.55
2100,90.0,46.0,3633.101,1.0,0.107,0.109,361645.0,0.25,0.07,-0.26,0.795,1.106,0.0,-0.008,764.0,0.01,1.0,0.0,0.604,4.0,3.996,8.0,0.455,0.455,37829.0,0.23,0.499,1.0,5053.0,1.0,0.999,1.0,0.0,0.166,0.499,0.55
2105,8.0,142.0,3741.018,1.0,0.017,0.016,361969.0,0.25,0.076,-0.258,0.79,1.108,0.0,0.034,766.0,0.324,1.0,0.0,1.19,4.0,3.996,14.0,0.455,4.908,37829.0,0.23,0.512,1.0,5073.0,1.0,0.999,1.0,0.0,0.167,0.512,0.54
2110,2.0,19.0,3633.066,0.0,0.017,0.805,362500.0,0.24,0.067,-0.274,0.795,1.137,0.0,0.035,767.0,1.069,1.0,1.0,0.317,4.0,3.996,5.0,0.455,0.619,38060.0,0.204,0.681,1.0,5081.0,1.0,0.999,1.0,0.0,0.166,0.681,0.53
2115,128.0,990.0,3636.257,1.0,0.017,1.109,363590.0,0.25,0.069,-0.268,0.765,1.138,0.0,-0.006,769.0,0.017,1.0,0.0,2.613,2.0,3.996,37.0,0.455,53.263,38060.0,0.204,0.627,1.0,5099.0,1.0,0.999,1.0,0.0,0.166,0.627,0.52
2120,3.0,5334.0,3651.103,0.0,0.017,4.375,371072.0,0.24,0.067,-0.241,0.765,1.098,0.0,-0.016,770.0,0.828,1.0,0.0,0.395,2.0,3.996,87.0,0.455,68.765,38188.0,0.25,0.343,1.0,5109.0,1.0,0.999,1.0,0.0,0.166,0.343,0.51
2125,21.0,364.0,3742.018,1.0,0.017,0.042,371687.0,0.24,0.057,-0.159,0.75,0.865,0.0,-0.045,772.0,0.076,1.0,0.0,0.641,4.0,3.996,23.0,0.455,28.326,38194.0,0.232,0.385,1.0,5125.0,1.0,0.999,1.0,0.0,0.165,0.385,0.5
2130,54.0,60.0,3633.148,1.0,0.017,0.703,371940.0,0.24,0.062,-0.187,0.795,0.858,0.0,-0.045,772.0,0.236,1.0,1.0,0.957,4.0,3.996,9.0,0.455,0.004,38388.0,0.174,0.624,1.0,5129.0,1.0,0.999,1.0,0.0,0.165,0.624,0.49
2135,1.0,13.0,3632.913,0.0,0.017,0.5,372783.0,0.23,0.06,-0.273,0.795,0.796,0.0,0.002,774.0,0.135,1.0,0.0,0.957,4.0,3.996,4.0,0.455,0.97,38388.0,0.174,0.457,1.0,5144.0,1.0,0.999,1.0,0.0,0.164,0.457,0.49
2140,90.0,37.0,3740.98,1.0,0.017,1.742,372970.0,0.25,0.063,-0.275,0.815,0.791,0.0,0.015,775.0,0.111,1.0,0.0,0.957,4.0,3.996,7.0,0.455,1.128,38437.0,0.174,0.488,1.0,5156.0,1.0,0.999,1.0,0.0,0.164,0.488,0.49
2145,82.0,13.0,3632.913,1.0,0.017,0.988,373133.0,0.25,0.061,-0.268,0.835,0.792,0.0,-0.076,777.0,0.125,1.0,1.0,0.604,4.0,3.996,4.0,0.456,0.694,38649.0,0.111,0.571,1.0,5164.0,1.0,0.999,1.0,0.0,0.164,0.571,0.51
2150,4.0,47.0,3740.945,1.0,0.017,0.0,373426.0,0.26,0.063,-0.262,0.8,0.795,0.0,0.01,781.0,0.019,1.0,0.0,0.25,4.0,3.996,8.0,0.456,0.67,38777.0,0.237,0.408,1.0,5180.0,1.0,0.999,1.0,0.0,0.164,0.408,0.54
2155,90.0,58.0,3633.07,1.0,0.017,0.414,373675.0,0.28,0.06,-0.184,0.795,0.537,0.0,0.015,782.0,0.385,1.0,0.0,0.299,4.0,3.996,10.0,0.456,0.301,38896.0,0.217,0.504,1.0,5192.0,1.0,0.999,1.0,0.0,0.163,0.504,0.54
2160,128.0,1501.0,3819.183,1.0,0.017,1.555,376350.0,0.25,0.054,-0.167,0.775,0.558,0.0,-0.001,784.0,0.153,1.0,0.0,0.409,2.0,3.996,45.0,0.456,0.759,39024.0,0.191,0.407,1.0,5202.0,1.0,0.999,1.0,0.0,0.163,0.407,0.54
2165,128.0,2137.0,3748.688,1.0,0.017,1.273,378581.0,0.27,0.045,-0.115,0.74,0.465,0.0,0.004,785.0,0.447,1.0,0.0,0.409,2.0,3.996,55.0,0.455,0.654,39255.0,0.418,0.498,1.0,5208.0,1.0,0.999,1.0,0.0,0.163,0.498,0.53
2170,31.0,174.0,3812.887,1.0,0.017,0.465,378986.0,0.26,0.053,-0.124,0.75,0.465,0.0,-0.05,789.0,0.006,1.0,0.0,0.532,4.0,3.996,16.0,0.455,10.842,39383.0,0.523,0.389,1.0,5224.0,1.0,0.999,1.0,0.0,0.163,0.389,0.55
2175,128.0,294.0,3814.489,1.0,0.017,1.289,379519.0,0.23,0.053,-0.129,0.765,0.461,0.0,0.02,791.0,0.158,1.0,0.0,1.235,4.0,3.996,21.0,0.455,50.286,39519.0,0.48,0.241,1.0,5236.0,1.0,0.999,1.0,0.0,0.164,0.241,0.54
2180,2.0,90.0,3633.241,0.0,0.017,0.84,380643.0,0.21,0.058,-0.159,0.765,0.517,0.0,0.03,792.0,0.2,1.0,1.0,3.98,4.0,3.996,11.0,0.455,0.066,39528.0,0.408,0.253,1.0,5248.0,1.0,0.999,1.0,0.0,0.164,0.253,0.53
2185,53.0,68.0,3740.81,1.0,0.017,0.723,382131.0,0.21,0.066,-0.174,0.775,0.524,0.0,-0.003,796.0,0.226,1.0,0.0,0.441,4.0,3.996,10.0,0.453,0.374,39656.0,0.462,0.507,1.0,5262.0,1.0,0.999,1.0,0.0,0.163,0.507,0.55
2190,66.0,42.0,3633.085,1.0,0.017,0.139,382249.0,0.21,0.07,-0.231,0.785,0.59,0.0,0.04,797.0,0.488,1.0,0.0,0.441,4.0,3.996,8.0,0.453,0.655,39661.0,0.461,0.425,1.0,5270.0,1.0,0.999,1.0,0.0,0.163,0.425,0.55
2195,96.0,12.0,3632.976,1.0,0.017,0.217,382733.0,0.22,0.062,-0.221,0.76,0.588,0.0,0.001,798.0,0.762,1.0,1.0,0.736,4.0,3.996,4.0,0.453,1.148,39823.0,0.451,0.667,1.0,5282.0,1.0,0.999,1.0,0.0,0.163,0.667,0.54
2200,128.0,594.0,3634.913,1.0,0.017,0.801,384690.0,0.23,0.059,-0.221,0.755,0.588,0.0,-0.004,799.0,0.023,1.0,0.0,0.475,3.0,3.996,28.0,0.453,51.126,39950.0,0.404,0.376,1.0,5287.0,1.0,0.999,1.0,0.0,0.163,0.376,0.53
2205,15.0,71.0,3633.116,1.0,0.208,0.25,385081.0,0.23,0.064,-0.224,0.765,0.586,0.0,0.005,800.0,0.082,1.0,0.0,0.805,4.0,3.996,12.0,0.452,0.583,40118.0,0.419,0.547,1.0,5299.0,1.0,0.999,1.0,0.0,0.163,0.547,0.53
2210,93.0,29.0,3633.116,1.0,0.208,0.277,385833.0,0.25,0.069,-0.227,0.78,0.585,0.0,-0.01,801.0,0.252,1.0,1.0,0.805,4.0,3.996,6.0,0.452,-0.009,40278.0,0.339,0.484,1.0,5310.0,1.0,0.999,1.0,0.0,0.163,0.484,0.52
2215,95.0,49.0,3740.773,1.0,0.208,0.342,386013.0,0.27,0.072,-0.24,0.835,0.563,0.0,-0.003,804.0,0.338,1.0,0.0,0.538,4.0,3.996,8.0,0.452,-0.087,40406.0,0.363,0.513,1.0,5326.0,1.0,0.999,1.0,0.0,0.163,0.513,0.52
2220,92.0,22.0,3633.07,1.0,0.208,0.684,386197.0,0.29,0.065,-0.247,0.83,0.574,0.0,-0.003,804.0,0.151,1.0,0.0,0.538,4.0,3.996,6.0,0.452,0.383,40732.0,0.11,0.615,1.0,5330.0,1.0,0.999,1.0,0.0,0.163,0.615,0.52
2225,62.0,39.0,3633.101,1.0,0.208,0.473,386355.0,0.32,0.061,-0.248,0.82,0.576,0.0,-0.003,804.0,0.202,1.0,0.0,0.727,4.0,3.996,8.0,0.453,0.98,40863.0,0.232,0.754,1.0,5342.0,1.0,0.999,1.0,0.0,0.163,0.754,0.5
2230,112.0,112.0,3740.913,1.0,0.208,0.773,386972.0,0.32,0.054,-0.241,0.805,0.572,0.0,-0.004,805.0,0.29,1.0,0.0,0.431,4.0,3.996,14.0,0.453,0.994,40867.0,0.231,0.614,1.0,5358.0,1.0,0.999,1.0,0.0,0.163,0.614,0.49
2235,77.0,31.0,3633.07,1.0,0.208,0.402,387183.0,0.31,0.049,-0.193,0.785,0.523,0.0,0.009,807.0,0.086,1.0,1.0,0.864,4.0,3.996,6.0,0.453,0.0,40944.0,0.09,0.747,1.0,5374.0,1.0,0.999,1.0,0.0,0.162,0.747,0.49
2240,92.0,14.0,3633.245,1.0,0.208,0.139,389082.0,0.3,0.044,-0.095,0.77,0.252,0.0,0.001,809.0,0.066,1.0,0.0,0.886,4.0,3.996,5.0,0.453,0.546,40944.0,0.09,0.605,1.0,5388.0,1.0,0.999,1.0,0.0,0.162,0.605,0.51
2245,126.0,81.0,3633.241,1.0,0.208,0.065,389692.0,0.29,0.041,-0.117,0.775,0.397,0.0,0.001,809.0,0.434,1.0,0.0,0.886,4.0,3.996,12.0,0.453,-0.059,40956.0,0.099,0.589,1.0,5400.0,1.0,0.999,1.0,0.0,0.162,0.589,0.48
2250,10.0,87.0,3740.932,1.0,0.208,0.0,390601.0,0.3,0.042,-0.116,0.76,0.397,0.0,-0.002,811.0,0.14,1.0,0.0,0.439,4.0,3.996,12.0,0.453,0.559,41188.0,0.243,0.34,1.0,5412.0,1.0,0.999,1.0,0.0,0.163,0.34,0.5
2255,88.0,73.0,3812.798,1.0,0.208,1.281,391771.0,0.28,0.046,-0.121,0.78,0.395,0.0,0.001,815.0,0.144,1.0,0.0,1.146,4.0,3.996,10.0,0.453,0.375,41188.0,0.243,0.547,1.0,5431.0,1.0,0.999,1.0,0.0,0.162,0.547,0.51
2260,128.0,1379.0,3637.601,1.0,0.208,1.5,393304.0,0.29,0.049,-0.159,0.79,0.486,0.0,0.001,815.0,0.057,1.0,0.0,1.146,2.0,3.996,69.0,0.453,52.671,41316.0,0.415,0.413,1.0,5441.0,1.0,0.999,1.0,0.0,0.162,0.413,0.5
2265,12.0,22.0,3740.684,1.0,0.208,0.125,393491.0,0.29,0.047,-0.186,0.785,0.546,0.0,-0.015,816.0,0.268,1.0,0.0,0.425,4.0,3.996,6.0,0.451,0.651,41446.0,0.316,0.681,1.0,5453.0,1.0,0.999,1.0,0.0,0.162,0.681,0.5
2270,81.0,40.0,3740.744,1.0,0.208,0.426,393875.0,0.3,0.046,-0.171,0.765,0.535,0.0,-0.002,817.0,0.068,1.0,0.0,0.602,4.0,3.996,8.0,0.451,0.8,41446.0,0.316,0.439,1.0,5469.0,1.0,0.999,1.0,0.0,0.162,0.439,0.48
2275,14.0,13.0,3632.913,1.0,0.208,0.228,395062.0,0.31,0.048,-0.176,0.775,0.532,0.0,-0.092,820.0,0.176,1.0,0.0,0.5,4.0,3.996,4.0,0.451,0.545,41574.0,0.433,0.671,1.0,5485.0,1.0,0.999,1.0,0.0,0.162,0.671,0.51
2280,103.0,1542.0,3709.913,1.0,0.208,0.115,397233.0,0.32,0.047,-0.17,0.765,0.531,0.0,-0.041,821.0,0.648,1.0,1.0,0.604,2.0,3.996,73.0,0.451,0.276,41690.0,0.346,0.361,1.0,5497.0,1.0,0.999,1.0,0.0,0.162,0.361,0.51
2285,3.0,16.0,3632.991,0.0,0.208,0.0,397351.0,0.33,0.052,-0.265,0.745,0.864,0.0,0.003,822.0,0.109,1.0,1.0,0.296,4.0,3.996,4.0,0.452,0.489,41694.0,0.357,0.174,1.0,5505.0,1.0,0.999,1.0,0.0,0.161,0.174,0.51
2290,49.0,60.0,3740.788,1.0,0.208,0.816,397532.0,0.31,0.054,-0.261,0.74,0.861,0.0,0.047,825.0,0.146,1.0,0.0,0.296,4.0,3.996,10.0,0.452,0.0,41696.0,0.357,0.374,1.0,5517.0,1.0,0.999,1.0,0.0,0.162,0.374,0.52
2295,63.0,39.0,3812.661,1.0,0.208,0.432,399550.0,0.3,0.055,-0.231,0.69,0.823,0.0,0.005,828.0,0.128,1.0,0.0,0.529,4.0,3.996,8.0,0.452,0.115,41832.0,0.263,0.475,1.0,5529.0,1.0,0.999,1.0,0.0,0.162,0.475,0.54
2300,98.0,58.0,3740.864,1.0,0.208,0.291,400866.0,0.3,0.054,-0.222,0.715,0.795,0.0,-0.005,831.0,0.052,1.0,0.0,1.072,4.0,3.996,10.0,0.452,1.107,41832.0,0.263,0.538,1.0,5548.0,1.0,0.999,1.0,0.0,0.161,0.538,0.54
2305,3.0,13.0,3632.976,0.0,0.002,2.156,401194.0,0.31,0.064,-0.297,0.73,0.956,0.0,0.013,834.0,0.302,1.0,0.0,1.101,4.0,3.996,4.0,0.453,-0.061,41832.0,0.263,0.275,1.0,5560.0,1.0,0.999,1.0,0.0,0.163,0.275,0.54
2310,128.0,57.0,3633.132,1.0,0.002,0.217,401646.0,0.28,0.055,-0.294,0.72,0.956,0.0,0.013,834.0,0.462,1.0,0.0,0.245,4.0,3.996,8.0,0.453,0.86,41917.0,0.24,0.445,1.0,5576.0,1.0,0.999,1.0,0.0,0.163,0.445,0.52
2315,40.0,29.0,3633.038,1.0,0.002,0.5,402500.0,0.25,0.052,-0.234,0.695,0.891,0.0,-0.01,836.0,0.04,1.0,1.0,0.688,4.0,3.996,6.0,0.453,0.002,41957.0,0.328,0.526,1.0,5587.0,1.0,0.999,1.0,0.0,0.164,0.526,0.52
2320,8.0,210.0,3741.324,1.0,0.002,0.0,403514.0,0.24,0.057,-0.433,0.735,1.604,0.0,0.281,837.0,0.178,1.0,0.0,0.688,4.0,3.996,15.0,0.453,10.165,41967.0,0.295,0.36,1.0,5599.0,1.0,0.999,1.0,0.0,0.164,0.36,0.51
2325,5.0,38.0,3633.101,1.0,0.002,0.559,404683.0,0.23,0.053,-0.433,0.74,1.604,0.0,-0.009,839.0,0.218,1.0,1.0,0.688,4.0,3.996,6.0,0.453,-0.034,42150.0,0.191,0.428,1.0,5606.0,1.0,0.999,1.0,0.0,0.165,0.428,0.51
2330,54.0,31.0,3633.07,1.0,0.002,0.316,407380.0,0.23,0.05,-0.436,0.74,1.612,0.0,0.006,841.0,0.049,1.0,0.0,0.688,4.0,3.996,6.0,0.453,-0.006,42278.0,0.202,0.614,1.0,5618.0,1.0,0.999,1.0,0.0,0.166,0.614,0.51
2335,128.0,68.0,3633.101,1.0,0.002,1.133,407591.0,0.22,0.052,-0.434,0.78,1.612,0.0,-0.006,843.0,0.237,1.0,0.0,0.503,4.0,3.996,8.0,0.453,0.952,42406.0,0.4,0.487,1.0,5634.0,1.0,0.999,1.0,0.0,0.167,0.487,0.51
2340,128.0,989.0,3636.273,1.0,0.002,1.734,409708.0,0.22,0.045,-0.347,0.76,1.476,0.0,0.002,846.0,0.036,1.0,0.0,1.161,2.0,3.996,32.0,0.453,-0.095,42410.0,0.399,0.457,1.0,5646.0,1.0,0.999,1.0,0.0,0.168,0.457,0.5
2345,12.0,70.0,3633.179,1.0,0.002,0.0,410864.0,0.23,0.041,-0.349,0.775,1.475,0.0,-0.006,847.0,0.158,1.0,0.0,1.161,4.0,3.996,9.0,0.453,0.688,42430.0,0.397,0.511,1.0,5653.0,1.0,0.999,1.0,0.0,0.169,0.511,0.5
2350,128.0,643.0,3707.484,1.0,0.002,1.047,411850.0,0.23,0.044,-0.338,0.8,1.519,0.0,-0.002,848.0,0.263,1.0,0.0,1.161,3.0,3.996,26.0,0.453,-0.028,42434.0,0.402,0.497,1.0,5660.0,1.0,0.999,1.0,0.0,0.17,0.497,0.5
2355,98.0,17.0,3740.817,1.0,0.002,0.494,413474.0,0.24,0.048,-0.393,0.795,1.56,0.0,-0.007,849.0,0.085,1.0,0.0,0.204,4.0,3.996,4.0,0.453,-0.026,42434.0,0.402,0.833,1.0,5674.0,1.0,0.999,1.0,0.0,0.171,0.833,0.5
2360,1.0,10.0,3632.976,0.0,0.002,0.0,413625.0,0.25,0.055,-0.401,0.795,1.518,0.0,0.015,851.0,0.345,1.0,0.0,0.204,4.0,3.996,3.0,0.453,-0.013,42556.0,0.199,0.504,1.0,5682.0,1.0,0.999,1.0,0.0,0.172,0.504,0.51
2365,10.0,140.0,3633.351,1.0,0.002,0.1,414744.0,0.24,0.069,-0.467,0.79,1.687,0.0,-0.0,854.0,0.28,1.0,0.0,0.204,4.0,3.996,13.0,0.454,4.083,42556.0,0.199,0.501,1.0,5697.0,1.0,0.999,1.0,0.0,0.173,0.501,0.52
2370,106.0,127.0,3633.304,1.0,0.002,0.949,414969.0,0.24,0.061,-0.269,0.785,1.037,0.0,0.004,856.0,0.185,1.0,1.0,0.543,4.0,3.996,13.0,0.454,3.848,42662.0,0.249,0.506,1.0,5713.0,1.0,0.999,1.0,0.0,0.173,0.506,0.52
2375,9.0,39.0,3633.101,1.0,0.002,0.0,415193.0,0.23,0.072,-0.284,0.78,1.045,0.0,-0.001,859.0,0.315,1.0,0.0,0.435,4.0,3.997,6.0,0.454,0.332,42662.0,0.249,0.428,1.0,5733.0,1.0,0.999,1.0,0.0,0.174,0.428,0.55
2380,92.0,511.0,3634.663,1.0,0.002,0.123,418524.0,0.22,0.066,-0.277,0.76,1.046,0.0,-0.028,862.0,0.232,1.0,1.0,0.344,4.0,3.997,23.0,0.454,30.518,42754.0,0.388,0.405,1.0,5747.0,1.0,0.999,1.0,0.0,0.174,0.405,0.56
2385,108.0,67.0,3633.163,1.0,0.002,0.609,418752.0,0.22,0.073,-0.31,0.77,1.047,0.0,-0.004,863.0,0.231,1.0,0.0,0.344,4.0,3.997,10.0,0.452,0.877,42863.0,0.407,0.45,1.0,5763.0,1.0,0.999,1.0,0.0,0.175,0.45,0.55
2390,128.0,91.0,3813.056,1.0,0.002,0.461,419767.0,0.24,0.078,-0.297,0.79,1.083,0.0,0.003,866.0,0.06,1.0,0.0,0.536,4.0,3.997,10.0,0.452,-0.045,42863.0,0.407,0.288,1.0,5778.0,1.0,0.999,1.0,0.0,0.176,0.288,0.57
2395,110.0,59.0,3705.015,1.0,0.002,0.201,420093.0,0.24,0.083,-0.328,0.81,1.095,0.0,-0.109,868.0,0.329,1.0,0.0,0.207,4.0,3.997,8.0,0.452,0.586,42993.0,0.216,0.449,1.0,5790.0,1.0,0.999,1.0,0.0,0.176,0.449,0.58
2400,1.0,42.0,3633.023,0.0,0.002,0.0,421176.0,0.24,0.078,-0.349,0.81,1.036,0.0,-0.003,870.0,0.171,1.0,0.0,1.237,4.0,3.997,7.0,0.452,-0.003,43121.0,0.23,0.274,1.0,5802.0,1.0,0.999,1.0,0.0,0.176,0.274,0.58
2405,7.0,7.0,3741.061,1.0,0.009,3.078,421360.0,0.23,0.074,-0.297,0.775,0.972,0.0,0.008,871.0,0.352,1.0,0.0,0.473,4.0,3.997,4.0,0.453,-0.004,43121.0,0.23,0.278,1.0,5818.0,1.0,0.999,1.0,0.0,0.178,0.278,0.56
2410,12.0,64.0,3740.791,1.0,0.009,0.0,423320.0,0.23,0.077,-0.268,0.785,0.925,0.0,0.006,873.0,0.073,1.0,0.0,0.473,4.0,3.997,11.0,0.453,0.788,43231.0,0.254,0.343,1.0,5832.0,1.0,0.999,1.0,0.0,0.178,0.343,0.57
2415,96.0,34.0,3740.762,1.0,0.009,0.412,423536.0,0.26,0.058,-0.162,0.795,0.467,0.0,0.008,877.0,0.18,1.0,0.0,0.938,4.0,3.997,7.0,0.453,-0.006,43231.0,0.254,0.464,1.0,5852.0,1.0,0.999,1.0,0.0,0.179,0.464,0.6
2420,93.0,42.0,3740.901,1.0,0.009,0.104,424774.0,0.26,0.054,-0.154,0.82,0.464,0.0,-0.026,880.0,0.1,1.0,0.0,0.938,4.0,3.997,8.0,0.453,0.225,43231.0,0.254,0.433,1.0,5871.0,1.0,0.999,1.0,0.0,0.18,0.433,0.6
2425,30.0,414.0,3742.461,1.0,0.009,0.038,425440.0,0.26,0.056,-0.151,0.82,0.441,0.0,-0.002,882.0,0.209,1.0,0.0,0.938,4.0,3.997,26.0,0.453,-0.048,43305.0,0.35,0.32,1.0,5879.0,1.0,0.999,1.0,0.0,0.181,0.32,0.61
2430,128.0,42.0,3633.179,1.0,0.009,0.297,425600.0,0.27,0.058,-0.198,0.835,0.551,0.0,-0.059,883.0,0.792,1.0,1.0,0.938,4.0,3.997,8.0,0.453,0.417,43551.0,0.321,0.723,1.0,5887.0,1.0,0.999,1.0,0.0,0.181,0.723,0.61
2435,128.0,1745.0,3638.851,1.0,0.009,0.918,427861.0,0.28,0.053,-0.155,0.84,0.516,0.0,-0.001,885.0,0.156,1.0,0.0,0.938,2.0,3.997,51.0,0.453,-2.314,43607.0,0.198,0.53,1.0,5901.0,1.0,0.999,1.0,0.0,0.183,0.53,0.59
2440,3.0,9.0,3632.929,0.0,0.009,0.75,428116.0,0.28,0.056,-0.2,0.83,0.489,0.0,-0.005,888.0,0.156,1.0,0.0,0.938,4.0,3.997,4.0,0.453,0.026,43607.0,0.198,0.347,1.0,5913.0,1.0,0.999,1.0,0.0,0.184,0.347,0.59
2445,9.0,70.0,3741.757,1.0,0.009,0.0,428833.0,0.26,0.057,-0.169,0.825,0.443,0.0,-0.12,890.0,0.512,1.0,0.0,1.036,4.0,3.997,10.0,0.453,0.64,43751.0,0.253,0.39,1.0,5925.0,1.0,0.999,1.0,0.0,0.184,0.39,0.6
2450,128.0,554.0,3742.792,1.0,0.009,0.621,430020.0,0.24,0.056,-0.169,0.82,0.446,0.0,0.023,891.0,0.556,1.0,0.0,1.099,4.0,3.997,29.0,0.453,12.542,43756.0,0.221,0.438,1.0,5937.0,1.0,0.999,1.0,0.0,0.184,0.438,0.58
2455,9.0,50.0,3633.054,1.0,0.009,0.389,430778.0,0.26,0.055,-0.156,0.825,0.434,0.0,-0.004,893.0,0.021,1.0,1.0,0.306,4.0,3.997,8.0,0.453,-0.042,44021.0,0.155,0.499,1.0,5945.0,1.0,0.999,1.0,0.0,0.185,0.499,0.59
2460,11.0,105.0,3633.288,1.0,0.009,0.389,431014.0,0.24,0.054,-0.16,0.84,0.437,0.0,-0.004,893.0,0.021,1.0,1.0,0.306,4.0,3.997,13.0,0.453,3.605,44243.0,0.179,0.581,1.0,5945.0,1.0,0.999,1.0,0.0,0.186,0.581,0.59
2465,2.0,11.0,3633.248,0.0,0.009,2.312,432721.0,0.24,0.057,-0.208,0.855,0.504,0.0,0.009,896.0,0.15,1.0,0.0,0.306,4.0,3.997,4.0,0.454,-0.047,44243.0,0.179,0.609,1.0,5959.0,1.0,0.999,1.0,0.0,0.187,0.609,0.62
2470,20.0,14.0,3741.872,1.0,0.009,0.163,433035.0,0.24,0.067,-0.271,0.835,0.646,0.0,-0.001,899.0,0.156,1.0,0.0,0.306,4.0,3.997,5.0,0.454,0.012,44243.0,0.179,0.656,1.0,5975.0,1.0,0.999,1.0,0.0,0.188,0.656,0.63
2475,128.0,496.0,3634.632,1.0,0.009,1.289,434133.0,0.24,0.062,-0.281,0.825,0.691,0.0,-0.001,899.0,0.074,1.0,0.0,1.478,4.0,3.997,28.0,0.454,50.605,44325.0,0.25,0.583,1.0,5987.0,1.0,0.999,1.0,0.0,0.188,0.583,0.6
2480,105.0,13.0,3632.976,1.0,0.009,0.373,434231.0,0.24,0.056,-0.225,0.81,0.612,0.0,-0.001,899.0,0.638,1.0,0.0,1.478,4.0,3.997,4.0,0.454,-0.056,44462.0,0.117,0.544,1.0,5999.0,1.0,0.999,1.0,0.0,0.189,0.544,0.58
2485,30.0,57.0,3812.699,1.0,0.009,0.816,435305.0,0.22,0.055,-0.224,0.815,0.612,0.0,-0.011,900.0,0.055,1.0,0.0,0.957,4.0,3.997,10.0,0.456,-0.022,44590.0,0.282,0.545,1.0,6015.0,1.0,0.999,1.0,0.0,0.189,0.545,0.57
2490,62.0,23.0,3632.96,1.0,0.009,0.439,435491.0,0.22,0.049,-0.171,0.78,0.599,0.0,0.001,902.0,0.122,1.0,0.0,0.316,4.0,3.997,6.0,0.456,-0.055,44590.0,0.282,0.523,1.0,6027.0,1.0,0.999,1.0,0.0,0.19,0.523,0.56
2495,12.0,21.0,3740.65,1.0,0.009,0.021,436537.0,0.22,0.045,-0.161,0.76,0.597,0.0,0.001,905.0,0.11,1.0,0.0,0.456,4.0,3.997,5.0,0.456,-0.052,44661.0,0.359,0.588,1.0,6042.0,1.0,0.999,1.0,0.0,0.191,0.588,0.57
2500,10.0,62.0,3740.728,1.0,0.009,0.0,436756.0,0.22,0.042,-0.173,0.775,0.604,0.0,0.002,908.0,0.156,1.0,0.0,1.465,4.0,3.997,10.0,0.456,-0.031,44661.0,0.359,0.518,1.0,6062.0,1.0,0.999,1.0,0.0,0.192,0.518,0.59
2505,67.0,552.0,3634.82,1.0,0.114,0.289,438356.0,0.23,0.044,-0.174,0.785,0.605,0.0,-0.005,909.0,0.058,1.0,1.0,1.465,4.0,3.997,34.0,0.456,-0.014,44984.0,0.435,0.534,1.0,6066.0,1.0,0.999,1.0,0.0,0.192,0.534,0.59
2510,128.0,75.0,3633.195,1.0,0.114,0.287,438575.0,0.26,0.042,-0.159,0.78,0.602,0.0,-0.005,909.0,0.5,1.0,1.0,1.465,4.0,3.997,12.0,0.456,-0.028,45368.0,0.448,0.307,1.0,6074.0,1.0,0.999,1.0,0.0,0.193,0.307,0.57
2515,3.0,16.0,3632.991,0.0,0.114,1.125,438985.0,0.25,0.047,-0.19,0.765,0.659,0.0,-0.005,909.0,0.155,1.0,0.0,1.465,4.0,3.997,5.0,0.456,-0.045,45369.0,0.443,0.53,1.0,6082.0,1.0,0.999,1.0,0.0,0.194,0.53,0.55
2520,128.0,83.0,3633.273,1.0,0.114,0.379,441794.0,0.27,0.04,-0.103,0.725,0.477,0.0,-0.005,909.0,0.219,1.0,0.0,1.465,4.0,3.997,14.0,0.456,-0.023,45441.0,0.338,0.398,1.0,6092.0,1.0,0.999,1.0,0.0,0.194,0.398,0.53
2525,116.0,136.0,3741.049,1.0,0.114,0.574,442335.0,0.25,0.036,-0.078,0.74,0.4,0.0,-0.005,911.0,0.121,1.0,0.0,1.465,4.0,3.997,17.0,0.456,-0.049,45534.0,0.32,0.371,1.0,6108.0,1.0,0.999,1.0,0.0,0.195,0.371,0.54
2530,108.0,93.0,3813.124,1.0,0.114,0.459,444463.0,0.24,0.038,-0.096,0.725,0.425,0.0,0.001,913.0,0.215,1.0,0.0,0.843,4.0,3.997,16.0,0.456,-0.056,45662.0,0.417,0.381,1.0,6120.0,1.0,0.999,1.0,0.0,0.196,0.381,0.54
2535,5.0,35.0,3740.744,1.0,0.114,0.0,445112.0,0.26,0.044,-0.111,0.72,0.429,0.0,-0.09,915.0,0.204,1.0,0.0,1.379,4.0,3.997,9.0,0.456,-0.015,45669.0,0.398,0.34,1.0,6132.0,1.0,0.999,1.0,0.0,0.197,0.34,0.54
2540,128.0,908.0,3707.683,1.0,0.114,0.816,447250.0,0.25,0.045,-0.137,0.75,0.401,0.0,0.05,917.0,0.016,1.0,0.0,0.407,3.0,3.997,43.0,0.456,50.379,45700.0,0.391,0.318,1.0,6145.0,1.0,0.999,1.0,0.0,0.197,0.318,0.54
2545,31.0,14.0,3632.991,1.0,0.114,0.578,448058.0,0.26,0.054,-0.23,0.76,0.68,0.0,0.05,917.0,0.206,1.0,0.0,0.407,4.0,3.997,7.0,0.457,-0.023,45765.0,0.393,0.548,1.0,6153.0,1.0,0.999,1.0,0.0,0.198,0.548,0.53
2550,128.0,1323.0,3637.413,1.0,0.114,0.375,449584.0,0.26,0.057,-0.223,0.765,0.685,0.0,0.001,918.0,0.222,1.0,1.0,0.315,2.0,3.997,53.0,0.457,50.023,45925.0,0.425,0.319,1.0,6161.0,1.0,0.999,1.0,0.0,0.198,0.319,0.53
2555,4.0,15.0,3740.679,1.0,0.114,0.0,449845.0,0.24,0.057,-0.255,0.77,0.696,0.0,0.343,922.0,0.728,1.0,0.0,1.414,4.0,3.997,5.0,0.457,-0.03,45925.0,0.425,0.278,1.0,6177.0,1.0,0.999,1.0,0.0,0.2,0.278,0.54
2560,21.0,15.0,3632.991,1.0,0.114,0.25,449959.0,0.27,0.067,-0.296,0.77,0.726,0.0,0.343,922.0,0.246,1.0,0.0,1.414,4.0,3.997,5.0,0.457,-0.006,46019.0,0.488,0.725,1.0,6185.0,1.0,0.999,1.0,0.0,0.2,0.725,0.52
2565,2.0,40.0,3633.007,0.0,0.114,0.125,450105.0,0.26,0.087,-0.369,0.765,0.815,0.0,0.001,924.0,0.022,1.0,0.0,0.429,4.0,3.997,10.0,0.457,-0.008,46019.0,0.488,0.372,1.0,6197.0,1.0,0.999,1.0,0.0,0.202,0.372,0.54
2570,128.0,73.0,3633.179,1.0,0.114,0.174,451437.0,0.26,0.079,-0.351,0.785,0.777,0.0,-0.001,925.0,0.169,1.0,0.0,0.429,4.0,3.997,12.0,0.457,-0.02,46155.0,0.39,0.447,1.0,6205.0,1.0,0.999,1.0,0.0,0.203,0.447,0.54
2575,50.0,17.0,3632.991,1.0,0.114,0.293,451651.0,0.28,0.098,-0.385,0.79,0.788,0.0,0.028,926.0,0.071,1.0,1.0,0.429,4.0,3.997,6.0,0.457,-0.03,46333.0,0.363,0.761,1.0,6213.0,1.0,0.999,1.0,0.0,0.203,0.761,0.55
2580,3.0,15.0,3632.991,0.0,0.114,0.0,451865.0,0.3,0.091,-0.379,0.775,0.791,0.0,0.017,928.0,0.098,1.0,0.0,0.624,4.0,3.997,5.0,0.457,-0.007,46336.0,0.362,0.559,1.0,6225.0,1.0,0.999,1.0,0.0,0.203,0.559,0.55
2585,128.0,662.0,3635.085,1.0,0.114,0.338,452625.0,0.31,0.096,-0.4,0.785,0.8,0.0,0.04,930.0,0.035,1.0,0.0,0.624,3.0,3.997,37.0,0.461,50.857,46336.0,0.362,0.69,1.0,6240.0,1.0,0.999,1.0,0.0,0.204,0.69,0.53
2590,128.0,178.0,3633.538,1.0,0.114,0.0,452937.0,0.32,0.094,-0.421,0.78,0.822,0.0,0.04,930.0,0.031,1.0,1.0,0.624,4.0,3.997,20.0,0.461,-0.019,46532.0,0.319,0.537,1.0,6244.0,1.0,0.999,1.0,0.0,0.205,0.537,0.52
2595,128.0,1849.0,3747.841,1.0,0.114,1.453,455027.0,0.32,0.08,-0.334,0.795,0.638,0.0,-0.007,931.0,0.154,1.0,0.0,0.624,2.0,3.997,62.0,0.461,-2.835,46660.0,0.406,0.501,1.0,6258.0,1.0,0.999,1.0,0.0,0.206,0.501,0.51
2600,95.0,57.0,3740.713,1.0,0.114,0.531,455333.0,0.33,0.091,-0.343,0.78,0.639,0.0,0.19,933.0,0.415,1.0,0.0,0.301,4.0,3.997,11.0,0.461,-0.019,46784.0,0.332,0.464,1.0,6270.0,1.0,0.999,1.0,0.0,0.207,0.464,0.5
2605,15.0,84.0,3740.868,1.0,0.0,0.0,456392.0,0.33,0.08,-0.32,0.79,0.621,0.0,-0.025,934.0,0.065,1.0,0.0,0.301,4.0,3.997,12.0,0.457,-0.101,46912.0,0.438,0.275,1.0,6286.0,1.0,0.999,1.0,0.0,0.207,0.275,0.49
2610,33.0,18.0,3632.991,1.0,0.0,0.015,457256.0,0.31,0.05,-0.279,0.805,0.597,0.0,0.003,935.0,0.173,1.0,0.0,0.301,4.0,3.997,6.0,0.457,-0.053,47127.0,0.189,0.468,1.0,6298.0,1.0,0.999,1.0,0.0,0.207,0.468,0.48
2615,128.0,161.0,3813.044,1.0,0.0,0.461,458186.0,0.3,0.042,-0.208,0.78,0.5,0.0,0.003,937.0,0.236,1.0,0.0,0.493,4.0,3.997,18.0,0.457,0.055,47264.0,0.17,0.392,1.0,6310.0,1.0,0.999,1.0,0.0,0.207,0.392,0.48
2620,128.0,34.0,3632.991,1.0,0.0,0.332,460126.0,0.27,0.039,-0.163,0.795,0.394,0.0,0.003,937.0,0.038,1.0,0.0,11.562,4.0,3.997,7.0,0.457,0.032,47264.0,0.17,0.465,1.0,6328.0,1.0,0.999,1.0,0.0,0.208,0.465,0.45
2625,8.0,11.0,3740.679,1.0,0.0,2.156,460833.0,0.27,0.034,-0.118,0.775,0.343,0.0,0.0,940.0,0.574,1.0,0.0,11.562,4.0,3.997,4.0,0.458,0.068,47366.0,0.251,0.423,1.0,6343.0,1.0,0.999,1.0,0.0,0.208,0.423,0.45
2630,16.0,20.0,3633.054,1.0,0.0,0.516,461303.0,0.26,0.039,-0.124,0.79,0.343,0.0,0.013,941.0,0.121,1.0,1.0,2.67,4.0,3.997,5.0,0.458,0.013,47473.0,0.352,0.702,1.0,6355.0,1.0,0.999,1.0,0.0,0.208,0.702,0.43
2635,7.0,48.0,3633.038,1.0,0.0,0.0,461578.0,0.23,0.039,-0.116,0.81,0.357,0.0,0.0,942.0,0.091,1.0,0.0,2.67,4.0,3.997,10.0,0.458,0.018,47473.0,0.352,0.467,1.0,6371.0,1.0,0.999,1.0,0.0,0.208,0.467,0.43
2640,2.0,16.0,3633.252,0.0,0.0,0.125,463924.0,0.24,0.038,-0.147,0.82,0.504,0.0,0.007,946.0,0.09,1.0,0.0,0.688,4.0,3.997,5.0,0.458,0.012,47473.0,0.352,0.467,1.0,6385.0,1.0,0.999,1.0,0.0,0.208,0.467,0.47
2645,128.0,108.0,3740.951,1.0,0.0,0.139,464264.0,0.24,0.041,-0.139,0.81,0.464,0.0,0.002,949.0,0.168,1.0,0.0,0.688,4.0,3.997,14.0,0.457,0.056,47538.0,0.415,0.496,1.0,6397.0,1.0,0.999,1.0,0.0,0.208,0.496,0.5
2650,128.0,110.0,3633.257,1.0,0.0,0.221,465775.0,0.24,0.04,-0.137,0.85,0.463,0.0,-0.0,952.0,0.221,1.0,0.0,0.688,4.0,3.997,14.0,0.457,0.055,47538.0,0.415,0.773,1.0,6415.0,1.0,0.999,1.0,0.0,0.208,0.773,0.49
2655,51.0,19.0,3633.007,1.0,0.0,0.516,465936.0,0.23,0.039,-0.123,0.815,0.461,0.0,0.173,954.0,0.32,1.0,1.0,0.746,4.0,3.997,5.0,0.457,0.052,47662.0,0.398,0.707,1.0,6423.0,1.0,0.999,1.0,0.0,0.208,0.707,0.49
2660,122.0,68.0,3633.163,1.0,0.0,0.077,467022.0,0.21,0.042,-0.213,0.815,0.641,0.0,0.173,954.0,0.03,1.0,0.0,0.746,4.0,3.997,11.0,0.457,-0.088,47791.0,0.354,0.602,1.0,6427.0,1.0,0.999,1.0,0.0,0.208,0.602,0.49
2665,24.0,25.0,3633.023,1.0,0.0,0.0,467707.0,0.24,0.042,-0.215,0.765,0.643,0.0,0.173,954.0,0.243,1.0,1.0,1.061,4.0,3.997,6.0,0.459,-0.025,47945.0,0.341,0.558,1.0,6431.0,1.0,0.999,1.0,0.0,0.209,0.558,0.48
2670,3.0,38.0,3633.07,0.0,0.0,0.0,468349.0,0.22,0.049,-0.21,0.78,0.661,0.0,0.038,955.0,0.354,1.0,0.0,1.061,4.0,3.997,8.0,0.459,0.002,47949.0,0.338,0.355,1.0,6439.0,1.0,0.999,1.0,0.0,0.208,0.355,0.48
2675,6.0,71.0,3633.116,1.0,0.0,0.0,468606.0,0.21,0.049,-0.215,0.77,0.663,0.0,-0.003,957.0,0.157,1.0,0.0,1.061,4.0,3.997,10.0,0.459,0.015,48019.0,0.252,0.319,1.0,6455.0,1.0,0.999,1.0,0.0,0.208,0.319,0.48
2680,128.0,58.0,3634.07,1.0,0.0,0.754,468759.0,0.2,0.048,-0.287,0.805,0.839,0.0,-0.003,957.0,0.017,1.0,1.0,0.542,4.0,3.997,10.0,0.459,-0.061,48147.0,0.261,0.487,1.0,6467.0,1.0,0.999,1.0,0.0,0.208,0.487,0.48
2685,128.0,72.0,3634.429,1.0,0.0,0.0,469039.0,0.21,0.046,-0.261,0.8,0.812,0.0,0.029,959.0,0.525,1.0,1.0,0.603,4.0,3.997,10.0,0.459,0.021,48358.0,0.168,0.396,1.0,6479.0,1.0,0.999,1.0,0.0,0.208,0.396,0.5
2690,28.0,36.0,3632.991,1.0,0.0,0.25,469159.0,0.21,0.048,-0.276,0.795,0.824,0.0,-0.004,960.0,0.108,1.0,0.0,0.603,4.0,3.997,7.0,0.459,-0.03,48360.0,0.176,0.38,1.0,6491.0,1.0,0.999,1.0,0.0,0.209,0.38,0.5
2695,128.0,68.0,3740.802,1.0,0.0,0.183,469641.0,0.21,0.049,-0.281,0.805,0.875,0.0,0.001,962.0,0.097,1.0,0.0,0.603,4.0,3.997,11.0,0.459,-0.023,48613.0,0.389,0.466,1.0,6499.0,1.0,0.999,1.0,0.0,0.209,0.466,0.5
2700,94.0,31.0,3740.859,1.0,0.0,0.244,473992.0,0.19,0.049,-0.284,0.8,0.875,0.0,0.027,964.0,0.259,1.0,0.0,0.603,4.0,3.997,8.0,0.459,0.047,48741.0,0.395,0.762,1.0,6511.0,1.0,0.999,1.0,0.0,0.21,0.762,0.5
2705,128.0,78.0,3813.169,1.0,0.003,1.0,475386.0,0.17,0.056,-0.284,0.765,0.874,0.0,-0.011,966.0,0.042,1.0,0.0,2.455,4.0,3.997,11.0,0.459,-0.02,48741.0,0.395,0.613,1.0,6525.0,1.0,0.999,1.0,0.0,0.21,0.613,0.49
2710,125.0,40.0,3633.163,1.0,0.003,0.146,475577.0,0.18,0.046,-0.195,0.78,0.76,0.0,-0.0,967.0,0.344,1.0,0.0,2.455,4.0,3.997,8.0,0.459,-0.042,48903.0,0.503,0.613,1.0,6537.0,1.0,0.999,1.0,0.0,0.21,0.613,0.5
2715,128.0,367.0,3634.148,1.0,0.003,0.173,476098.0,0.19,0.05,-0.188,0.765,0.758,0.0,0.002,969.0,0.122,1.0,1.0,1.339,4.0,3.997,26.0,0.459,0.051,49159.0,0.468,0.649,1.0,6549.0,1.0,0.999,1.0,0.0,0.21,0.649,0.5
2720,3.0,23.0,3633.007,0.0,0.003,0.0,476799.0,0.2,0.054,-0.219,0.775,0.796,0.0,-1.178,970.0,0.073,1.0,0.0,0.226,4.0,3.997,6.0,0.459,-0.018,49169.0,0.457,0.355,1.0,6561.0,1.0,0.999,1.0,0.0,0.21,0.355,0.48
2725,5.0,9.0,3632.945,1.0,0.003,0.609,477065.0,0.21,0.058,-0.248,0.795,0.786,0.0,-0.001,972.0,0.045,1.0,1.0,0.545,4.0,3.997,3.0,0.463,0.034,49290.0,0.409,0.396,1.0,6569.0,1.0,0.999,1.0,0.0,0.21,0.396,0.5
2730,2.0,10.0,3632.913,0.0,0.003,0.0,477247.0,0.22,0.06,-0.178,0.78,0.586,0.0,0.007,975.0,0.102,1.0,0.0,0.639,4.0,3.997,3.0,0.463,0.013,49293.0,0.401,0.425,1.0,6581.0,1.0,0.999,1.0,0.0,0.21,0.425,0.51
2735,128.0,88.0,3740.883,1.0,0.003,0.161,477571.0,0.23,0.058,-0.171,0.785,0.58,0.0,-0.016,979.0,0.114,1.0,0.0,0.233,4.0,3.997,13.0,0.463,0.005,49408.0,0.433,0.48,1.0,6597.0,1.0,0.999,1.0,0.0,0.21,0.48,0.53
2740,51.0,269.0,3633.851,1.0,0.003,0.617,479140.0,0.22,0.058,-0.162,0.765,0.58,0.0,-0.003,981.0,0.027,1.0,0.0,0.494,4.0,3.997,22.0,0.463,-0.012,49526.0,0.476,0.576,1.0,6611.0,1.0,0.999,1.0,0.0,0.21,0.576,0.52
2745,13.0,38.0,3740.804,1.0,0.003,0.212,479820.0,0.23,0.053,-0.109,0.77,0.335,0.0,-0.003,982.0,0.229,1.0,0.0,0.494,4.0,3.997,8.0,0.462,-0.049,49529.0,0.472,0.84,1.0,6627.0,1.0,0.999,1.0,0.0,0.211,0.84,0.52
2750,121.0,77.0,3740.949,1.0,0.003,0.293,480517.0,0.25,0.056,-0.113,0.74,0.357,0.0,0.004,985.0,0.159,1.0,0.0,1.627,4.0,3.997,11.0,0.462,-0.043,49657.0,0.506,0.475,1.0,6639.0,1.0,0.999,1.0,0.0,0.211,0.475,0.55
2755,128.0,22.0,3740.684,1.0,0.003,0.496,481302.0,0.27,0.057,-0.143,0.79,0.438,0.0,0.005,987.0,0.239,1.0,0.0,2.027,4.0,3.997,6.0,0.462,0.006,49657.0,0.506,0.864,1.0,6655.0,1.0,0.999,1.0,0.0,0.211,0.864,0.54
2760,110.0,38.0,3633.101,1.0,0.003,0.109,481552.0,0.27,0.05,-0.144,0.785,0.442,0.0,0.0,990.0,0.461,1.0,0.0,0.277,4.0,3.997,8.0,0.462,0.014,49657.0,0.506,0.805,1.0,6675.0,1.0,0.999,1.0,0.0,0.211,0.805,0.56
2765,27.0,199.0,3633.764,1.0,0.003,0.186,482638.0,0.25,0.055,-0.147,0.79,0.441,0.0,-0.004,992.0,0.242,1.0,0.0,0.239,4.0,3.997,20.0,0.462,0.04,49657.0,0.506,0.561,1.0,6694.0,1.0,0.999,1.0,0.0,0.211,0.561,0.55
2770,128.0,132.0,3633.32,1.0,0.003,0.0,482960.0,0.26,0.053,-0.125,0.805,0.362,0.0,0.024,995.0,0.116,1.0,1.0,0.239,4.0,3.997,15.0,0.462,0.042,49785.0,0.5,0.453,1.0,6706.0,1.0,0.999,1.0,0.0,0.211,0.453,0.58
2775,8.0,70.0,3633.179,1.0,0.003,1.211,485976.0,0.24,0.055,-0.186,0.805,0.599,0.0,-0.02,996.0,0.325,1.0,1.0,0.239,4.0,3.997,10.0,0.462,0.031,49921.0,0.588,0.549,1.0,6714.0,1.0,0.999,1.0,0.0,0.212,0.549,0.59
2780,32.0,18.0,3633.007,1.0,0.003,1.414,486363.0,0.25,0.055,-0.194,0.8,0.602,0.0,-0.009,997.0,0.12,1.0,1.0,0.239,4.0,3.997,4.0,0.462,0.032,49956.0,0.496,0.806,1.0,6726.0,1.0,0.999,1.0,0.0,0.212,0.806,0.58
2785,128.0,32.0,3740.767,1.0,0.003,0.145,486514.0,0.24,0.054,-0.188,0.79,0.603,0.0,0.021,1001.0,0.583,1.0,0.0,1.085,4.0,3.997,6.0,0.462,-0.0,49974.0,0.468,0.368,1.0,6742.0,1.0,0.999,1.0,0.0,0.213,0.368,0.6
2790,11.0,92.0,3740.963,1.0,0.003,0.0,487588.0,0.21,0.056,-0.188,0.82,0.584,0.0,-0.019,1004.0,0.025,1.0,0.0,1.392,4.0,3.997,13.0,0.462,0.053,49974.0,0.468,0.571,1.0,6761.0,1.0,0.999,1.0,0.0,0.213,0.571,0.61
2795,60.0,54.0,3740.759,1.0,0.003,0.357,488677.0,0.2,0.057,-0.188,0.815,0.584,0.0,-0.002,1006.0,1.126,1.0,0.0,1.392,4.0,3.997,9.0,0.462,0.057,50031.0,0.408,0.401,1.0,6777.0,1.0,0.999,1.0,0.0,0.213,0.401,0.59
2800,12.0,56.0,3740.71,1.0,0.003,0.0,488891.0,0.21,0.06,-0.331,0.845,0.958,0.0,0.0,1008.0,0.034,1.0,0.0,1.392,4.0,3.997,9.0,0.462,0.046,50159.0,0.413,0.653,1.0,6785.0,1.0,0.999,1.0,0.0,0.213,0.653,0.59
2805,9.0,88.0,3633.179,1.0,0.002,0.535,489205.0,0.22,0.06,-0.309,0.84,0.928,0.0,0.024,1011.0,0.077,1.0,1.0,1.392,4.0,3.997,13.0,0.465,-0.031,50180.0,0.292,0.61,1.0,6797.0,1.0,0.999,1.0,0.0,0.213,0.61,0.6
2810,128.0,790.0,3743.915,1.0,0.002,1.008,490562.0,0.2,0.062,-0.339,0.845,0.978,0.0,-0.006,1014.0,0.012,1.0,0.0,1.392,3.0,3.997,36.0,0.465,50.279,50180.0,0.292,0.585,1.0,6812.0,1.0,0.999,1.0,0.0,0.213,0.585,0.6
2815,43.0,15.0,3740.649,1.0,0.002,0.504,490846.0,0.2,0.062,-0.342,0.865,0.978,0.0,0.003,1015.0,0.287,1.0,0.0,1.392,4.0,3.997,5.0,0.465,-0.014,50345.0,0.4,0.795,1.0,6820.0,1.0,0.999,1.0,0.0,0.213,0.795,0.61
2820,2.0,12.0,3704.966,0.0,0.002,0.062,491383.0,0.2,0.065,-0.402,0.865,1.025,0.0,-0.01,1016.0,0.154,1.0,0.0,1.392,4.0,3.997,4.0,0.465,-0.023,50345.0,0.4,0.683,1.0,6832.0,1.0,0.999,1.0,0.0,0.214,0.683,0.6
2825,128.0,433.0,3634.413,1.0,0.002,0.984,492721.0,0.2,0.063,-0.375,0.865,0.965,0.0,0.005,1018.0,0.082,1.0,0.0,0.651,4.0,3.997,27.0,0.464,-0.029,50466.0,0.36,0.614,1.0,6843.0,1.0,0.999,1.0,0.0,0.215,0.614,0.61
2830,3.0,19.0,3633.007,0.0,0.002,0.543,493607.0,0.19,0.059,-0.392,0.875,0.991,0.0,0.005,1018.0,0.18,1.0,0.0,0.651,4.0,3.997,6.0,0.464,0.029,50466.0,0.36,0.681,1.0,6854.0,1.0,0.999,1.0,0.0,0.214,0.681,0.61
2835,76.0,64.0,3633.163,1.0,0.002,0.324,494056.0,0.19,0.064,-0.399,0.915,0.988,0.0,-0.011,1021.0,0.122,1.0,1.0,0.651,4.0,3.997,11.0,0.464,0.142,50634.0,0.403,0.428,1.0,6866.0,1.0,0.999,1.0,0.0,0.214,0.428,0.62
2840,66.0,413.0,3634.351,1.0,0.002,0.0,496050.0,0.19,0.066,-0.381,0.9,1.057,0.0,-0.011,1022.0,0.069,1.0,1.0,0.651,4.0,3.997,26.0,0.464,9.648,50700.0,0.388,0.491,1.0,6872.0,1.0,0.999,1.0,0.0,0.214,0.491,0.62
2845,1.0,25.0,3633.116,0.0,0.002,0.0,496230.0,0.18,0.069,-0.385,0.9,1.056,0.0,0.001,1024.0,0.137,1.0,0.0,0.651,4.0,3.997,6.0,0.462,0.076,50700.0,0.388,0.504,1.0,6888.0,1.0,0.999,1.0,0.0,0.214,0.504,0.61
2850,128.0,59.0,3633.148,1.0,0.002,0.789,497292.0,0.17,0.063,-0.237,0.91,0.736,0.0,0.001,1024.0,0.73,1.0,1.0,0.651,4.0,3.997,10.0,0.462,-0.031,51056.0,0.415,0.593,1.0,6896.0,1.0,0.999,1.0,0.0,0.215,0.593,0.61
2855,11.0,24.0,3633.023,1.0,0.002,0.984,497607.0,0.16,0.055,-0.231,0.9,0.736,0.0,0.006,1026.0,0.128,1.0,1.0,0.651,4.0,3.997,6.0,0.462,0.152,51195.0,0.485,0.876,1.0,6908.0,1.0,0.999,1.0,0.0,0.215,0.876,0.62
2860,119.0,61.0,3740.726,1.0,0.002,0.224,498174.0,0.16,0.055,-0.219,0.89,0.729,0.0,-0.001,1028.0,0.034,1.0,0.0,0.651,4.0,3.997,10.0,0.462,-0.046,51363.0,0.447,0.53,1.0,6920.0,1.0,0.999,1.0,0.0,0.215,0.53,0.62
2865,78.0,71.0,3633.116,1.0,0.002,0.375,500355.0,0.15,0.056,-0.168,0.865,0.686,0.0,-0.001,1028.0,0.039,1.0,0.0,0.651,4.0,3.997,10.0,0.463,0.757,51592.0,0.232,0.611,1.0,6926.0,1.0,0.999,1.0,0.0,0.215,0.611,0.61
2870,128.0,1061.0,3816.94,1.0,0.002,0.738,501681.0,0.16,0.054,-0.131,0.845,0.648,0.0,-0.007,1032.0,0.091,1.0,0.0,0.651,2.0,3.997,41.0,0.463,-0.056,51592.0,0.232,0.486,1.0,6940.0,1.0,0.999,1.0,0.0,0.215,0.486,0.62
2875,36.0,150.0,3813.951,1.0,0.002,0.562,502038.0,0.18,0.048,-0.095,0.84,0.596,0.0,0.014,1034.0,0.15,1.0,0.0,0.737,4.0,3.997,15.0,0.463,0.712,51732.0,0.341,0.375,1.0,6952.0,1.0,0.999,1.0,0.0,0.215,0.375,0.63
2880,128.0,848.0,3815.799,1.0,0.002,0.918,503129.0,0.18,0.053,-0.058,0.835,0.5,0.0,0.009,1037.0,0.023,1.0,0.0,0.804,3.0,3.997,37.0,0.463,0.141,51745.0,0.362,0.245,1.0,6967.0,1.0,0.999,1.0,0.0,0.215,0.245,0.62
2885,117.0,60.0,3740.794,1.0,0.002,0.151,504863.0,0.19,0.048,-0.025,0.84,0.422,0.0,0.006,1039.0,0.616,1.0,0.0,0.804,4.0,3.997,10.0,0.464,-0.02,51834.0,0.343,0.416,1.0,6981.0,1.0,0.999,1.0,0.0,0.215,0.416,0.6
2890,49.0,289.0,3741.703,1.0,0.002,0.395,505545.0,0.21,0.054,-0.102,0.83,0.496,0.0,-0.009,1041.0,0.254,1.0,0.0,0.804,4.0,3.997,22.0,0.464,-0.028,51962.0,0.26,0.499,1.0,6989.0,1.0,0.999,1.0,0.0,0.215,0.499,0.61
2895,1.0,17.0,3632.991,0.0,0.002,0.0,505676.0,0.23,0.051,-0.126,0.81,0.508,0.0,-0.01,1042.0,0.239,1.0,0.0,0.435,4.0,3.997,6.0,0.464,-0.032,52050.0,0.343,0.493,1.0,6997.0,1.0,0.999,1.0,0.0,0.215,0.493,0.61
2900,2.0,13.0,3632.976,0.0,0.002,2.25,506242.0,0.25,0.068,-0.216,0.81,0.832,0.0,-0.003,1043.0,0.646,1.0,0.0,0.435,4.0,3.997,4.0,0.464,0.128,52226.0,0.401,0.326,1.0,7001.0,1.0,0.999,1.0,0.0,0.216,0.326,0.62
