batch,source,timeline,k,k_wanted,home,M,rho,verdict,gate_loss,expert_loss,central_loss,deltas
1859,gsm8k,TA,2,5,0,128,0.5,HELDOUT,,,,e14:-0.038;e31*:-0.172
1860,ai2_arc,TA,2,6,2,13,0.38,HELDOUT,,,,e0:+0.601;e17*:+0.601
1861,metamath,TB,2,4,3,128,0.46,ADMIT,0.213,-0.014,0.166,e9:-0.096;e11*:-0.131
1862,ai2_arc,TB,3,8,2,7,0.4,ADMIT,0.898,-0.0,1.883,e41:+0.036;e67:+0.393;e72*:+0.000
1863,ultrachat,TB,3,31,2,128,0.37,HELDOUT,,,,e78:-0.031;e80:-0.103;e82*:-0.027
1864,camel_science,TA,2,2,2,3,0.52,REFUSE,,,4.812,e87:+1.167;e0*:+1.313
1865,metamath,TA,4,9,3,93,0.43,HELDOUT,,,,e35:-0.087;e38:-0.089;e56:-0.089;e74*:-0.052
1866,github_code,TB,4,8,1,19,0.6,ADMIT,0.032,,0.373,e4:-0.224;e15:-0.273;e18:+0.118;e19*:-0.319
1867,github_code,TB,2,6,1,61,0.46,ADMIT,0.03,-0.0,1.148,e59:-0.057;e63*:-0.044
1868,camel_science,TA,2,5,2,2,0.6,REFUSE,,,4.375,e17:-1.031;e41*:-2.062
1869,python_instructions,TB,2,8,1,53,0.6,ADMIT,0.09,-0.003,0.605,e65:-0.015;e75*:-0.070
1870,python_instructions,TB,2,9,1,19,0.6,ADMIT,0.091,0.023,1.078,e83:-0.036;e4*:-0.036
1871,ultrachat,TB,2,65,2,128,0.37,ADMIT,0.029,-0.005,1.273,e67:-0.022;e72*:-0.003
1872,github_code,TB,2,10,1,14,0.6,ADMIT,0.126,0.02,0.93,e15:+0.067;e18*:+0.071
1873,github_code,TB,2,4,1,41,0.59,HELDOUT,,,,e19:-0.024;e59*:-0.037
1874,camel_science,TA,2,5,2,2,0.49,HELDOUT,,,,e78:-3.375;e80*:-1.500
1875,metamath,TB,2,10,3,128,0.43,ADMIT,0.129,0.018,0.191,e79:-0.107;e86*:-0.031
1876,python_instructions,TB,2,9,1,106,0.57,ADMIT,0.724,-0.008,0.602,e63:+0.013;e65*:+0.000
1877,github_code,TB,2,4,1,68,0.6,ADMIT,0.237,-0.0,0.324,e75:-0.028;e83*:-0.070
1878,camel_science,TA,2,6,2,2,0.6,HELDOUT,,,,e82:-5.281;e87*:-5.281
1879,ultrachat,TB,2,48,3,128,0.39,HELDOUT,,,,e89:+0.013;e9*:+0.013
1880,python_instructions,TB,2,8,1,78,0.6,ADMIT,0.045,0.006,0.547,e4:-0.027;e18*:-0.027
1881,ai2_arc,TB,2,11,2,9,0.38,HELDOUT,,,,e0:+0.021;e15*:-0.153
1882,github_code,TB,2,6,1,118,0.59,ADMIT,0.872,,0.879,e19:-0.060;e59*:-0.066
1883,github_code,TB,2,8,1,33,0.56,HELDOUT,,,,e63:-0.100;e65*:-0.072
1884,slimorca,TB,2,11,1,128,0.53,ADMIT,0.341,0.005,0.375,e75:-0.081;e79*:-0.065
1885,python_instructions,TB,2,9,1,128,0.58,ADMIT,0.059,,0.805,e83:+0.016;e4*:+0.006
1886,camel_science,TA,2,4,2,2,0.49,REFUSE,,,1.656,e17:-1.000;e41*:+0.062
1887,gsm8k,TB,2,11,0,128,0.54,ADMIT,0.039,-0.004,0.316,e40:-0.027;e44*:-0.028
1888,slimorca,TB,2,11,1,128,0.52,ADMIT,0.171,0.001,0.459,e18:-0.068;e19*:-0.060
1889,python_instructions,TB,2,9,1,121,0.6,ADMIT,0.194,,0.326,e59:+0.003;e63*:+0.003
1890,slimorca,TB,2,11,2,109,0.37,ADMIT,0.018,,1.008,e67:-0.056;e72*:-0.010
1891,python_instructions,TB,2,8,1,45,0.6,HELDOUT,,,,e65:+0.043;e75*:-0.010
1892,python_instructions,TB,2,5,1,51,0.59,ADMIT,0.117,,0.226,e79:-0.007;e83*:-0.004
1893,camel_science,TA,2,5,2,2,0.49,HELDOUT,,,,e78:-1.688;e80*:-1.125
1894,slimorca,TB,2,20,2,9,0.38,HELDOUT,,,,e82:-1.014;e0*:-0.521
1895,ultrachat,TA,2,59,2,128,0.37,ADMIT,0.188,,0.973,e15:+0.003;e17*:-0.005
1896,ai2_arc,TB,2,10,2,3,0.44,REFUSE,,,2.297,e41:-0.896;e67*:+0.396
1897,camel_science,TA,2,8,2,4,0.54,ADMIT,2.339,0.007,1.828,e72:-1.578;e78*:-1.781
1898,ultrachat,TB,2,36,2,45,0.36,ADMIT,0.113,-0.007,0.656,e80:-0.115;e82*:-0.086
1899,python_instructions,TB,2,10,1,30,0.6,HELDOUT,,,,e4:+0.000;e18*:-0.004
1900,gsm8k,TA,2,11,3,68,0.51,HELDOUT,,,,e11:-0.037;e35*:-0.037
1901,python_instructions,TB,2,4,1,109,0.58,ADMIT,0.02,,0.363,e19:+0.003;e59*:-0.001
1902,metamath,TB,2,13,3,128,0.45,HELDOUT,,,,e38:-0.041;e56*:-0.009
1903,camel_science,TA,2,5,2,9,0.49,ADMIT,0.487,0.001,1.023,e0:-0.208;e15*:-0.208
1904,ai2_arc,TA,2,7,2,3,0.44,HELDOUT,,,,e17:-1.365;e41*:-0.875
1905,slimorca,TB,2,29,2,75,0.4,ADMIT,0.02,0.034,0.504,e67:-0.212;e72*:-0.022
1906,ultrachat,TA,2,59,2,128,0.37,ADMIT,0.164,,0.707,e78:-0.008;e80*:+0.008
1907,metamath,TB,2,13,3,128,0.51,ADMIT,0.923,,0.12,e74:-0.038;e86*:-0.041
1908,python_instructions,TB,2,8,1,128,0.58,ADMIT,0.029,,0.598,e63:+0.018;e65*:+0.018
1909,metamath,TB,2,12,3,96,0.48,HELDOUT,,,,e87:-0.019;e89*:-0.001
1910,ultrachat,TB,2,60,2,128,0.38,ADMIT,0.326,,1.742,e82:-0.030;e0*:-0.061
1911,gsm8k,TB,2,9,3,76,0.54,ADMIT,3.787,,0.977,e9:+0.013;e11*:+0.002
1912,github_code,TB,2,10,1,46,0.6,ADMIT,0.181,0.04,0.93,e75:-0.091;e79*:-0.033
1913,github_code,TB,2,5,1,2,0.49,REFUSE,,,1.156,e83:+1.062;e4*:-1.656
1914,ultrachat,TA,2,61,2,128,0.41,HELDOUT,,,,e15:+0.004;e17*:-0.024
1915,gsm8k,TA,2,8,3,87,0.49,ADMIT,0.043,,0.439,e35:-0.134;e38*:-0.048
1916,python_instructions,TB,2,7,1,20,0.6,ADMIT,0.281,0.03,0.447,e18:-0.034;e19*:-0.047
1917,python_instructions,TB,2,6,1,68,0.59,HELDOUT,,,,e59:+0.002;e63*:+0.001
1918,metamath,TB,2,13,3,128,0.45,HELDOUT,,,,e56:+0.006;e74*:-0.018
1919,ai2_arc,TB,2,10,2,1,0.37,REFUSE,,,4.875,e41:-1.000;e67*:-3.562
1920,ultrachat,TA,2,79,1,128,0.55,ADMIT,0.103,,0.742,e65:-0.042;e75*:+0.106
1921,ai2_arc,TA,2,8,2,4,0.42,ADMIT,0.13,0.003,0.906,e72:-0.234;e78*:-0.766
1922,metamath,TB,2,9,3,87,0.45,ADMIT,0.172,-0.001,0.322,e86:-0.107;e87*:-0.091
1923,gsm8k,TB,2,11,0,128,0.54,ADMIT,0.004,-0.002,0.34,e55:-0.009;e58*:+0.012
1924,ultrachat,TB,2,47,2,128,0.4,ADMIT,0.196,-0.004,0.805,e80:-0.077;e82*:-0.038
1925,metamath,TB,2,8,1,128,0.49,HELDOUT,,,,e79:+0.010;e83*:+0.010
1926,gsm8k,TB,2,10,0,128,0.5,ADMIT,0.028,-0.0,0.361,e61:-0.062;e96*:-0.068
1927,camel_science,TA,2,8,2,2,0.6,REFUSE,,,0.469,e0:-0.156;e15*:-0.500
1928,python_instructions,TB,2,5,1,31,0.58,ADMIT,0.259,-0.005,0.469,e4:-0.147;e18*:-0.125
1929,metamath,TB,2,8,1,128,0.55,HELDOUT,,,,e19:-0.053;e59*:-0.053
1930,github_code,TB,2,7,1,62,0.6,HELDOUT,,,,e63:-0.010;e65*:-0.009
1931,gsm8k,TA,2,8,0,83,0.5,ADMIT,0.036,-0.019,0.303,e97:-0.160;e14*:-0.154
1932,camel_science,TA,2,4,2,3,0.44,REFUSE,,,0.167,e17:-0.812;e41*:-0.812
1933,metamath,TB,2,8,1,122,0.54,HELDOUT,,,,e75:-0.060;e79*:-0.052
1934,ultrachat,TA,2,43,2,107,0.36,ADMIT,0.107,,1.188,e67:-0.010;e72*:-0.016
1935,python_instructions,TB,2,6,1,128,0.6,ADMIT,0.125,0.001,0.555,e83:-0.024;e4*:-0.024
1936,slimorca,TB,3,13,2,45,0.37,ADMIT,0.232,,1.062,e78:-0.233;e80:-0.172;e82*:-0.233
1937,ai2_arc,TA,2,8,2,4,0.42,HELDOUT,,,,e0:-0.438;e15*:-0.906
1938,ultrachat,TA,3,54,2,128,0.37,ADMIT,1.558,,1.359,e17:-0.049;e41:-0.040;e67*:-0.047
1939,ultrachat,TB,3,41,2,128,0.4,ADMIT,0.212,,1.281,e72:+0.033;e78:-0.004;e80*:-0.012
1940,slimorca,TB,3,10,2,128,0.43,ADMIT,0.516,0.004,1.039,e82:+0.025;e0:+0.030;e15*:+0.011
1941,ai2_arc,TB,3,10,2,7,0.4,HELDOUT,,,,e17:-0.277;e41:-0.321;e67*:-0.277
1942,python_instructions,TB,2,5,1,112,0.58,ADMIT,0.005,,0.797,e18:-0.001;e19*:-0.002
1943,python_instructions,TB,3,11,1,87,0.6,ADMIT,0.144,,0.247,e59:-0.038;e63:+0.042;e65*:+0.021
1944,github_code,TB,3,13,1,80,0.6,ADMIT,0.914,0.002,0.578,e75:-0.009;e79:-0.008;e83*:-0.029
1945,github_code,TB,2,8,1,112,0.6,HELDOUT,,,,e4:+0.026;e18*:+0.002
1946,github_code,TB,2,10,1,17,0.6,ADMIT,0.472,-0.025,0.258,e19:-0.434;e59*:-0.062
1947,gsm8k,TB,2,11,3,56,0.47,ADMIT,0.148,0.003,0.438,e89:-0.025;e9*:-0.017
1948,ultrachat,TA,3,54,3,128,0.41,ADMIT,0.761,,1.539,e11:+0.073;e35:+0.063;e38*:+0.048
1949,gsm8k,TB,2,11,0,128,0.51,ADMIT,2.403,,0.443,e31:-0.026;e40*:-0.037
1950,metamath,TB,2,10,0,128,0.45,ADMIT,4.192,0.014,0.202,e44:-0.096;e55*:-0.021
1951,camel_science,TA,2,6,2,2,0.6,REFUSE,,,0.062,e72:-1.375;e78*:-0.812
1952,slimorca,TA,3,15,2,39,0.39,HELDOUT,,,,e80:-0.002;e82:-0.008;e0*:+0.048
1953,slimorca,TB,3,18,2,60,0.36,ADMIT,0.103,-0.001,1.492,e15:-0.136;e17:-0.077;e41*:-0.049
1954,metamath,TB,3,14,3,128,0.44,ADMIT,1.125,-0.0,0.083,e56:-0.019;e74:-0.049;e86*:-0.042
1955,python_instructions,TB,2,8,1,128,0.55,ADMIT,0.962,,0.566,e63:-0.005;e65*:-0.001
1956,python_instructions,TB,2,6,2,128,0.44,ADMIT,0.343,0.013,1.273,e67:-0.060;e72*:-0.046
1957,camel_science,TA,2,6,2,2,0.48,REFUSE,,,0.938,e78:-1.219;e80*:+0.219
1958,camel_science,TA,2,6,2,3,0.52,REFUSE,,,0.459,e82:-0.521;e0*:-0.521
1959,ai2_arc,TB,3,15,2,8,0.39,ADMIT,0.072,-0.001,0.234,e15:-0.234;e17:-0.445;e41*:-0.250
1960,metamath,TA,2,11,0,128,0.45,ADMIT,2.179,0.007,0.227,e58:-0.043;e61*:-0.072
1961,slimorca,TB,2,12,1,128,0.53,ADMIT,0.708,,0.773,e75:-0.003;e79*:-0.059
1962,python_instructions,TB,2,10,1,128,0.6,HELDOUT,,,,e83:+0.016;e4*:+0.009
1963,slimorca,TB,3,14,2,128,0.44,ADMIT,0.267,0.009,0.52,e67:-0.113;e72:-0.070;e78*:-0.100
1964,github_code,TB,2,5,1,87,0.6,ADMIT,0.706,-0.004,0.348,e18:+0.002;e19*:-0.008
1965,github_code,TA,2,2,2,74,0.54,ADMIT,0.303,0.004,1.766,e80:-0.037;e82*:-0.052
1966,ai2_arc,TA,4,8,2,10,0.36,ADMIT,0.248,0.001,0.125,e0:-0.662;e15:-0.600;e17:-0.181;e41*:-0.662
1967,gsm8k,TB,4,9,0,128,0.53,HELDOUT,,,,e96:-0.068;e97:-0.101;e14:-0.058;e31*:-0.081
1968,camel_science,TA,3,3,2,4,0.6,ADMIT,0.356,-0.104,0.312,e67:+0.062;e72:+0.172;e78*:+0.062
1969,github_code,TB,2,3,1,80,0.6,ADMIT,0.159,,0.373,e59:-0.018;e63*:-0.024
1970,ultrachat,TB,2,28,3,108,0.4,HELDOUT,,,,e87:-0.092;e89*:-0.069
1971,camel_science,TA,2,3,2,1,0.6,HELDOUT,,,,e80:-1.750;e82*:-1.750
1972,python_instructions,TB,2,6,1,34,0.6,ADMIT,0.992,0.015,0.898,e65:-0.105;e75*:-0.046
1973,python_instructions,TA,2,4,1,26,0.59,ADMIT,0.581,,0.482,e79:-0.005;e83*:+0.010
1974,camel_science,TA,2,4,2,2,0.48,REFUSE,,,0.062,e0:-0.281;e15*:-0.156
1975,ultrachat,TA,2,20,2,128,0.38,ADMIT,0.822,,1.555,e17:-0.075;e41*:-0.031
1976,metamath,TB,2,6,1,128,0.53,HELDOUT,,,,e4:+0.027;e18*:-0.004
1977,metamath,TA,2,5,0,128,0.5,ADMIT,0.959,-0.013,0.387,e40:-0.040;e44*:-0.040
1978,camel_science,TB,2,2,2,6,0.6,HELDOUT,,,,e67:+0.208;e72*:+0.188
1979,ultrachat,TA,2,13,2,128,0.4,ADMIT,0.112,,1.422,e78:-0.021;e80*:-0.022
1980,python_instructions,TB,2,5,1,20,0.6,ADMIT,0.021,,0.334,e19:-0.053;e59*:-0.119
1981,slimorca,TA,2,22,3,13,0.41,ADMIT,2.236,,0.279,e9:-0.971;e11*:-0.928
1982,slimorca,TA,2,5,2,128,0.43,ADMIT,0.124,0.011,1.383,e82:-0.052;e0*:-0.053
1983,gsm8k,TA,2,6,3,103,0.57,HELDOUT,,,,e35:-0.118;e38*:-0.083
1984,gsm8k,TA,2,8,3,128,0.5,HELDOUT,,,,e56:-0.200;e74*:-0.025
1985,slimorca,TA,2,9,2,116,0.39,ADMIT,0.825,0.007,0.879,e15:-0.115;e17*:-0.126
1986,slimorca,TB,2,36,2,128,0.39,HELDOUT,,,,e41:-0.081;e67*:-0.101
1987,metamath,TB,2,4,1,128,0.53,ADMIT,0.49,0.012,0.336,e63:-0.040;e65*:-0.042
1988,metamath,TA,2,10,1,96,0.42,ADMIT,0.045,,0.582,e86:-0.010;e87*:-0.062
1989,python_instructions,TB,2,4,1,81,0.51,ADMIT,0.272,,0.637,e75:-0.021;e79*:-0.019
1990,slimorca,TA,2,10,2,9,0.42,ADMIT,0.298,0.003,0.098,e72:-0.340;e78*:-0.229
1991,github_code,TA,2,4,1,36,0.6,ADMIT,0.019,,0.684,e83:-0.028;e4*:+0.000
1992,ultrachat,TB,2,20,2,128,0.39,HELDOUT,,,,e55:-0.016;e58*:-0.125
1993,slimorca,TA,2,8,2,128,0.43,ADMIT,0.039,,0.91,e80:-0.064;e82*:-0.060
1994,camel_science,TA,2,4,2,3,0.52,REFUSE,,,0.125,e0:-1.990;e15*:-1.479
1995,github_code,TB,2,3,1,22,0.6,ADMIT,0.047,0.001,1.609,e18:-0.060;e19*:+0.003
1996,ultrachat,TB,2,29,3,128,0.4,ADMIT,0.226,,1.242,e89:-0.112;e9*:-0.037
1997,gsm8k,TA,2,5,0,101,0.47,ADMIT,2.614,,0.328,e61:-0.085;e96*:-0.079
1998,slimorca,TA,2,17,3,128,0.42,ADMIT,0.081,,1.172,e11:-0.041;e35*:-0.027
1999,ai2_arc,TA,2,6,2,7,0.43,ADMIT,0.32,0.184,0.0,e17:-1.429;e41*:-0.482
2000,slimorca,TB,2,24,2,19,0.4,HELDOUT,,,,e67:-0.158;e72*:-0.132
2001,ultrachat,TA,2,41,2,128,0.43,ADMIT,0.828,,1.227,e78:-0.022;e80*:-0.030
2002,gsm8k,TA,2,6,3,116,0.5,ADMIT,0.689,,0.361,e56:-0.195;e61*:-0.195
2003,metamath,TA,2,6,0,128,0.46,ADMIT,2.779,-0.003,0.041,e97:-0.059;e14*:-0.031
2004,python_instructions,TB,2,5,1,128,0.58,ADMIT,0.335,,0.949,e59:+0.019;e63*:+0.014
2005,gsm8k,TA,2,7,0,107,0.47,HELDOUT,,,,e31:-0.006;e40*:-0.021
2006,camel_science,TA,2,3,2,3,0.45,REFUSE,,,3.25,e82:+1.229;e0*:+0.062
2007,python_instructions,TB,2,5,1,85,0.58,ADMIT,0.208,,0.307,e65:+0.003;e75*:-0.009
2008,metamath,TA,2,6,1,128,0.48,ADMIT,0.116,,0.168,e79:-0.122;e83*:-0.142
2009,camel_science,TA,2,2,2,1,0.6,HELDOUT,,,,e11:-1.750;e15*:-1.750
2010,python_instructions,TB,2,2,1,39,0.57,ADMIT,0.03,,0.949,e4:+0.022;e18*:+0.025
2011,camel_science,TB,2,2,2,2,0.49,HELDOUT,,,,e17:-0.156;e67*:+0.000
2012,camel_science,TA,2,2,2,2,0.6,REFUSE,,,0.25,e72:-0.031;e78*:+0.188
2013,camel_science,TA,2,3,2,2,0.6,REFUSE,,,0.0,e80:-1.938;e82*:-1.688
2014,slimorca,TA,2,5,2,46,0.37,ADMIT,0.309,,1.75,e0:-0.296;e11*:-0.121
2015,gsm8k,TA,2,6,0,88,0.52,ADMIT,0.518,0.0,0.902,e44:+0.026;e49*:-0.094
2016,metamath,TA,2,10,0,128,0.47,HELDOUT,,,,e55:-0.024;e58*:-0.005
2017,camel_science,TA,2,3,2,2,0.37,REFUSE,,,1.031,e15:-2.312;e17*:-3.344
2018,metamath,TB,2,3,1,128,0.49,HELDOUT,,,,e19:-0.033;e59*:-0.005
2019,ultrachat,TB,2,29,2,128,0.38,HELDOUT,,,,e67:-0.007;e72*:-0.137
2020,python_instructions,TB,2,2,1,33,0.58,ADMIT,0.047,,0.222,e63:+0.011;e65*:-0.167
2021,ultrachat,TA,2,35,2,128,0.37,ADMIT,0.082,,1.234,e78:-0.003;e80*:-0.012
2022,github_code,TA,2,2,2,64,0.52,ADMIT,0.263,,0.703,e82:-0.102;e0*:-0.102
2023,camel_science,TA,2,3,2,5,0.37,ADMIT,0.07,0.003,0.926,e15:+0.125;e17*:-0.994
2024,python_instructions,TB,2,4,1,74,0.59,ADMIT,0.562,0.007,0.428,e75:-0.030;e79*:-0.016
2025,slimorca,TB,2,14,2,101,0.41,HELDOUT,,,,e45:-0.023;e67*:-0.095
2026,python_instructions,TA,2,3,1,128,0.58,ADMIT,0.396,,0.762,e83:+0.002;e4*:-0.007
2027,ultrachat,TA,2,11,2,128,0.4,ADMIT,0.001,,0.934,e72:-0.069;e78*:-0.055
2028,gsm8k,TA,2,6,3,63,0.5,ADMIT,0.08,-0.003,0.241,e74:-0.039;e86*:-0.039
2029,ai2_arc,TA,2,7,2,10,0.4,ADMIT,0.072,-0.008,0.082,e80:-0.519;e82*:-0.412
2030,gsm8k,TA,2,6,3,70,0.5,ADMIT,0.346,0.006,0.357,e87:-0.088;e89*:+0.024
2031,metamath,TA,2,6,0,100,0.45,ADMIT,0.549,-0.001,0.301,e96:-0.023;e97*:-0.094
2032,metamath,TA,2,6,3,128,0.47,ADMIT,0.03,-0.001,0.137,e9:-0.055;e11*:-0.027
2033,ai2_arc,TA,2,9,2,12,0.39,ADMIT,0.27,0.018,0.062,e0:-0.292;e15*:-0.344
2034,camel_science,TA,2,3,2,2,0.61,REFUSE,,,0.0,e17:-0.062;e45*:-1.312
2035,camel_science,TB,2,3,2,2,0.61,REFUSE,,,0.0,e67:-2.531;e72*:-0.125
2036,ai2_arc,TA,2,7,2,6,0.41,HELDOUT,,,,e78:-0.917;e80*:-0.396
2037,github_code,TB,2,2,1,47,0.51,HELDOUT,,,,e18:-0.013;e19*:-0.082
2038,ai2_arc,TA,2,5,2,5,0.46,ADMIT,0.319,-0.131,0.025,e82:-0.338;e0*:-0.825
2039,camel_science,TA,2,3,2,2,0.48,REFUSE,,,0.0,e15:-0.250;e17*:-0.656
2040,gsm8k,TA,2,6,3,79,0.47,ADMIT,0.377,-0.001,0.719,e35:-0.066;e38*:-0.039
2041,ai2_arc,TB,2,7,2,2,0.37,HELDOUT,,,,e45:-0.344;e67*:-0.062
2042,python_instructions,TB,2,7,1,121,0.6,ADMIT,0.532,,0.49,e59:-0.010;e63*:+0.002
2043,camel_science,TA,2,3,2,3,0.53,REFUSE,,,3.094,e72:+0.125;e78*:+0.312
2044,metamath,TB,2,4,1,128,0.55,ADMIT,0.05,0.003,0.428,e65:-0.046;e75*:-0.021
2045,ai2_arc,TA,2,10,2,10,0.38,ADMIT,0.036,0.038,0.0,e80:-0.412;e82*:-0.356
2046,camel_science,TA,2,2,2,1,0.6,REFUSE,,,0.0,e0:-1.688;e15*:-1.625
2047,python_instructions,TA,2,2,1,25,0.6,ADMIT,0.091,0.026,0.977,e79:+0.025;e83*:+0.025
2048,slimorca,TB,2,10,1,128,0.44,ADMIT,0.016,-0.05,0.797,e4:-0.001;e18*:-0.039
2049,ai2_arc,TA,2,7,2,9,0.39,ADMIT,0.246,0.01,0.0,e17:-0.278;e45*:-0.583
2050,gsm8k,TA,2,5,3,64,0.46,ADMIT,4.399,-0.002,0.688,e56:-0.097;e74*:-0.066
2051,slimorca,TB,2,8,2,53,0.37,ADMIT,0.525,0.008,1.156,e67:-0.142;e72*:-0.104
2052,ai2_arc,TA,2,6,2,7,0.4,HELDOUT,,,,e78:-0.420;e80*:-0.598
2053,gsm8k,TA,2,7,0,128,0.48,HELDOUT,,,,e14:-0.163;e31*:-0.105
2054,ai2_arc,TA,2,5,2,6,0.37,ADMIT,0.16,,0.0,e82:-0.583;e0*:-0.875
2055,ultrachat,TA,2,24,2,126,0.4,ADMIT,0.048,-0.015,0.973,e15:-0.019;e17*:-0.089
2056,slimorca,TB,2,13,2,2,0.37,REFUSE,,,0.0,e45:-0.594;e67*:-0.906
2057,gsm8k,TA,2,7,0,128,0.54,ADMIT,0.608,0.007,0.449,e40:-0.017;e44*:-0.034
2058,ultrachat,TA,2,27,2,128,0.41,HELDOUT,,,,e72:-0.060;e78*:-0.077
2059,python_instructions,TB,2,4,1,128,0.6,ADMIT,0.229,,0.629,e19:-0.001;e59*:+0.010
2060,github_code,TB,2,3,1,25,0.6,ADMIT,0.109,0.001,0.691,e63:-0.005;e65*:-0.005
2061,camel_science,TA,2,3,2,3,0.37,REFUSE,,,1.586,e80:-1.667;e82*:-1.667
2062,ai2_arc,TA,2,8,2,12,0.42,ADMIT,1.687,0.082,0.0,e15:-0.297;e17*:-0.120
2063,camel_science,TA,2,3,2,2,0.49,REFUSE,,,3.281,e30:-1.281;e39*:-0.688
2064,github_code,TB,2,6,1,47,0.59,ADMIT,0.049,,0.977,e75:-0.072;e79*:-0.112
2065,gsm8k,TB,4,12,3,128,0.53,ADMIT,0.88,,0.332,e86:-0.021;e87:+0.004;e89:-0.048;e9*:-0.021
2066,camel_science,TB,4,4,2,5,0.42,ADMIT,3.565,,2.359,e67:+1.350;e72:+1.288;e78:+1.163;e80*:+1.413
2067,ai2_arc,TB,2,10,2,12,0.37,ADMIT,0.095,0.0,0.031,e82:-0.380;e15*:-0.380
2068,ai2_arc,TA,2,9,2,7,0.4,ADMIT,0.276,,0.0,e17:-0.411;e30*:-0.571
2069,gsm8k,TB,2,10,0,87,0.49,ADMIT,0.003,,0.19,e55:-0.019;e58*:-0.029
2070,camel_science,TB,2,5,2,2,0.61,REFUSE,,,1.438,e39:+1.438;e67*:+1.188
2071,camel_science,TA,2,4,2,1,0.61,REFUSE,,,0.0,e72:-1.750;e78*:-0.938
2072,metamath,TB,2,8,3,74,0.46,ADMIT,0.122,-0.011,0.277,e11:+0.025;e35*:+0.020
2073,metamath,TB,2,10,0,128,0.49,ADMIT,0.819,-0.001,0.33,e61:-0.101;e96*:+0.047
2074,python_instructions,TB,2,6,1,97,0.58,ADMIT,0.152,,0.551,e83:+0.015;e4*:+0.006
2075,gsm8k,TA,2,12,0,128,0.5,ADMIT,0.435,,0.66,e97:-0.095;e14*:-0.033
2076,python_instructions,TB,2,9,1,39,0.61,ADMIT,0.141,,0.439,e18:-0.075;e19*:+0.008
2077,camel_science,TA,2,7,2,2,0.37,REFUSE,,,0.188,e80:+0.188;e82*:+0.125
2078,github_code,TB,2,8,1,112,0.58,HELDOUT,,,,e59:-0.020;e63*:-0.006
2079,gsm8k,TB,2,16,0,128,0.48,ADMIT,1.525,0.007,0.781,e31:-0.013;e40*:-0.054
2080,github_code,TB,2,6,1,10,0.58,ADMIT,0.306,,0.375,e65:-0.038;e75*:-0.094
2081,github_code,TB,2,6,1,29,0.61,ADMIT,0.073,0.013,0.504,e79:-0.034;e83*:+0.041
2082,ultrachat,TA,2,50,3,128,0.39,ADMIT,0.152,,1.859,e38:-0.079;e56*:-0.046
2083,ai2_arc,TB,2,12,2,9,0.39,ADMIT,0.352,0.163,0.0,e15:-0.931;e17*:-0.208
2084,metamath,TB,2,8,3,128,0.47,ADMIT,0.209,0.002,0.395,e74:-0.040;e86*:-0.050
2085,ultrachat,TB,2,60,3,128,0.41,ADMIT,0.837,,1.5,e87:+0.011;e89*:+0.031
2086,slimorca,TA,2,38,2,122,0.4,ADMIT,0.412,,1.094,e25:-0.047;e39*:-0.061
2087,metamath,TB,2,16,0,128,0.48,ADMIT,0.645,0.006,0.103,e44:-0.080;e55*:-0.030
2088,ai2_arc,TB,2,9,2,5,0.42,ADMIT,0.496,-0.05,0.0,e67:-0.138;e72*:-0.875
2089,ai2_arc,TA,2,12,2,10,0.39,ADMIT,0.107,0.059,0.746,e78:-0.194;e80*:-0.256
2090,metamath,TB,2,6,3,63,0.45,ADMIT,0.291,,0.097,e9:-0.160;e11*:-0.128
2091,metamath,TA,2,10,2,86,0.45,ADMIT,0.164,-0.007,0.204,e82:-0.018;e15*:-0.078
2092,python_instructions,TB,2,8,1,128,0.6,ADMIT,0.044,,1.211,e4:+0.056;e18*:+0.007
2093,metamath,TA,2,8,3,101,0.49,HELDOUT,,,,e35:-0.037;e38*:-0.037
2094,metamath,TA,2,11,3,122,0.45,HELDOUT,,,,e56:-0.085;e74*:-0.027
2095,ultrachat,TA,2,30,2,128,0.39,ADMIT,0.684,,1.453,e17:-0.012;e25*:-0.015
2096,metamath,TB,2,7,1,58,0.51,ADMIT,0.092,0.0,0.086,e19:-0.164;e59*:-0.123
2097,slimorca,TB,2,11,2,35,0.41,ADMIT,0.115,,0.562,e39:-0.355;e67*:-0.355
2098,gsm8k,TA,2,9,0,59,0.53,ADMIT,1.311,-0.018,0.418,e58:-0.067;e61*:-0.097
2099,slimorca,TB,2,24,0,128,0.4,ADMIT,0.798,-0.002,0.191,e96:-0.079;e97*:-0.101
2100,ai2_arc,TA,2,15,2,12,0.41,ADMIT,0.163,-0.038,0.0,e72:-0.125;e78*:-0.125
2101,camel_science,TA,2,4,2,2,0.61,HELDOUT,,,,e80:-0.062;e82*:-1.344
2102,gsm8k,TB,2,8,3,114,0.49,HELDOUT,,,,e86:-0.003;e87*:-0.064
2103,slimorca,TB,2,69,3,24,0.45,ADMIT,0.116,0.023,2.656,e89:+0.062;e11*:+0.122
2104,camel_science,TA,2,7,2,4,0.43,HELDOUT,,,,e9:-0.031;e15*:-0.062
2105,metamath,TA,2,11,3,128,0.5,ADMIT,0.593,0.004,0.101,e29:-0.104;e35*:-0.056
2106,camel_science,TA,2,5,2,2,0.61,REFUSE,,,0.188,e17:-0.719;e25*:-0.469
2107,camel_science,TB,2,7,2,2,0.49,REFUSE,,,0.125,e67:-0.562;e72*:-0.375
2108,slimorca,TB,2,12,1,56,0.57,HELDOUT,,,,e63:+0.029;e65*:+0.042
2109,ai2_arc,TB,2,13,2,3,0.45,HELDOUT,,,,e78:-1.542;e80*:-1.167
2110,slimorca,TB,2,10,2,66,0.38,ADMIT,0.083,-0.02,1.875,e82:-0.239;e9*:-0.261
2111,gsm8k,TB,2,10,3,92,0.5,ADMIT,0.089,-0.004,0.594,e38:-0.110;e56*:-0.150
2112,ai2_arc,TB,2,9,2,8,0.4,ADMIT,0.288,0.026,0.0,e15:-0.227;e17*:-0.625
2113,ultrachat,TB,2,54,1,128,0.56,ADMIT,0.03,,1.062,e75:+0.060;e79*:+0.005
2114,ai2_arc,TB,3,11,2,10,0.37,ADMIT,0.088,-0.123,0.0,e25:-0.244;e67:-0.169;e72*:-0.525
2115,github_code,TB,2,5,1,74,0.52,ADMIT,0.019,0.002,1.258,e83:-0.006;e4*:-0.033
2116,metamath,TA,2,9,2,113,0.45,ADMIT,0.127,,0.114,e78:-0.013;e80*:-0.013
2117,metamath,TB,2,10,3,128,0.47,HELDOUT,,,,e74:-0.055;e86*:-0.095
2118,python_instructions,TB,2,8,1,98,0.59,ADMIT,0.004,0.007,0.613,e18:-0.040;e19*:-0.010
2119,metamath,TA,2,12,0,128,0.47,ADMIT,0.705,,0.312,e14:-0.038;e31*:-0.043
2120,gsm8k,TB,2,9,2,95,0.46,ADMIT,0.104,0.009,0.479,e82:-0.132;e15*:-0.055
2121,ai2_arc,TA,2,12,2,9,0.4,HELDOUT,,,,e17:-0.625;e25*:-0.285
2122,ultrachat,TB,2,36,2,128,0.4,ADMIT,0.685,0.007,1.031,e39:-0.036;e67*:-0.028
2123,ai2_arc,TA,2,14,2,9,0.37,ADMIT,0.426,0.005,0.418,e72:-0.708;e78*:-1.007
2124,camel_science,TA,2,7,2,3,0.53,HELDOUT,,,,e80:-0.042;e82*:-0.042
2125,metamath,TB,2,9,3,78,0.47,ADMIT,0.166,0.005,0.07,e87:-0.095;e89*:-0.095
2126,slimorca,TB,2,12,1,128,0.43,ADMIT,0.601,,0.902,e59:-0.037;e63*:-0.022
2127,python_instructions,TB,2,5,1,29,0.61,ADMIT,0.263,,0.379,e65:-0.047;e75*:-0.168
2128,python_instructions,TB,2,8,1,40,0.61,ADMIT,0.808,,0.594,e79:+0.038;e83*:+0.086
2129,python_instructions,TB,2,11,1,70,0.6,ADMIT,0.353,-0.006,0.135,e4:+0.004;e18*:-0.022
2130,python_instructions,TB,2,11,1,50,0.61,ADMIT,0.633,-0.018,0.357,e19:+0.030;e59*:+0.034
2131,ai2_arc,TA,2,10,2,8,0.4,ADMIT,0.29,0.025,0.0,e15:-0.555;e17*:-0.078
2132,slimorca,TB,2,30,3,5,0.37,HELDOUT,,,,e9:-0.263;e11*:-1.212
2133,python_instructions,TB,2,9,1,22,0.61,ADMIT,0.179,-0.011,0.906,e63:+0.011;e65*:+0.009
2134,github_code,TB,2,8,1,14,0.59,ADMIT,0.018,-0.007,0.578,e75:-0.049;e79*:-0.009
2135,python_instructions,TB,2,5,1,62,0.59,HELDOUT,,,,e83:-0.007;e4*:+0.018
2136,camel_science,TA,2,5,2,3,0.45,REFUSE,,,3.094,e25:+0.562;e39*:+1.000
2137,github_code,TB,2,4,1,50,0.6,HELDOUT,,,,e18:+0.054;e19*:+0.039
2138,camel_science,TB,2,4,2,3,0.53,REFUSE,,,0.0,e67:-2.000;e72*:-0.854
2139,ai2_arc,TB,2,10,2,5,0.42,ADMIT,1.255,,0.527,e78:-1.113;e80*:-0.863
2140,ultrachat,TA,2,39,3,128,0.42,ADMIT,0.604,-0.013,1.273,e35:+0.004;e38*:+0.004
2141,camel_science,TA,2,4,2,3,0.53,REFUSE,,,0.209,e82:-0.812;e15*:-0.542
2142,slimorca,TA,2,12,2,72,0.47,ADMIT,0.102,0.003,0.945,e17:-0.141;e25*:-0.142
2143,metamath,TB,2,8,3,128,0.55,ADMIT,1.614,,0.271,e56:-0.018;e74*:+0.014
2144,github_code,TB,2,9,1,88,0.61,ADMIT,0.083,,0.206,e59:-0.002;e63*:+0.003
2145,slimorca,TB,2,31,2,54,0.42,ADMIT,0.036,,0.486,e39:-0.124;e67*:-0.236
2146,metamath,TB,2,12,0,128,0.46,HELDOUT,,,,e40:-0.109;e44*:-0.034
2147,ai2_arc,TA,2,7,2,3,0.37,REFUSE,,,0.0,e72:-0.354;e78*:-0.354
2148,slimorca,TB,2,10,2,128,0.43,ADMIT,0.404,0.012,1.367,e80:-0.042;e82*:-0.053
2149,python_instructions,TB,2,4,1,128,0.6,HELDOUT,,,,e65:-0.017;e75*:+0.001
2150,ai2_arc,TB,2,15,2,17,0.37,ADMIT,0.209,,0.0,e15:-0.107;e17*:-0.107
2151,ai2_arc,TA,2,11,2,8,0.4,HELDOUT,,,,e25:-0.188;e39*:-0.188
2152,github_code,TB,2,6,1,11,0.61,ADMIT,0.072,,1.031,e79:-0.108;e83*:-0.102
2153,gsm8k,TB,2,9,0,128,0.54,ADMIT,0.06,,0.203,e55:-0.036;e58*:-0.037
2154,github_code,TB,2,4,1,106,0.56,HELDOUT,,,,e4:-0.004;e18*:-0.006
2155,gsm8k,TB,2,12,0,128,0.48,ADMIT,0.625,,0.445,e61:-0.107;e96*:-0.113
2156,python_instructions,TB,2,8,1,128,0.61,ADMIT,0.271,,0.195,e19:+0.000;e59*:+0.000
2157,ai2_arc,TB,2,15,2,14,0.37,ADMIT,0.03,0.013,0.0,e67:-0.214;e72*:-0.366
2158,gsm8k,TB,2,13,3,128,0.53,HELDOUT,,,,e86:-0.041;e87*:-0.066
2159,slimorca,TB,2,32,2,25,0.41,ADMIT,0.043,0.005,0.055,e78:-0.200;e80*:-0.128
2160,ai2_arc,TA,2,8,2,2,0.49,HELDOUT,,,,e82:-0.312;e15*:-0.188
2161,camel_science,TA,2,6,2,1,0.61,HELDOUT,,,,e17:-1.500;e25*:-3.250
2162,ai2_arc,TB,2,12,2,6,0.41,ADMIT,0.09,0.038,0.0,e39:-0.594;e67*:-0.448
2163,gsm8k,TB,2,8,3,48,0.49,ADMIT,1.265,0.024,0.844,e89:-0.186;e9*:-0.186
2164,ultrachat,TB,2,40,2,108,0.43,ADMIT,0.529,,1.586,e72:-0.045;e78*:-0.025
2165,ultrachat,TB,4,43,1,128,0.57,HELDOUT,,,,e63:-0.026;e65:-0.012;e75:-0.104;e79*:-0.023
2166,metamath,TB,4,4,1,128,0.59,ADMIT,0.404,,0.123,e83:-0.043;e4:+0.018;e18:+0.018;e19*:-0.097
2167,gsm8k,TA,2,8,0,89,0.49,ADMIT,0.577,,0.633,e97:-0.077;e14*:-0.133
2168,slimorca,TB,2,13,2,29,0.41,ADMIT,0.725,,1.008,e31:-0.129;e40*:-0.019
2169,camel_science,TA,2,5,2,3,0.45,REFUSE,,,2.75,e80:-0.792;e82*:-0.792
2170,camel_science,TB,2,7,2,1,0.61,HELDOUT,,,,e15:-1.125;e17*:-1.188
2171,ultrachat,TA,2,42,2,128,0.39,ADMIT,0.267,,1.07,e25:-0.035;e39*:-0.004
2172,camel_science,TB,2,7,2,3,0.61,HELDOUT,,,,e67:-0.458;e72*:-0.458
2173,gsm8k,TB,2,13,0,121,0.53,HELDOUT,,,,e44:-0.088;e55*:-0.075
2174,python_instructions,TB,2,7,1,128,0.61,HELDOUT,,,,e59:+0.008;e63*:+0.010
2175,ai2_arc,TA,2,7,2,3,0.48,REFUSE,,,0.0,e78:-0.917;e80*:-1.000
2176,ultrachat,TA,2,14,2,128,0.43,ADMIT,0.825,,0.992,e82:-0.105;e15*:-0.057
2177,ultrachat,TA,2,36,2,32,0.49,HELDOUT,,,,e17:-0.076;e25*:-0.176
2178,slimorca,TB,2,13,2,127,0.41,ADMIT,0.55,0.021,1.047,e39:-0.168;e67*:-0.086
2179,ultrachat,TA,3,45,2,128,0.42,ADMIT,0.188,,1.32,e72:-0.031;e78:-0.070;e80*:-0.033
2180,camel_science,TB,3,7,2,4,0.49,ADMIT,0.131,,0.0,e82:-0.062;e15:-0.062;e17*:-0.094
2181,metamath,TB,3,12,3,128,0.53,ADMIT,0.91,,0.443,e11:-0.025;e35:-0.021;e38*:-0.021
2182,gsm8k,TB,3,10,3,128,0.44,HELDOUT,,,,e56:-0.018;e74:-0.082;e86*:-0.018
2183,ai2_arc,TB,3,11,2,3,0.45,REFUSE,,,0.042,e25:-2.729;e39:-1.083;e67*:-0.854
2184,gsm8k,TB,3,7,3,79,0.56,ADMIT,0.21,,0.434,e87:-0.025;e89:-0.032;e9*:-0.040
2185,python_instructions,TB,3,6,1,52,0.56,HELDOUT,,,,e65:-0.049;e75:-0.047;e79*:-0.001
2186,github_code,TB,3,7,1,12,0.61,HELDOUT,,,,e83:-0.062;e4:-0.052;e18*:-0.036
2187,camel_science,TA,3,4,2,5,0.47,ADMIT,0.32,-0.002,0.2,e72:-0.512;e78:-0.575;e80*:-0.912
2188,python_instructions,TB,3,14,1,128,0.59,ADMIT,0.29,,2.766,e19:+0.002;e59:-0.027;e63*:-0.000
2189,ultrachat,TA,3,47,2,128,0.4,ADMIT,0.059,,1.602,e82:-0.011;e15:+0.002;e17*:-0.100
2190,ultrachat,TB,3,27,2,128,0.4,ADMIT,0.062,-0.003,0.957,e25:-0.052;e39:-0.100;e67*:-0.010
2191,gsm8k,TB,3,9,0,128,0.54,HELDOUT,,,,e58:-0.050;e61:-0.020;e96*:-0.025
2192,gsm8k,TB,3,8,3,120,0.5,ADMIT,0.448,,0.633,e11:-0.123;e35:-0.027;e38*:-0.180
2193,github_code,TB,2,3,1,86,0.47,ADMIT,0.528,-0.013,1.562,e65:-0.012;e75*:-0.012
2194,ai2_arc,TA,3,11,2,7,0.41,ADMIT,0.17,0.008,0.0,e72:-0.286;e78:-0.250;e80*:-0.250
2195,slimorca,TA,3,26,2,13,0.39,HELDOUT,,,,e82:-0.452;e15:-0.139;e17*:-0.231
2196,camel_science,TA,2,4,2,4,0.61,ADMIT,0.633,-0.079,1.188,e25:+0.312;e39*:+0.859
2197,camel_science,TB,3,5,2,1,0.61,REFUSE,,,0.75,e67:-6.875;e72:+0.625;e78*:-8.188
2198,ai2_arc,TB,3,9,2,3,0.37,HELDOUT,,,,e80:-2.125;e82:-2.188;e15*:-0.979
2199,gsm8k,TA,3,8,0,110,0.51,ADMIT,0.144,0.002,0.432,e97:-0.127;e14:-0.070;e31*:-0.045
2200,ultrachat,TA,3,52,2,128,0.39,ADMIT,0.168,-0.047,1.297,e17:-0.072;e25:-0.059;e39*:-0.052
2201,gsm8k,TB,3,8,0,128,0.51,ADMIT,1.106,,0.809,e40:+0.003;e44:+0.005;e55*:-0.004
2202,metamath,TB,3,8,3,95,0.47,ADMIT,0.475,0.017,0.516,e56:-0.093;e74:+0.005;e86*:-0.036
2203,ultrachat,TB,3,42,1,128,0.39,HELDOUT,,,,e79:-0.032;e83:+0.005;e4*:-0.042
2204,ai2_arc,TB,3,9,2,1,0.61,REFUSE,,,0.0,e67:-0.250;e72:-1.375;e78*:-0.375
2205,ultrachat,TB,3,38,2,128,0.39,ADMIT,0.126,,1.578,e80:+0.002;e82:-0.067;e15*:-0.002
2206,ai2_arc,TA,3,11,2,8,0.4,ADMIT,0.475,0.003,0.047,e17:-0.219;e25:-0.219;e39*:-0.219
2207,python_instructions,TB,2,4,1,92,0.59,ADMIT,0.423,-0.002,0.824,e18:+0.003;e19*:+0.007
2208,ai2_arc,TB,3,7,2,3,0.53,HELDOUT,,,,e67:-0.542;e72:-0.542;e78*:-1.042
2209,slimorca,TB,3,34,3,14,0.42,HELDOUT,,,,e87:-0.411;e89:-0.379;e9*:-0.143
2210,github_code,TB,2,3,1,6,0.61,ADMIT,1.625,-0.261,0.668,e59:-0.448;e63*:-0.010
2211,ultrachat,TA,3,45,2,128,0.43,ADMIT,0.224,,2.156,e80:-0.028;e82:-0.053;e15*:-0.016
2212,metamath,TB,3,14,0,128,0.49,HELDOUT,,,,e58:-0.023;e61:-0.020;e96*:-0.023
2213,metamath,TB,3,12,1,81,0.54,HELDOUT,,,,e65:-0.034;e75:-0.109;e79*:-0.086
2214,slimorca,TA,3,20,2,64,0.39,ADMIT,0.218,,0.93,e17:-0.036;e25:-0.111;e39*:-0.111
2215,gsm8k,TB,3,9,3,128,0.54,ADMIT,0.28,,0.508,e11:-0.055;e35:-0.029;e38*:-0.096
2216,ultrachat,TB,3,54,2,128,0.39,ADMIT,0.08,0.012,1.539,e67:-0.047;e72:-0.028;e78*:-0.001
2217,camel_science,TA,2,5,2,3,0.45,REFUSE,,,1.336,e80:-0.021;e82*:-0.333
2218,gsm8k,TA,3,12,0,128,0.52,HELDOUT,,,,e97:-0.062;e14:-0.040;e31*:-0.062
2219,ai2_arc,TB,3,9,2,5,0.42,ADMIT,0.902,-0.013,0.0,e15:-0.200;e17:-0.225;e25*:-1.650
2220,gsm8k,TB,3,13,0,117,0.51,ADMIT,0.91,0.013,0.625,e44:-0.096;e49:-0.060;e55*:-0.119
2221,ai2_arc,TB,3,13,2,8,0.4,HELDOUT,,,,e39:-0.828;e67:-0.469;e72*:-0.414
2222,github_code,TB,2,3,1,36,0.58,HELDOUT,,,,e83:+0.017;e4*:-0.005
2223,ai2_arc,TA,3,11,2,5,0.37,ADMIT,0.357,0.009,0.0,e78:-0.438;e80:-0.400;e82*:-0.425
2224,slimorca,TB,3,12,2,21,0.4,ADMIT,0.312,-0.017,1.336,e15:-0.342;e17:-0.205;e31*:-0.426
2225,camel_science,TB,2,6,2,4,0.55,ADMIT,1.972,,0.094,e39:-1.156;e67*:+0.031
2226,github_code,TB,2,5,1,63,0.59,ADMIT,0.055,,0.691,e18:-0.049;e19*:+0.016
2227,ai2_arc,TA,2,9,2,5,0.47,ADMIT,0.168,-0.03,0.05,e72:-0.237;e78*:-0.237
2228,ai2_arc,TB,3,11,2,15,0.42,ADMIT,0.203,-0.02,0.101,e80:-0.117;e82:-0.129;e15*:-0.071
2229,ai2_arc,TA,3,12,2,11,0.4,ADMIT,0.317,0.041,0.0,e17:-0.301;e31:-0.062;e39*:-0.205
2230,metamath,TB,2,9,1,75,0.59,ADMIT,1.257,,0.183,e59:-0.066;e63*:-0.072
2231,python_instructions,TB,2,5,1,90,0.61,ADMIT,0.283,,0.461,e65:+0.019;e75*:+0.055
2232,ai2_arc,TB,3,11,2,9,0.4,ADMIT,0.129,0.083,0.153,e67:-0.424;e72:-0.062;e78*:-0.333
2233,python_instructions,TB,3,8,1,67,0.56,HELDOUT,,,,e79:-0.059;e83:-0.007;e4*:-0.102
2234,slimorca,TB,3,21,2,110,0.39,HELDOUT,,,,e80:+0.002;e82:-0.098;e15*:-0.107
2235,gsm8k,TB,3,10,3,128,0.49,HELDOUT,,,,e56:+0.007;e74:+0.015;e86*:+0.009
2236,ultrachat,TA,3,23,2,128,0.39,ADMIT,0.077,0.006,0.875,e17:-0.071;e31:-0.102;e39*:-0.117
2237,ai2_arc,TB,3,7,2,1,0.61,HELDOUT,,,,e67:-5.375;e72:-2.312;e78*:-0.750
2238,camel_science,TA,2,3,2,2,0.61,REFUSE,,,0.0,e80:-0.344;e82*:-0.344
2239,camel_science,TB,2,4,2,2,0.49,HELDOUT,,,,e15:+0.844;e17*:+1.531
2240,ai2_arc,TB,3,8,2,3,0.45,REFUSE,,,1.922,e39:+0.333;e67:-0.021;e72*:+0.208
2241,python_instructions,TB,3,8,1,30,0.61,HELDOUT,,,,e18:-0.133;e19:-0.108;e59*:-0.108
2242,github_code,TB,2,5,1,13,0.59,ADMIT,0.036,0.024,1.055,e63:-0.005;e65*:-0.005
2243,metamath,TB,3,8,0,128,0.51,ADMIT,1.208,-0.008,0.184,e58:-0.084;e61:-0.073;e96*:-0.034
2244,camel_science,TA,2,5,2,1,0.61,REFUSE,,,10.062,e78:+3.125;e80*:+3.188
2245,python_instructions,TB,2,3,1,61,0.61,ADMIT,0.025,,0.225,e75:-0.012;e79*:-0.018
2246,gsm8k,TA,3,10,0,68,0.58,HELDOUT,,,,e97:+0.040;e14:+0.012;e31*:+0.040
2247,metamath,TA,2,6,2,128,0.54,ADMIT,0.244,,0.32,e82:-0.021;e93*:-0.044
2248,camel_science,TB,2,3,2,1,0.61,REFUSE,,,3.688,e15:+0.688;e17*:+1.188
2249,slimorca,TB,3,18,2,84,0.38,ADMIT,0.409,-0.002,1.797,e40:-0.085;e44:-0.154;e55*:-0.080
2250,python_instructions,TB,2,8,1,30,0.6,ADMIT,0.275,0.003,0.715,e83:-0.079;e4*:-0.052
2251,metamath,TB,2,6,1,53,0.52,ADMIT,0.014,,0.14,e18:-0.075;e19*:-0.061
2252,ultrachat,TB,3,36,2,128,0.41,HELDOUT,,,,e39:+0.000;e67:-0.011;e72*:-0.054
2253,camel_science,TA,2,4,2,2,0.38,REFUSE,,,0.125,e78:-0.594;e80*:-0.594
2254,ultrachat,TA,3,38,2,128,0.39,ADMIT,0.075,0.003,0.453,e82:-0.046;e93:-0.023;e15*:-0.034
2255,github_code,TB,2,6,1,29,0.54,ADMIT,0.237,-0.004,0.559,e59:-0.024;e63*:+0.013
2256,github_code,TB,2,7,1,35,0.58,ADMIT,0.251,0.054,0.312,e65:-0.259;e75*:+0.064
2257,slimorca,TB,3,35,3,29,0.42,ADMIT,0.171,0.015,0.297,e87:-0.284;e89:-0.481;e9*:-0.485
2258,slimorca,TB,3,22,2,53,0.41,HELDOUT,,,,e17:-0.012;e39:-0.164;e67*:-0.077
2259,github_code,TB,2,4,1,14,0.61,ADMIT,0.274,0.02,0.773,e79:-0.080;e83*:-0.250
2260,ultrachat,TA,3,31,2,128,0.38,HELDOUT,,,,e72:-0.130;e78:-0.028;e80*:-0.104
2261,metamath,TA,2,8,0,120,0.49,ADMIT,0.116,,0.108,e58:-0.117;e61*:-0.146
2262,metamath,TB,2,11,0,128,0.45,HELDOUT,,,,e96:-0.026;e97*:-0.019
2263,ai2_arc,TB,2,9,2,1,0.37,REFUSE,,,0.875,e82:-0.312;e89*:-1.938
2264,ultrachat,TA,3,23,2,128,0.4,ADMIT,0.149,-0.006,2.297,e15:-0.016;e17:-0.064;e39*:-0.078
2265,gsm8k,TB,4,9,3,62,0.52,ADMIT,0.153,0.018,0.256,e11:-0.167;e35:-0.214;e38:-0.182;e56*:-0.068
2266,metamath,TB,4,9,2,89,0.45,ADMIT,0.258,0.005,0.238,e67:-0.079;e72:-0.070;e78:-0.070;e80*:-0.079
2267,ultrachat,TA,4,40,3,128,0.42,ADMIT,0.042,-0.048,1.477,e71:-0.054;e74:-0.037;e86:-0.041;e87*:-0.079
2268,python_instructions,TB,4,6,1,107,0.61,ADMIT,0.207,,0.695,e4:+0.005;e18:-0.025;e19:-0.025;e59*:+0.009
2269,github_code,TB,2,5,1,29,0.6,ADMIT,0.459,,0.605,e63:-0.062;e65*:-0.172
2270,camel_science,TA,2,6,2,2,0.49,REFUSE,,,0.0,e82:-4.375;e89*:-2.312
2271,camel_science,TA,2,6,2,2,0.49,REFUSE,,,0.0,e15:-0.188;e17*:-1.344
2272,slimorca,TB,2,25,3,23,0.41,ADMIT,0.513,-0.006,1.141,e9:-0.649;e11*:-0.565
2273,slimorca,TB,2,10,2,128,0.4,HELDOUT,,,,e39:+0.031;e67*:+0.054
2274,ultrachat,TA,2,19,2,128,0.38,ADMIT,0.181,,1.164,e72:-0.091;e78*:-0.163
2275,ai2_arc,TA,2,9,2,4,0.43,ADMIT,0.257,0.041,0.0,e80:-0.750;e82*:-0.719
2276,ai2_arc,TB,2,10,2,6,0.37,HELDOUT,,,,e89:-0.062;e15*:-0.042
2277,slimorca,TA,2,25,3,12,0.41,HELDOUT,,,,e35:-0.297;e38*:-0.542
2278,python_instructions,TB,2,9,1,44,0.61,HELDOUT,,,,e75:-0.028;e79*:-0.107
2279,gsm8k,TB,2,10,3,128,0.48,ADMIT,0.558,-0.009,0.371,e56:-0.035;e71*:-0.049
2280,ai2_arc,TB,2,10,2,8,0.37,ADMIT,0.006,0.039,0.031,e15:-0.344;e39*:-0.242
2281,camel_science,TB,2,6,2,2,0.61,REFUSE,,,0.0,e67:-0.250;e72*:-0.250
2282,ai2_arc,TA,2,11,2,8,0.37,ADMIT,0.075,-0.05,0.141,e78:-0.008;e80*:-0.211
2283,ai2_arc,TB,2,10,2,15,0.37,HELDOUT,,,,e82:-0.192;e89*:-0.317
2284,slimorca,TB,2,11,2,22,0.44,HELDOUT,,,,e11:+0.139;e15*:+0.003
2285,gsm8k,TA,2,10,3,128,0.51,ADMIT,0.922,-0.007,0.527,e74:-0.023;e86*:-0.113
2286,metamath,TA,2,10,0,128,0.48,HELDOUT,,,,e14:-0.100;e31*:-0.104
2287,ai2_arc,TB,2,7,2,2,0.49,HELDOUT,,,,e39:-0.312;e67*:-1.375
2288,metamath,TA,2,11,0,113,0.47,HELDOUT,,,,e40:-0.069;e44*:-0.044
2289,camel_science,TA,2,5,2,3,0.53,REFUSE,,,0.293,e72:-0.479;e78*:-1.500
2290,ai2_arc,TA,2,12,2,2,0.61,HELDOUT,,,,e80:-0.906;e82*:-2.000
2291,metamath,TB,2,9,1,128,0.56,ADMIT,0.051,,0.125,e83:-0.012;e4*:-0.012
2292,github_code,TB,2,8,1,111,0.6,ADMIT,0.01,,0.264,e18:-0.009;e19*:+0.001
2293,github_code,TB,2,5,1,128,0.61,ADMIT,0.369,,0.605,e59:-0.026;e63*:-0.013
2294,ai2_arc,TA,2,10,2,3,0.45,REFUSE,,,0.042,e89:-1.083;e11*:-0.625
2295,camel_science,TA,2,4,2,2,0.49,REFUSE,,,3.531,e15:-0.562;e39*:-2.500
2296,ai2_arc,TB,2,9,2,4,0.43,ADMIT,0.148,,0.0,e67:-0.062;e72*:-0.062
2297,github_code,TB,2,9,1,88,0.61,ADMIT,0.035,,0.449,e65:+0.039;e75*:+0.048
2298,ai2_arc,TA,2,11,2,10,0.44,ADMIT,0.008,-0.015,0.0,e78:-0.194;e80*:-0.188
2299,ai2_arc,TB,2,8,2,2,0.49,REFUSE,,,0.625,e82:-0.656;e89*:-1.906
2300,ultrachat,TB,2,29,2,128,0.38,ADMIT,0.038,0.017,1.562,e11:+0.022;e15*:+0.041
2301,ultrachat,TB,2,22,2,69,0.41,ADMIT,0.157,,0.463,e39:-0.059;e67*:-0.212
2302,metamath,TB,3,11,1,128,0.5,ADMIT,0.201,,0.218,e79:-0.021;e83:-0.021;e4*:-0.021
2303,metamath,TB,3,10,0,128,0.52,HELDOUT,,,,e55:-0.002;e58:-0.024;e61*:+0.021
2304,ultrachat,TA,2,15,2,128,0.42,HELDOUT,,,,e72:-0.033;e78*:-0.033
2305,github_code,TB,2,6,1,67,0.6,HELDOUT,,,,e18:-0.090;e19*:-0.089
2306,python_instructions,TB,2,6,1,108,0.61,ADMIT,0.023,,0.285,e59:-0.024;e63*:-0.011
2307,slimorca,TA,2,25,2,42,0.42,ADMIT,0.035,,1.359,e80:+0.110;e82*:+0.110
2308,python_instructions,TB,2,5,1,128,0.61,HELDOUT,,,,e65:-0.007;e75*:-0.008
2309,slimorca,TA,2,21,3,4,0.43,ADMIT,0.488,-0.148,0.875,e87:-1.078;e9*:-0.609
2310,python_instructions,TA,2,6,1,66,0.6,ADMIT,0.037,,0.684,e79:+0.096;e83*:+0.051
2311,camel_science,TA,3,6,2,3,0.45,REFUSE,,,0.0,e89:-0.042;e11:-0.042;e15*:-0.042
2312,metamath,TB,3,11,3,128,0.45,ADMIT,0.329,,0.277,e35:-0.038;e38:-0.096;e41*:-0.146
2313,python_instructions,TB,3,9,1,88,0.6,ADMIT,0.031,,0.617,e4:-0.001;e18:-0.001;e19*:-0.021
2314,github_code,TB,3,9,1,74,0.6,ADMIT,0.2,,0.363,e59:+0.030;e63:+0.029;e65*:-0.007
2315,python_instructions,TB,3,9,1,47,0.61,ADMIT,0.033,0.007,0.457,e75:-0.150;e79:+0.037;e83*:+0.028
2316,metamath,TB,3,9,1,128,0.57,ADMIT,0.308,-0.0,0.097,e4:+0.005;e18:+0.014;e19*:+0.009
2317,ultrachat,TB,2,25,2,128,0.39,ADMIT,0.008,,1.055,e39:-0.003;e67*:-0.019
2318,gsm8k,TA,3,8,3,128,0.5,HELDOUT,,,,e56:-0.057;e71:-0.034;e74*:-0.034
2319,ai2_arc,TA,3,7,2,2,0.38,REFUSE,,,0.0,e72:-0.688;e78:-0.062;e80*:-1.281
2320,gsm8k,TA,3,8,3,64,0.53,ADMIT,1.338,-0.0,0.523,e86:-0.048;e87:-0.160;e29*:-0.205
2321,gsm8k,TB,3,13,0,128,0.48,HELDOUT,,,,e96:-0.028;e97:-0.034;e14*:-0.024
2322,gsm8k,TB,3,9,0,106,0.55,ADMIT,0.429,,0.289,e31:-0.061;e40:-0.061;e44*:-0.067
2323,gsm8k,TB,3,10,3,128,0.46,ADMIT,0.087,0.003,1.031,e35:-0.099;e38:-0.106;e41*:-0.099
2324,slimorca,TB,2,23,2,34,0.4,ADMIT,0.213,0.026,0.215,e82:-0.131;e89*:-0.125
2325,ultrachat,TA,2,34,2,128,0.4,ADMIT,0.042,,1.039,e9:-0.026;e11*:-0.040
2326,python_instructions,TB,3,6,1,35,0.57,ADMIT,0.127,,0.543,e59:+0.018;e63:+0.018;e65*:+0.036
2327,python_instructions,TB,3,8,1,80,0.6,ADMIT,0.058,,0.379,e75:-0.086;e79:-0.034;e83*:-0.024
2328,gsm8k,TB,3,13,0,128,0.48,HELDOUT,,,,e55:-0.069;e58:-0.098;e61*:-0.120
2329,github_code,TB,3,6,1,27,0.61,ADMIT,0.192,-0.009,0.436,e4:+0.106;e18:+0.118;e19*:+0.095
2330,slimorca,TA,2,29,2,56,0.44,ADMIT,0.043,,0.361,e15:-0.041;e39*:-0.055
2331,slimorca,TB,3,13,2,128,0.43,ADMIT,0.574,-0.005,1.008,e67:-0.142;e72:-0.042;e78*:-0.050
2332,slimorca,TB,2,29,3,128,0.45,HELDOUT,,,,e56:-0.009;e71*:-0.046
2333,ai2_arc,TA,3,10,2,3,0.61,REFUSE,,,0.0,e82:-0.271;e89:-0.167;e9*:-0.042
2334,metamath,TB,3,11,0,128,0.43,ADMIT,0.552,,0.238,e96:-0.081;e97:-0.081;e14*:-0.081
2335,gsm8k,TB,3,12,0,128,0.53,ADMIT,0.061,0.003,0.598,e31:-0.006;e40:+0.012;e44*:-0.009
2336,metamath,TB,3,10,3,113,0.49,ADMIT,0.132,-0.0,0.094,e74:-0.067;e86:-0.044;e87*:-0.027
2337,ultrachat,TA,3,26,2,21,0.43,HELDOUT,,,,e11:-0.193;e15:-0.455;e39*:-0.068
2338,slimorca,TB,3,14,1,128,0.48,ADMIT,1.287,,0.766,e55:+0.031;e58:+0.015;e61*:+0.022
2339,python_instructions,TB,3,12,1,128,0.59,ADMIT,0.099,,1.32,e59:-0.007;e63:-0.011;e65*:-0.008
2340,gsm8k,TA,3,11,3,112,0.54,ADMIT,0.495,,0.303,e35:-0.123;e38:-0.048;e41*:-0.090
2341,gsm8k,TB,3,9,3,128,0.48,HELDOUT,,,,e56:-0.036;e71:-0.005;e74*:-0.009
2342,camel_science,TB,3,6,2,4,0.55,ADMIT,0.215,-0.013,3.469,e67:+0.547;e72:+0.625;e78*:+0.656
2343,metamath,TA,3,13,3,128,0.44,ADMIT,0.365,0.001,0.214,e86:-0.021;e87:-0.032;e89*:-0.032
2344,metamath,TB,3,9,0,128,0.49,ADMIT,1.531,,0.096,e96:-0.049;e97:-0.082;e14*:-0.049
2345,python_instructions,TB,3,10,1,128,0.58,HELDOUT,,,,e75:-0.077;e79:-0.015;e83*:-0.071
2346,gsm8k,TA,3,13,0,128,0.5,ADMIT,0.327,,0.863,e31:-0.000;e40:-0.000;e44*:+0.015
2347,camel_science,TA,3,6,2,2,0.49,REFUSE,,,1.125,e80:+1.188;e82:-0.281;e9*:+1.188
2348,metamath,TA,3,13,3,128,0.48,ADMIT,0.052,0.004,0.27,e35:-0.089;e38:-0.022;e41*:-0.011
2349,gsm8k,TB,3,9,0,29,0.54,HELDOUT,,,,e55:-0.401;e58:-0.140;e61*:+0.060
2350,metamath,TB,3,15,0,128,0.46,HELDOUT,,,,e96:-0.078;e97:-0.017;e14*:-0.033
2351,ai2_arc,TB,3,10,2,5,0.44,HELDOUT,,,,e11:-0.300;e15:-0.950;e39*:-0.300
2352,python_instructions,TB,3,8,1,11,0.61,HELDOUT,,,,e4:+0.011;e18:-0.250;e19*:-0.023
2353,ultrachat,TB,3,19,2,123,0.39,HELDOUT,,,,e67:-0.077;e72:-0.027;e78*:-0.041
2354,metamath,TA,3,11,3,118,0.47,ADMIT,0.811,-0.006,0.235,e56:-0.017;e71:-0.032;e74*:-0.015
2355,metamath,TA,3,8,3,93,0.48,HELDOUT,,,,e86:-0.095;e87:-0.031;e89*:-0.097
2356,github_code,TB,3,7,1,89,0.61,ADMIT,0.285,,0.112,e59:+0.024;e63:+0.006;e65*:+0.021
2357,ai2_arc,TA,3,11,2,3,0.38,REFUSE,,,0.042,e80:-1.708;e82:-1.771;e9*:-1.500
2358,gsm8k,TB,3,10,0,97,0.54,HELDOUT,,,,e31:-0.057;e40:-0.157;e44*:-0.069
2359,ai2_arc,TA,3,8,2,1,0.61,REFUSE,,,0.0,e11:-0.438;e15:-0.688;e39*:-0.375
2360,camel_science,TB,3,6,2,2,0.49,REFUSE,,,0.5,e67:+0.188;e72:-0.500;e78*:-0.500
2361,python_instructions,TB,3,5,1,24,0.61,ADMIT,0.18,,0.836,e75:+0.031;e79:+0.016;e83*:-0.065
2362,ai2_arc,TA,3,11,2,11,0.4,ADMIT,0.102,-0.009,0.0,e80:-0.199;e82:-0.199;e9*:-0.199
2363,github_code,TB,3,7,1,8,0.61,ADMIT,0.077,0.007,1.445,e4:-0.859;e18:-0.422;e19*:-0.711
2364,gsm8k,TB,3,10,3,98,0.51,ADMIT,0.008,,0.303,e35:-0.056;e38:-0.032;e41*:-0.066
2365,camel_science,TB,4,6,2,1,0.61,REFUSE,,,0.0,e11:-1.688;e15:-3.000;e39:-0.125;e67*:+0.000
2366,camel_science,TA,4,5,2,1,0.61,HELDOUT,,,,e72:-0.562;e78:+0.000;e80:-0.562;e82*:-4.375
2367,gsm8k,TA,4,10,3,62,0.52,ADMIT,0.225,-0.002,0.125,e56:-0.062;e71:-0.061;e74:-0.049;e86*:-0.062
2368,python_instructions,TB,4,7,1,20,0.61,ADMIT,0.149,-0.058,0.945,e59:+0.022;e63:+0.025;e65:+0.013;e75*:+0.019
2369,ai2_arc,TA,2,6,2,2,0.49,HELDOUT,,,,e9:-1.969;e11*:-0.062
2370,ultrachat,TA,2,47,2,128,0.45,ADMIT,0.036,-0.03,0.605,e15:+0.006;e39*:-0.008
2371,slimorca,TB,2,24,2,6,0.42,ADMIT,0.196,-0.009,0.104,e67:-0.073;e72*:-0.031
2372,gsm8k,TB,2,10,0,128,0.5,ADMIT,0.477,0.002,0.512,e55:-0.124;e58*:-0.124
2373,github_code,TA,2,10,1,87,0.61,ADMIT,0.005,,0.75,e79:+0.055;e83*:+0.054
2374,github_code,TB,2,7,1,19,0.58,HELDOUT,,,,e4:-0.023;e18*:+0.013
2375,slimorca,TB,2,11,1,128,0.44,ADMIT,0.705,-0.005,1.453,e19:+0.000;e59*:+0.040
2376,ultrachat,TA,2,53,2,128,0.4,HELDOUT,,,,e78:+0.001;e80*:+0.072
2377,metamath,TA,2,8,3,88,0.49,ADMIT,0.539,-0.003,0.089,e87:-0.087;e89*:-0.099
2378,ultrachat,TA,2,34,2,128,0.43,ADMIT,0.044,,0.84,e82:-0.044;e9*:-0.043
2379,github_code,TB,2,6,1,19,0.61,ADMIT,0.056,,0.322,e63:+0.000;e65*:+0.000
2380,camel_science,TA,2,7,2,2,0.38,REFUSE,,,5.188,e11:+1.125;e15*:+1.062
2381,python_instructions,TA,2,7,1,56,0.6,HELDOUT,,,,e79:+0.012;e83*:-0.048
2382,ai2_arc,TB,2,8,2,3,0.38,REFUSE,,,0.0,e39:-1.667;e67*:-1.042
2383,gsm8k,TB,2,10,3,61,0.5,ADMIT,0.038,0.01,0.777,e34:-0.223;e35*:-0.197
2384,github_code,TB,2,6,1,33,0.61,HELDOUT,,,,e89:-0.006;e18*:-0.013
2385,slimorca,TB,2,12,1,128,0.4,ADMIT,0.042,0.003,1.297,e19:-0.098;e59*:-0.153
2386,camel_science,TA,2,5,2,4,0.49,ADMIT,0.068,-0.0,0.156,e72:+0.000;e78*:+0.094
2387,gsm8k,TB,2,10,0,107,0.53,ADMIT,1.4,,0.727,e61:-0.033;e96*:-0.046
2388,camel_science,TA,2,8,2,2,0.61,REFUSE,,,2.062,e80:-0.250;e82*:+0.406
2389,python_instructions,TB,2,8,1,22,0.61,ADMIT,0.11,,0.396,e63:-0.088;e65*:-0.020
2390,ai2_arc,TB,2,10,2,7,0.41,ADMIT,0.147,,0.0,e9:-0.348;e11*:-0.143
2391,slimorca,TA,2,9,2,41,0.39,HELDOUT,,,,e15:+0.082;e39*:-0.116
2392,github_code,TB,2,11,1,63,0.57,HELDOUT,,,,e75:+0.229;e79*:+0.146
2393,github_code,TA,2,6,1,32,0.61,ADMIT,0.387,,0.445,e83:-0.004;e89*:+0.006
2394,github_code,TB,2,8,1,56,0.61,ADMIT,0.492,-0.02,0.566,e18:+0.052;e19*:-0.096
2395,python_instructions,TB,2,23,1,128,0.59,ADMIT,0.03,,1.789,e59:+0.023;e63*:+0.019
2396,ultrachat,TB,2,32,2,128,0.39,HELDOUT,,,,e67:-0.043;e72*:-0.043
2397,python_instructions,TB,2,10,1,78,0.58,ADMIT,0.001,0.007,0.361,e65:-0.063;e75*:+0.001
2398,python_instructions,TB,2,8,1,11,0.61,HELDOUT,,,,e79:-0.420;e83*:-0.920
2399,ultrachat,TB,2,25,1,128,0.54,ADMIT,0.015,,0.719,e89:-0.037;e18*:-0.015
2400,gsm8k,TB,2,12,0,128,0.48,HELDOUT,,,,e97:-0.006;e4*:+0.011
2401,slimorca,TA,2,18,0,128,0.45,ADMIT,2.176,,0.844,e14:-0.058;e31*:-0.031
2402,github_code,TB,2,8,1,34,0.61,HELDOUT,,,,e19:-0.013;e59*:-0.006
2403,camel_science,TA,2,6,2,5,0.47,ADMIT,0.189,-0.018,0.025,e78:-0.025;e80*:-0.150
2404,metamath,TB,2,11,1,128,0.56,HELDOUT,,,,e63:-0.074;e65*:-0.044
2405,ultrachat,TA,2,44,2,128,0.39,ADMIT,0.004,,1.195,e82:-0.051;e11*:-0.035
2406,slimorca,TB,2,13,2,128,0.4,HELDOUT,,,,e15:-0.002;e17*:-0.040
2407,metamath,TB,2,9,1,128,0.59,HELDOUT,,,,e75:-0.009;e79*:-0.003
2408,python_instructions,TA,2,6,1,62,0.6,ADMIT,0.21,,0.139,e83:-0.069;e89*:+0.000
2409,github_code,TB,2,7,1,28,0.61,ADMIT,0.165,,0.445,e18:-0.074;e19*:-0.074
2410,python_instructions,TB,2,10,1,127,0.57,HELDOUT,,,,e59:-0.012;e63*:-0.006
2411,metamath,TA,2,11,3,128,0.45,ADMIT,0.307,0.004,0.161,e38:-0.035;e41*:+0.023
2412,github_code,TB,2,9,1,92,0.6,HELDOUT,,,,e65:-0.014;e75*:+0.019
2413,python_instructions,TA,2,6,1,69,0.58,ADMIT,0.071,-0.001,1.117,e79:-0.008;e83*:-0.010
2414,metamath,TB,2,9,3,94,0.49,ADMIT,0.151,0.0,0.136,e56:-0.054;e71*:-0.075
2415,ai2_arc,TB,2,12,2,12,0.46,ADMIT,0.526,0.03,0.334,e39:+0.010;e67*:-0.276
2416,gsm8k,TA,2,7,3,54,0.52,ADMIT,0.012,-0.001,0.199,e74:-0.015;e86*:-0.037
2417,ai2_arc,TA,2,11,2,2,0.38,REFUSE,,,0.0,e72:-0.625;e78*:-0.969
2418,ai2_arc,TA,2,11,2,7,0.38,ADMIT,0.339,-0.002,0.0,e80:-0.054;e82*:-0.196
2419,gsm8k,TB,2,12,0,128,0.51,ADMIT,0.253,,0.746,e40:-0.076;e44*:-0.076
2420,metamath,TA,2,11,3,128,0.49,ADMIT,0.102,0.003,0.146,e87:-0.166;e9*:-0.053
2421,python_instructions,TB,2,6,1,60,0.61,HELDOUT,,,,e89:-0.069;e18*:-0.075
2422,ai2_arc,TB,2,8,2,2,0.49,HELDOUT,,,,e11:-0.062;e15*:-0.062
2423,python_instructions,TB,2,8,1,57,0.61,ADMIT,0.319,0.014,0.852,e19:-0.052;e59*:-0.020
2424,gsm8k,TB,2,9,3,73,0.57,HELDOUT,,,,e35:-0.159;e38*:-0.116
2425,github_code,TB,2,5,1,18,0.6,HELDOUT,,,,e63:-0.094;e65*:-0.174
2426,python_instructions,TB,2,7,1,101,0.61,ADMIT,0.018,,0.562,e75:-0.018;e79*:-0.002
2427,python_instructions,TA,2,7,1,66,0.61,ADMIT,0.098,0.003,0.562,e83:-0.021;e89*:+0.013
2428,ultrachat,TA,2,40,2,128,0.46,ADMIT,0.179,,0.535,e17:-0.033;e39*:-0.031
2429,ultrachat,TB,2,30,2,90,0.38,ADMIT,0.157,0.011,0.949,e67:-0.140;e72*:-0.113
2430,slimorca,TB,2,11,1,128,0.53,ADMIT,0.119,,0.453,e18:-0.049;e19*:-0.037
2431,gsm8k,TA,2,12,3,61,0.5,ADMIT,0.12,0.001,0.277,e41:-0.134;e56*:-0.082
2432,slimorca,TB,2,12,1,46,0.41,ADMIT,0.521,0.006,1.258,e59:-0.174;e63*:-0.211
2433,metamath,TB,2,8,1,62,0.51,ADMIT,0.31,,0.191,e65:-0.096;e75*:-0.096
2434,python_instructions,TB,2,8,1,20,0.6,ADMIT,0.002,,0.312,e79:-0.031;e83*:-0.047
2435,github_code,TB,2,8,1,63,0.58,ADMIT,0.103,0.039,1.219,e89:-0.285;e18*:-0.131
2436,slimorca,TA,2,14,2,128,0.42,ADMIT,0.008,,1.234,e78:+0.108;e80*:+0.102
2437,ai2_arc,TB,2,10,2,2,0.49,REFUSE,,,0.0,e82:-0.125;e11*:-0.156
2438,ultrachat,TA,2,35,2,128,0.43,ADMIT,0.334,-0.001,1.016,e15:-0.053;e17*:-0.017
2439,github_code,TB,2,5,1,23,0.61,ADMIT,0.129,-0.001,0.562,e19:-0.049;e59*:-0.024
2440,gsm8k,TB,2,10,0,83,0.49,ADMIT,1.062,,0.486,e55:+0.017;e61*:-0.070
2441,camel_science,TB,2,6,2,2,0.49,REFUSE,,,2.5,e39:-1.219;e67*:+2.438
2442,python_instructions,TB,2,10,1,128,0.6,HELDOUT,,,,e63:+0.005;e65*:-0.003
2443,camel_science,TA,2,6,2,3,0.46,REFUSE,,,0.0,e72:-1.583;e78*:-0.458
2444,slimorca,TA,2,11,2,128,0.39,HELDOUT,,,,e80:-0.097;e82*:-0.103
2445,ultrachat,TA,2,33,2,128,0.41,ADMIT,0.027,,0.93,e11:-0.008;e15*:-0.009
2446,python_instructions,TB,2,8,1,128,0.58,ADMIT,0.226,0.001,1.031,e75:-0.007;e79*:-0.021
2447,python_instructions,TB,2,9,1,124,0.59,ADMIT,0.61,,0.887,e83:-0.030;e86*:-0.067
2448,camel_science,TA,2,5,2,5,0.56,ADMIT,1.032,0.009,0.5,e17:-0.800;e39*:+0.275
2449,python_instructions,TB,2,9,1,78,0.6,ADMIT,0.429,,0.289,e18:-0.024;e19*:-0.012
2450,python_instructions,TB,2,7,1,103,0.58,ADMIT,0.014,0.013,0.715,e59:-0.035;e63*:-0.030
2451,gsm8k,TB,2,11,0,58,0.52,ADMIT,0.584,-0.001,0.17,e96:-0.043;e97*:-0.024
2452,camel_science,TA,2,6,2,2,0.61,REFUSE,,,0.312,e67:-1.969;e72*:-1.500
2453,slimorca,TA,2,13,2,48,0.38,HELDOUT,,,,e78:+0.010;e80*:-0.074
2454,camel_science,TA,2,6,2,2,0.38,REFUSE,,,1.688,e82:+0.688;e11*:+0.406
2455,python_instructions,TB,2,14,1,57,0.58,ADMIT,0.283,,0.037,e65:+0.009;e75*:+0.010
2456,ultrachat,TB,2,30,2,128,0.39,HELDOUT,,,,e15:-0.017;e17*:-0.020
2457,github_code,TB,2,5,1,105,0.61,ADMIT,0.079,,0.723,e79:+0.006;e83*:+0.004
2458,slimorca,TB,2,16,2,119,0.39,ADMIT,0.046,,1.0,e39:-0.160;e67*:-0.153
2459,ultrachat,TA,2,39,2,128,0.4,HELDOUT,,,,e72:-0.008;e78*:-0.054
2460,camel_science,TA,2,6,2,2,0.49,REFUSE,,,0.0,e82:-0.500;e87*:-0.500
2461,python_instructions,TB,2,7,1,39,0.59,ADMIT,0.148,0.001,0.648,e83:-0.071;e18*:-0.048
2462,camel_science,TA,2,7,2,1,0.61,HELDOUT,,,,e11:-0.250;e15*:-1.688
2463,gsm8k,TB,2,13,3,108,0.53,HELDOUT,,,,e71:-0.065;e74*:-0.094
2464,github_code,TA,2,6,1,19,0.61,HELDOUT,,,,e19:-0.020;e39*:-0.020
2465,camel_science,TA,2,2,2,1,0.38,REFUSE,,,1.0,e17:-1.062;e67*:-4.188
2466,gsm8k,TA,4,5,3,49,0.51,ADMIT,0.751,,0.408,e86:-0.061;e89:-0.024;e9:-0.074;e35*:-0.087
2467,ultrachat,TA,4,30,2,128,0.4,HELDOUT,,,,e72:+0.002;e78:+0.005;e80:+0.014;e82*:-0.137
2468,metamath,TA,4,8,3,128,0.5,HELDOUT,,,,e38:-0.058;e41:-0.042;e56:-0.025;e71*:-0.050
2469,github_code,TB,3,3,1,22,0.61,ADMIT,0.381,-0.015,0.408,e59:+0.000;e63:-0.074;e65*:-0.040
2470,python_instructions,TB,2,2,1,121,0.59,ADMIT,0.009,,0.828,e75:-0.005;e79*:-0.005
2471,slimorca,TA,2,7,2,128,0.41,ADMIT,0.255,0.006,1.484,e87:-0.004;e11*:+0.029
2472,ai2_arc,TA,2,6,2,8,0.41,HELDOUT,,,,e15:-0.195;e17*:-0.305
2473,python_instructions,TB,2,6,1,128,0.59,ADMIT,0.017,,0.32,e83:-0.005;e18*:-0.007
2474,metamath,TA,2,4,1,128,0.56,HELDOUT,,,,e19:-0.008;e39*:+0.005
2475,gsm8k,TA,2,7,3,128,0.52,ADMIT,0.936,,0.383,e74:-0.072;e86*:-0.105
2476,slimorca,TB,2,6,2,25,0.43,ADMIT,0.235,-0.056,1.055,e67:-0.017;e72*:-0.392
2477,gsm8k,TB,2,6,0,128,0.5,ADMIT,0.014,-0.006,1.086,e4:-0.005;e14*:-0.040
2478,ultrachat,TA,2,39,2,128,0.38,ADMIT,0.216,,1.578,e78:-0.050;e80*:-0.021
2479,slimorca,TA,2,10,2,56,0.4,HELDOUT,,,,e82:-0.100;e87*:-0.040
2480,slimorca,TA,2,6,2,128,0.42,ADMIT,0.458,0.008,1.07,e11:-0.049;e15*:-0.031
2481,gsm8k,TA,2,5,0,86,0.52,ADMIT,0.053,-0.0,0.104,e31:-0.109;e40*:-0.297
2482,github_code,TB,2,4,1,26,0.61,ADMIT,0.125,-0.0,0.289,e59:+0.067;e63*:+0.026
2483,camel_science,TA,2,2,2,2,0.61,HELDOUT,,,,e17:-0.344;e67*:-1.688
2484,gsm8k,TB,2,10,3,128,0.5,HELDOUT,,,,e89:-0.074;e9*:-0.018
2485,slimorca,TA,2,8,2,77,0.42,ADMIT,0.009,-0.001,1.047,e72:-0.127;e78*:-0.074
2486,metamath,TB,2,12,0,109,0.51,ADMIT,0.753,-0.001,0.25,e44:-0.081;e55*:-0.021
2487,python_instructions,TB,2,3,1,128,0.57,ADMIT,0.062,,0.465,e65:-0.002;e75*:-0.008
2488,python_instructions,TA,2,2,1,82,0.58,HELDOUT,,,,e79:-0.005;e83*:-0.003
2489,python_instructions,TB,2,2,1,128,0.6,ADMIT,0.018,,0.328,e18:+0.002;e19*:-0.008
2490,metamath,TA,2,6,3,95,0.52,HELDOUT,,,,e35:-0.126;e38*:+0.005
2491,ai2_arc,TA,2,6,2,7,0.39,HELDOUT,,,,e80:-0.018;e82*:-0.759
2492,camel_science,TA,2,2,2,3,0.38,REFUSE,,,5.0,e87:+0.938;e11*:+0.854
2493,ai2_arc,TA,2,7,2,8,0.41,ADMIT,0.076,0.012,0.016,e15:-0.172;e17*:-0.172
2494,slimorca,TB,2,10,2,128,0.41,HELDOUT,,,,e67:-0.108;e72*:-0.108
2495,github_code,TB,2,3,1,16,0.57,ADMIT,0.095,0.014,0.137,e39:-0.059;e59*:-0.043
2496,metamath,TA,2,5,3,112,0.46,ADMIT,0.019,-0.031,0.264,e41:-0.090;e56*:-0.143
2497,ultrachat,TA,2,30,2,110,0.39,HELDOUT,,,,e78:-0.075;e80*:-0.028
2498,gsm8k,TA,2,6,3,128,0.53,HELDOUT,,,,e71:-0.044;e74*:-0.064
2499,gsm8k,TA,2,5,3,89,0.49,ADMIT,0.351,,0.473,e86:-0.035;e89*:-0.080
2500,ai2_arc,TA,2,4,2,1,0.61,HELDOUT,,,,e82:-1.312;e87*:-0.750
2501,camel_science,TA,2,2,2,1,0.61,HELDOUT,,,,e11:-1.312;e15*:-1.312
2502,github_code,TB,1,1,1,86,0.58,ADMIT,0.01,0.01,0.957,e63:-0.082
2503,camel_science,TA,2,3,2,1,0.38,HELDOUT,,,,e39:-0.750;e67*:-0.812
2504,python_instructions,TB,2,2,1,128,0.58,ADMIT,0.028,,0.375,e65:-0.019;e75*:-0.019
2505,camel_science,TA,2,2,2,1,0.61,REFUSE,,,0.5,e72:-3.750;e78*:-3.000
2506,ai2_arc,TA,2,8,2,10,0.41,ADMIT,0.087,0.011,0.0,e80:-0.294;e82*:-0.056
2507,metamath,TA,2,8,3,128,0.47,ADMIT,0.073,,0.053,e9:-0.011;e35*:-0.008
2508,ultrachat,TB,2,27,1,22,0.38,ADMIT,0.137,0.01,0.875,e79:-0.111;e83*:-0.122
2509,ai2_arc,TA,2,4,2,3,0.46,REFUSE,,,0.0,e87:-0.562;e11*:-1.333
2510,metamath,TA,2,6,3,106,0.47,ADMIT,0.075,,0.234,e38:-0.083;e41*:-0.073
2511,camel_science,TA,2,2,2,2,0.38,REFUSE,,,0.875,e15:-1.438;e39*:-1.219
2512,ai2_arc,TA,2,5,2,9,0.38,HELDOUT,,,,e67:-0.660;e72*:-0.229
2513,ultrachat,TA,2,48,2,128,0.4,ADMIT,0.445,0.019,1.055,e78:-0.035;e80*:-0.023
2514,camel_science,TA,2,3,2,2,0.5,HELDOUT,,,,e82:-1.812;e87*:-1.375
2515,ai2_arc,TA,2,5,2,4,0.44,HELDOUT,,,,e11:-1.594;e15*:+0.078
2516,metamath,TB,1,1,1,128,0.57,HELDOUT,,,,e18:-0.035
2517,github_code,TA,2,3,1,87,0.59,ADMIT,0.005,,0.676,e19:-0.015;e55*:+0.052
2518,gsm8k,TB,2,10,0,128,0.5,ADMIT,0.878,,0.559,e61:-0.034;e96*:-0.028
2519,camel_science,TA,2,2,2,2,0.38,REFUSE,,,2.969,e39:-0.875;e67*:-0.406
2520,slimorca,TA,2,10,2,128,0.43,ADMIT,0.074,,2.078,e72:-0.010;e78*:-0.046
2521,metamath,TA,2,3,1,126,0.58,ADMIT,1.048,,0.281,e97:-0.017;e4*:-0.015
2522,github_code,TB,1,1,1,77,0.51,ADMIT,0.654,,0.988,e63:-0.039
2523,metamath,TB,2,3,1,117,0.52,ADMIT,0.038,,0.318,e65:-0.036;e75*:-0.064
2524,gsm8k,TA,2,8,3,128,0.53,ADMIT,0.122,,0.285,e42:-0.030;e56*:-0.030
2525,github_code,TA,2,2,1,128,0.6,HELDOUT,,,,e79:-0.021;e83*:-0.071
2526,ai2_arc,TA,2,5,2,3,0.46,REFUSE,,,0.0,e80:-1.896;e82*:-1.354
2527,ai2_arc,TA,2,6,2,9,0.38,ADMIT,0.102,,0.0,e87:-0.347;e11*:-0.521
2528,ultrachat,TA,2,17,2,36,0.42,ADMIT,0.078,-0.002,0.449,e15:-0.075;e39*:-0.200
2529,github_code,TB,2,6,1,128,0.61,ADMIT,0.011,,0.66,e86:-0.016;e18*:-0.038
2530,metamath,TA,2,5,0,103,0.5,ADMIT,0.124,,0.219,e14:-0.009;e31*:-0.049
2531,metamath,TA,2,4,3,128,0.57,ADMIT,0.423,-0.008,0.125,e71:-0.025;e74*:-0.039
2532,slimorca,TA,2,4,2,87,0.43,ADMIT,0.331,,1.18,e67:-0.020;e72*:+0.029
2533,gsm8k,TA,2,5,3,91,0.5,ADMIT,0.089,-0.006,1.117,e89:-0.035;e9*:-0.041
2534,github_code,TB,2,3,1,117,0.61,ADMIT,0.12,,0.25,e19:+0.002;e59*:-0.025
2535,ai2_arc,TA,2,3,2,2,0.38,HELDOUT,,,,e78:-0.219;e80*:-0.656
2536,camel_science,TA,2,2,2,2,0.38,HELDOUT,,,,e82:-0.281;e87*:-2.219
2537,metamath,TB,2,2,1,115,0.51,ADMIT,0.34,,0.314,e63:-0.003;e65*:-0.003
2538,gsm8k,TA,2,4,3,66,0.5,ADMIT,0.242,0.008,0.719,e35:-0.078;e38*:-0.100
2539,metamath,TA,2,5,3,87,0.48,ADMIT,0.923,,0.092,e41:-0.050;e42*:-0.039
2540,metamath,TB,2,4,1,62,0.55,ADMIT,0.426,0.016,0.133,e75:-0.206;e79*:-0.018
2541,camel_science,TA,2,2,2,1,0.38,REFUSE,,,0.625,e11:-4.875;e15*:-2.812
2542,gsm8k,TA,2,5,3,128,0.5,ADMIT,0.042,,0.676,e56:-0.045;e71*:-0.045
2543,ultrachat,TA,2,61,2,128,0.42,ADMIT,0.646,,1.055,e17:-0.049;e39*:-0.085
2544,camel_science,TA,2,3,2,2,0.61,REFUSE,,,3.25,e67:-2.000;e72*:-2.000
2545,camel_science,TA,1,1,2,2,0.5,REFUSE,,,0.25,e78:-4.219
2546,slimorca,TA,2,13,2,3,0.49,REFUSE,,,0.0,e80:-1.042;e82*:-2.146
2547,ai2_arc,TA,2,7,2,12,0.4,HELDOUT,,,,e11:-0.156;e15*:-0.089
2548,slimorca,TB,2,19,3,26,0.41,ADMIT,0.158,0.019,1.266,e74:-0.538;e89*:-0.416
2549,gsm8k,TA,2,6,3,128,0.5,HELDOUT,,,,e9:-0.047;e35*:-0.044
2550,python_instructions,TA,2,2,1,26,0.61,ADMIT,0.063,0.002,0.535,e83:-0.043;e86*:-0.038
2551,ultrachat,TA,2,48,2,128,0.45,ADMIT,0.17,0.001,1.336,e17:-0.065;e39*:-0.029
2552,metamath,TA,2,5,3,121,0.5,HELDOUT,,,,e38:-0.046;e41*:-0.037
2553,slimorca,TB,2,14,2,128,0.4,HELDOUT,,,,e67:-0.112;e72*:-0.148
2554,gsm8k,TA,2,6,0,128,0.56,ADMIT,0.915,0.002,0.379,e40:-0.024;e44*:-0.030
2555,python_instructions,TB,2,10,1,128,0.61,HELDOUT,,,,e18:+0.003;e19*:-0.003
2556,ultrachat,TB,2,56,3,128,0.42,HELDOUT,,,,e42:+0.009;e56*:-0.032
2557,camel_science,TA,2,2,2,5,0.62,ADMIT,1.224,0.011,0.875,e78:-1.238;e80*:-1.387
2558,ultrachat,TA,2,35,2,128,0.43,ADMIT,0.415,,0.988,e82:-0.026;e11*:-0.014
2559,github_code,TB,2,5,1,11,0.62,ADMIT,0.104,,0.216,e59:-0.011;e63*:-0.011
2560,github_code,TB,2,2,1,29,0.61,ADMIT,0.077,,0.25,e65:-0.030;e75*:+0.000
2561,gsm8k,TA,2,5,3,111,0.54,ADMIT,0.199,,0.234,e71:-0.029;e74*:-0.030
2562,gsm8k,TA,2,8,3,100,0.56,HELDOUT,,,,e89:-0.093;e9*:-0.093
2563,gsm8k,TB,2,8,0,128,0.5,ADMIT,0.052,-0.002,0.66,e55:-0.036;e61*:-0.050
2564,camel_science,TA,2,3,2,4,0.56,ADMIT,0.406,-0.054,0.812,e15:-0.266;e17*:-0.734
2565,camel_science,TB,4,7,2,1,0.62,REFUSE,,,6.125,e39:-0.125;e67:+1.125;e72:-2.375;e78*:-7.500
2566,ai2_arc,TA,4,13,2,7,0.41,ADMIT,0.117,0.007,0.0,e80:-0.455;e82:-0.393;e11:-0.446;e15*:-0.062
2567,ultrachat,TB,4,40,2,65,0.39,HELDOUT,,,,e17:-0.070;e39:-0.007;e67:-0.134;e72*:+0.002
2568,github_code,TB,4,11,1,55,0.61,ADMIT,0.062,-0.005,0.07,e79:+0.009;e83:-0.001;e86:-0.011;e18*:-0.026
2569,slimorca,TB,2,21,3,99,0.45,ADMIT,0.595,,0.875,e35:-0.129;e38*:-0.152
2570,metamath,TA,2,15,3,128,0.51,HELDOUT,,,,e41:-0.017;e42*:-0.015
2571,metamath,TB,2,9,0,83,0.47,ADMIT,0.062,,0.167,e96:-0.060;e97*:-0.053
2572,slimorca,TA,2,14,2,70,0.4,ADMIT,0.126,,1.625,e78:-0.113;e80*:-0.112
2573,gsm8k,TB,2,11,0,90,0.48,HELDOUT,,,,e4:-0.113;e14*:-0.070
2574,slimorca,TB,2,34,2,128,0.4,ADMIT,0.147,,2.297,e82:-0.080;e11*:-0.058
2575,camel_science,TA,2,4,2,2,0.38,REFUSE,,,2.062,e15:-1.531;e17*:-1.531
2576,metamath,TA,2,10,3,113,0.45,ADMIT,0.235,,0.264,e56:-0.108;e71*:-0.007
2577,gsm8k,TA,2,9,0,69,0.49,ADMIT,0.056,-0.04,0.354,e31:-0.031;e40*:-0.046
2578,github_code,TB,2,6,1,12,0.62,ADMIT,0.001,,0.344,e19:-0.031;e59*:-0.021
2579,metamath,TB,2,9,1,128,0.53,ADMIT,0.222,,0.312,e63:-0.009;e65*:-0.042
2580,python_instructions,TB,2,9,1,64,0.58,ADMIT,0.313,,0.355,e75:-0.012;e79*:-0.017
2581,slimorca,TB,2,30,2,60,0.41,HELDOUT,,,,e67:-0.155;e72*:-0.061
2582,python_instructions,TA,2,6,1,18,0.62,HELDOUT,,,,e83:-0.014;e86*:-0.038
2583,slimorca,TA,2,11,2,128,0.42,HELDOUT,,,,e78:+0.016;e80*:-0.016
2584,ultrachat,TA,2,18,2,128,0.41,ADMIT,0.774,,0.977,e82:-0.008;e93*:-0.020
2585,camel_science,TA,2,6,2,3,0.62,REFUSE,,,0.5,e15:-2.562;e17*:-0.583
2586,slimorca,TB,2,12,2,26,0.44,ADMIT,0.022,0.005,2.953,e18:+0.267;e19*:+0.275
2587,ai2_arc,TB,2,11,2,5,0.48,ADMIT,0.218,0.021,0.0,e39:-0.362;e67*:-0.250
2588,metamath,TB,2,9,1,128,0.58,ADMIT,0.192,,0.245,e59:-0.034;e63*:-0.034
2589,github_code,TB,2,6,1,30,0.6,ADMIT,0.198,,0.719,e65:-0.060;e75*:-0.065
2590,python_instructions,TB,2,8,1,128,0.57,ADMIT,0.069,,0.609,e79:-0.011;e83*:-0.009
2591,gsm8k,TB,2,9,3,65,0.57,ADMIT,0.207,,1.07,e74:-0.053;e89*:+0.013
2592,ai2_arc,TA,2,12,2,9,0.51,ADMIT,0.71,,0.0,e72:-0.375;e78*:-0.375
2593,github_code,TB,2,7,1,60,0.61,ADMIT,0.033,-0.003,1.0,e86:-0.079;e18*:-0.079
2594,github_code,TB,2,5,1,52,0.62,ADMIT,0.097,-0.002,0.264,e19:-0.005;e59*:-0.014
2595,camel_science,TA,2,5,2,3,0.46,REFUSE,,,0.0,e80:-2.125;e82*:-2.125
2596,metamath,TB,2,17,0,128,0.44,ADMIT,0.271,-0.001,0.178,e44:-0.026;e55*:-0.082
2597,github_code,TB,2,4,1,4,0.62,ADMIT,0.011,,0.656,e63:-0.109;e65*:-0.109
2598,slimorca,TB,2,34,3,21,0.41,ADMIT,0.153,,0.083,e9:-0.214;e11*:-0.214
2599,python_instructions,TB,2,6,1,78,0.58,ADMIT,0.022,-0.001,0.59,e75:-0.047;e79*:-0.053
2600,ai2_arc,TA,2,11,2,10,0.4,ADMIT,0.161,0.01,0.0,e93:-0.531;e15*:-0.325
2601,metamath,TB,2,11,0,128,0.48,ADMIT,0.897,,0.131,e61:+0.012;e96*:+0.010
2602,ultrachat,TA,2,28,2,128,0.39,ADMIT,0.082,-0.004,1.148,e17:-0.113;e39*:-0.050
2603,gsm8k,TA,2,11,3,126,0.53,ADMIT,0.06,0.007,0.434,e35:-0.030;e38*:-0.050
2604,slimorca,TA,2,35,3,41,0.43,ADMIT,0.512,0.002,0.867,e41:-0.195;e56*:-0.143
2605,ai2_arc,TB,2,12,2,1,0.38,REFUSE,,,10.375,e67:+4.312;e72*:+4.438
2606,metamath,TA,2,10,3,99,0.52,ADMIT,0.207,-0.005,0.116,e74:-0.058;e86*:-0.135
2607,ultrachat,TB,2,38,2,128,0.41,HELDOUT,,,,e78:-0.008;e80*:-0.087
2608,metamath,TB,2,10,3,128,0.46,ADMIT,0.107,,0.199,e89:-0.034;e9*:-0.028
2609,python_instructions,TB,2,6,1,56,0.62,HELDOUT,,,,e79:+0.015;e83*:-0.046
2610,ai2_arc,TA,2,11,2,6,0.42,HELDOUT,,,,e82:-1.531;e93*:-0.917
2611,ai2_arc,TA,2,8,2,4,0.5,ADMIT,0.327,,0.0,e15:-0.031;e17*:-0.031
2612,camel_science,TB,2,6,2,1,0.62,REFUSE,,,0.0,e39:-3.438;e67*:-3.438
2613,ai2_arc,TA,2,13,2,13,0.4,ADMIT,0.183,-0.006,0.0,e72:-0.139;e78*:-0.139
2614,python_instructions,TB,2,10,1,128,0.6,ADMIT,0.004,,0.648,e16:-0.005;e18*:-0.012
2615,camel_science,TA,2,6,2,2,0.5,REFUSE,,,0.0,e80:-1.406;e82*:-2.094
2616,ai2_arc,TA,2,11,2,9,0.46,ADMIT,0.781,-0.023,0.0,e93:-0.722;e15*:-0.167
2617,metamath,TA,2,12,3,128,0.51,ADMIT,0.042,,0.195,e11:-0.059;e35*:-0.036
2618,camel_science,TA,2,5,2,2,0.62,REFUSE,,,0.0,e17:-0.062;e39*:-0.062
2619,metamath,TB,2,14,0,128,0.48,ADMIT,0.154,-0.008,0.172,e97:-0.088;e4*:-0.060
2620,gsm8k,TA,2,8,0,59,0.54,HELDOUT,,,,e14:-0.056;e31*:-0.031
2621,github_code,TB,2,5,1,17,0.58,HELDOUT,,,,e19:-0.129;e59*:-0.246
2622,github_code,TB,2,7,1,49,0.6,ADMIT,0.042,-0.003,1.172,e63:-0.015;e65*:+0.003
2623,slimorca,TB,2,10,2,50,0.41,ADMIT,0.005,-0.002,1.992,e42:+0.276;e67*:+0.303
2624,camel_science,TA,2,7,2,1,0.62,REFUSE,,,1.125,e72:-5.062;e78*:-9.062
2625,gsm8k,TA,2,9,3,78,0.54,ADMIT,0.621,-0.001,0.181,e38:-0.048;e41*:-0.061
2626,slimorca,TA,2,10,2,128,0.42,HELDOUT,,,,e80:-0.101;e82*:-0.167
2627,camel_science,TA,2,6,2,2,0.38,REFUSE,,,3.969,e15:-0.859;e17*:-0.859
2628,gsm8k,TA,2,9,3,78,0.53,ADMIT,0.054,0.006,0.52,e56:-0.140;e74*:-0.127
2629,ultrachat,TB,2,30,2,128,0.4,ADMIT,0.328,,0.969,e39:-0.056;e42*:-0.014
2630,github_code,TB,2,2,2,50,0.56,HELDOUT,,,,e67:-0.185;e72*:-0.151
2631,slimorca,TA,2,9,2,69,0.42,ADMIT,0.007,,1.57,e78:+0.012;e80*:+0.098
2632,metamath,TB,2,12,1,128,0.53,ADMIT,0.013,-0.001,0.262,e75:-0.125;e79*:-0.117
2633,github_code,TB,2,6,1,4,0.38,ADMIT,0.699,0.146,0.297,e83:-0.781;e16*:-0.047
2634,camel_science,TA,2,7,2,2,0.62,REFUSE,,,0.0,e82:-0.312;e15*:-0.312
2635,ultrachat,TA,2,45,2,128,0.42,ADMIT,0.059,,1.359,e17:-0.028;e39*:-0.002
2636,gsm8k,TA,2,11,0,128,0.53,ADMIT,0.049,0.0,0.691,e40:-0.016;e44*:-0.004
2637,gsm8k,TB,2,11,0,127,0.57,HELDOUT,,,,e55:-0.048;e61*:-0.064
2638,camel_science,TB,2,5,2,5,0.48,ADMIT,0.889,0.171,1.25,e42:-0.738;e67*:-0.919
2639,camel_science,TA,2,5,2,9,0.54,HELDOUT,,,,e72:+0.340;e78*:+0.049
2640,gsm8k,TA,2,7,3,56,0.53,ADMIT,0.064,-0.009,0.283,e86:-0.042;e89*:-0.085
2641,metamath,TA,2,11,3,108,0.45,ADMIT,0.161,,0.18,e9:-0.051;e11*:-0.044
2642,ai2_arc,TA,2,7,2,2,0.38,REFUSE,,,0.75,e80:+0.594;e82*:+0.344
2643,gsm8k,TB,2,12,0,66,0.54,ADMIT,0.437,-0.006,0.189,e96:-0.085;e97*:-0.104
2644,metamath,TB,2,6,1,54,0.6,ADMIT,0.052,,0.176,e18:-0.036;e19*:+0.021
2645,slimorca,TA,2,16,3,96,0.42,HELDOUT,,,,e35:-0.035;e38*:-0.066
2646,ultrachat,TB,2,29,2,124,0.44,ADMIT,0.167,,1.266,e15:-0.019;e17*:-0.057
2647,slimorca,TA,2,12,2,108,0.43,ADMIT,0.457,0.002,0.699,e39:-0.053;e42*:-0.072
2648,ultrachat,TB,2,44,2,128,0.42,ADMIT,0.281,,1.68,e67:-0.045;e72*:-0.006
2649,slimorca,TA,2,15,2,73,0.41,HELDOUT,,,,e78:-0.125;e80*:-0.178
2650,github_code,TB,2,6,1,20,0.62,ADMIT,0.284,-0.006,0.432,e59:-0.084;e63*:-0.109
2651,metamath,TA,2,16,3,128,0.45,HELDOUT,,,,e41:-0.129;e56*:-0.084
2652,metamath,TA,2,12,3,128,0.47,ADMIT,0.497,0.005,0.441,e74:-0.102;e86*:-0.024
2653,metamath,TA,2,15,3,128,0.44,ADMIT,0.163,0.006,0.131,e89:-0.142;e9*:-0.059
2654,ultrachat,TB,2,29,2,128,0.41,HELDOUT,,,,e4:-0.011;e14*:-0.165
2655,slimorca,TB,2,29,2,26,0.4,ADMIT,0.015,-0.005,0.154,e82:-0.103;e15*:-0.087
2656,github_code,TB,2,10,1,14,0.6,ADMIT,0.205,0.006,0.196,e65:-0.250;e75*:-0.058
2657,slimorca,TB,2,34,2,128,0.42,ADMIT,0.109,,0.699,e17:-0.104;e39*:-0.019
2658,github_code,TB,2,5,1,76,0.6,ADMIT,0.14,,0.578,e79:+0.015;e83*:+0.048
2659,camel_science,TB,2,5,2,1,0.62,REFUSE,,,0.0,e42:-0.688;e67*:-2.688
2660,gsm8k,TA,2,10,3,82,0.49,HELDOUT,,,,e11:-0.086;e35*:-0.045
2661,python_instructions,TB,2,7,1,88,0.6,ADMIT,0.483,-0.011,0.66,e16:+0.080;e18*:+0.055
2662,python_instructions,TB,2,5,1,128,0.61,ADMIT,0.028,0.004,0.24,e19:-0.048;e59*:+0.002
2663,ai2_arc,TA,2,13,2,12,0.41,ADMIT,0.113,,0.0,e72:-0.156;e78*:-0.047
2664,ai2_arc,TA,2,13,2,4,0.44,ADMIT,1.273,-0.003,0.469,e80:-1.406;e82*:-1.625
2665,python_instructions,TB,4,8,1,128,0.61,ADMIT,0.041,-0.005,0.648,e63:-0.017;e65:-0.022;e75:-0.033;e79*:-0.058
2666,slimorca,TA,3,26,2,126,0.39,ADMIT,0.1,-0.002,1.344,e15:+0.009;e17:-0.046;e39*:+0.003
2667,metamath,TA,3,11,3,128,0.43,HELDOUT,,,,e38:-0.074;e41:+0.012;e56*:-0.007
2668,ultrachat,TB,3,29,2,79,0.41,ADMIT,0.064,0.003,1.359,e42:-0.151;e67:-0.157;e72*:-0.175
2669,python_instructions,TB,3,8,1,22,0.61,HELDOUT,,,,e83:-0.043;e16:-0.051;e18*:-0.082
2670,python_instructions,TB,3,9,1,39,0.62,ADMIT,0.037,-0.004,0.301,e19:+0.021;e59:-0.002;e63*:-0.037
2671,camel_science,TA,2,4,2,3,0.62,REFUSE,,,0.0,e78:-1.104;e80*:-0.042
2672,github_code,TB,2,8,1,97,0.6,ADMIT,0.273,,0.467,e65:-0.009;e75*:-0.014
2673,metamath,TA,3,10,2,128,0.51,HELDOUT,,,,e82:-0.004;e15:-0.062;e17*:-0.062
2674,camel_science,TA,2,5,2,3,0.46,REFUSE,,,0.167,e39:+0.125;e42*:-0.667
2675,slimorca,TB,3,15,1,63,0.44,ADMIT,0.318,0.007,0.824,e79:-0.100;e83:-0.003;e16*:-0.003
2676,python_instructions,TB,2,7,1,12,0.58,ADMIT,0.404,-0.001,0.324,e18:-0.094;e19*:-0.542
2677,metamath,TA,2,12,3,128,0.46,ADMIT,0.099,,0.461,e74:-0.079;e86*:-0.106
2678,github_code,TB,2,7,1,128,0.6,ADMIT,0.051,,0.57,e59:-0.001;e63*:+0.001
2679,github_code,TB,2,6,1,18,0.62,ADMIT,0.075,-0.004,0.188,e65:-0.135;e75*:-0.049
2680,metamath,TB,2,13,2,128,0.44,HELDOUT,,,,e67:-0.013;e72*:-0.024
2681,camel_science,TA,2,6,2,3,0.62,HELDOUT,,,,e78:+0.583;e80*:+0.208
2682,github_code,TB,2,8,1,39,0.6,HELDOUT,,,,e79:-0.077;e83*:+0.011
2683,gsm8k,TB,2,9,3,62,0.52,ADMIT,0.412,-0.017,0.375,e89:-0.007;e9*:-0.155
2684,python_instructions,TB,2,6,1,128,0.61,ADMIT,0.026,,0.578,e16:+0.004;e18*:+0.004
2685,camel_science,TA,2,5,2,3,0.62,REFUSE,,,0.459,e82:-2.271;e15*:-0.146
2686,gsm8k,TA,2,12,0,66,0.52,ADMIT,0.285,0.001,0.196,e31:-0.145;e40*:-0.077
2687,ai2_arc,TA,2,11,2,5,0.43,ADMIT,0.256,0.003,0.0,e17:-0.338;e39*:-0.400
2688,metamath,TA,2,11,3,128,0.51,HELDOUT,,,,e11:-0.156;e35*:-0.156
2689,github_code,TB,2,7,1,73,0.6,ADMIT,0.143,,0.586,e19:-0.010;e59*:-0.011
2690,metamath,TA,2,8,3,73,0.46,HELDOUT,,,,e38:-0.155;e42*:-0.061
2691,python_instructions,TB,2,5,1,65,0.61,HELDOUT,,,,e63:+0.010;e65*:-0.002
2692,ultrachat,TB,2,28,1,128,0.6,HELDOUT,,,,e75:-0.084;e79*:-0.023
2693,python_instructions,TB,2,12,1,128,0.6,ADMIT,0.03,,1.953,e83:-0.019;e16*:-0.029
2694,slimorca,TB,2,14,1,84,0.49,ADMIT,0.1,-0.002,0.582,e18:-0.033;e19*:-0.060
2695,github_code,TB,2,10,1,128,0.61,ADMIT,0.128,,0.879,e59:+0.066;e63*:+0.070
2696,github_code,TB,2,7,1,22,0.62,ADMIT,0.085,,0.153,e65:-0.006;e75*:-0.006
2697,slimorca,TB,2,20,2,126,0.46,ADMIT,0.149,-0.008,0.707,e41:+0.014;e67*:-0.024
2698,github_code,TB,2,10,1,96,0.6,ADMIT,0.073,,0.328,e79:-0.004;e83*:+0.000
2699,github_code,TB,2,8,1,15,0.6,HELDOUT,,,,e16:+0.000;e18*:+0.000
2700,slimorca,TA,2,11,2,126,0.41,ADMIT,0.011,-0.014,1.062,e72:-0.072;e78*:-0.062
2701,camel_science,TA,2,5,2,3,0.46,HELDOUT,,,,e80:+0.583;e82*:+0.583
2702,ultrachat,TA,2,49,3,128,0.42,ADMIT,0.665,,1.0,e56:-0.059;e74*:-0.085
2703,metamath,TB,2,9,3,128,0.48,HELDOUT,,,,e86:-0.053;e89*:-0.045
2704,github_code,TB,2,10,1,1,0.39,REFUSE,,,5.25,e19:-2.438;e59*:-2.438
2705,ai2_arc,TA,2,10,2,4,0.39,HELDOUT,,,,e15:-0.219;e17*:-0.469
2706,ai2_arc,TA,2,9,2,1,0.62,REFUSE,,,0.0,e39:-3.250;e42*:+0.000
2707,camel_science,TB,2,7,2,4,0.45,ADMIT,0.058,-0.002,0.875,e67:-0.062;e72*:-0.438
2708,ai2_arc,TA,2,9,2,3,0.54,REFUSE,,,0.0,e78:-0.271;e80*:-0.375
2709,ai2_arc,TA,2,10,2,5,0.39,ADMIT,0.026,-0.213,0.0,e82:-0.325;e15*:-0.325
2710,metamath,TA,2,10,3,128,0.5,HELDOUT,,,,e9:-0.054;e11*:-0.037
2711,slimorca,TA,2,18,2,128,0.42,ADMIT,0.018,,1.594,e17:+0.006;e39*:-0.064
2712,slimorca,TB,2,8,2,101,0.44,ADMIT,0.02,-0.002,0.926,e42:-0.084;e67*:-0.084
2713,python_instructions,TB,2,9,1,36,0.62,ADMIT,0.122,-0.016,0.453,e63:-0.017;e65*:-0.036
2714,slimorca,TA,2,15,2,33,0.41,ADMIT,0.259,,1.391,e72:+0.032;e78*:-0.167
2715,ultrachat,TB,2,32,2,128,0.42,ADMIT,0.069,-0.003,1.172,e80:-0.008;e82*:-0.032
2716,camel_science,TA,2,6,2,3,0.54,REFUSE,,,0.042,e15:+0.000;e17*:-0.396
2717,metamath,TA,2,8,3,72,0.5,ADMIT,0.069,-0.003,0.243,e35:-0.018;e38*:-0.064
2718,ultrachat,TB,2,45,3,128,0.44,HELDOUT,,,,e41:-0.041;e56*:-0.058
2719,slimorca,TA,2,31,2,4,0.39,ADMIT,2.018,-0.115,0.0,e39:-1.875;e42*:-0.672
2720,python_instructions,TB,2,8,1,53,0.61,HELDOUT,,,,e75:-0.005;e79*:+0.017
2721,slimorca,TA,2,12,2,128,0.42,ADMIT,0.362,,0.711,e71:-0.062;e72*:+0.008
2722,gsm8k,TB,2,15,3,116,0.51,ADMIT,0.141,-0.004,0.801,e74:-0.033;e86*:-0.032
2723,gsm8k,TB,2,11,0,128,0.55,ADMIT,0.653,,0.395,e44:+0.026;e55*:+0.026
2724,ai2_arc,TA,2,11,2,11,0.4,ADMIT,0.591,0.027,0.0,e78:-0.051;e80*:-0.034
2725,metamath,TB,2,10,1,117,0.52,ADMIT,0.707,0.001,0.186,e83:-0.001;e16*:-0.032
2726,metamath,TB,2,8,1,98,0.54,ADMIT,0.053,,0.264,e18:-0.014;e19*:-0.006
2727,ultrachat,TB,2,34,2,128,0.43,HELDOUT,,,,e82:-0.010;e15*:-0.061
2728,ultrachat,TB,2,38,3,128,0.43,ADMIT,0.228,-0.012,1.578,e89:-0.042;e9*:-0.028
2729,slimorca,TB,2,9,0,20,0.39,ADMIT,0.171,0.033,0.473,e61:-0.128;e96*:-0.059
2730,metamath,TB,2,5,1,128,0.51,ADMIT,0.329,0.011,0.264,e59:-0.127;e63*:-0.066
2731,ultrachat,TA,2,31,2,128,0.4,ADMIT,0.007,,0.824,e17:-0.070;e39*:-0.042
2732,camel_science,TB,2,7,2,3,0.46,REFUSE,,,2.047,e67:-0.083;e71*:-2.083
2733,gsm8k,TB,2,12,0,128,0.51,ADMIT,0.038,,0.228,e97:-0.083;e4*:-0.035
2734,slimorca,TA,2,17,2,52,0.44,ADMIT,0.055,,0.555,e72:-0.151;e78*:-0.224
2735,ultrachat,TA,2,43,2,128,0.4,ADMIT,0.017,,1.242,e80:-0.028;e82*:-0.087
2736,ultrachat,TB,2,39,2,128,0.47,ADMIT,0.055,,0.387,e15:-0.042;e17*:-0.052
2737,camel_science,TB,2,5,2,3,0.46,REFUSE,,,0.042,e39:-2.521;e67*:-0.938
2738,python_instructions,TB,2,11,1,93,0.61,HELDOUT,,,,e65:+0.040;e75*:+0.020
2739,ultrachat,TB,2,33,2,128,0.46,ADMIT,0.145,,1.078,e71:-0.019;e72*:-0.110
2740,ai2_arc,TA,2,10,2,2,0.5,REFUSE,,,2.062,e78:+1.156;e80*:+1.156
2741,metamath,TA,2,8,3,102,0.46,ADMIT,0.008,0.0,0.143,e11:-0.051;e35*:-0.008
2742,ultrachat,TA,2,52,2,128,0.41,ADMIT,0.066,,1.055,e82:-0.051;e15*:-0.061
2743,slimorca,TA,2,32,3,4,0.45,HELDOUT,,,,e38:-0.016;e56*:+0.469
2744,slimorca,TA,2,14,2,95,0.46,HELDOUT,,,,e17:+0.003;e39*:-0.007
2745,gsm8k,TA,2,9,0,128,0.58,ADMIT,0.259,,0.355,e14:-0.076;e31*:-0.055
2746,metamath,TB,2,9,1,128,0.54,ADMIT,0.979,0.002,0.199,e79:+0.012;e83*:+0.012
2747,ai2_arc,TB,2,9,2,5,0.44,ADMIT,0.773,,0.05,e41:-0.275;e67*:-1.275
2748,ai2_arc,TA,2,9,2,3,0.47,REFUSE,,,4.188,e72:+1.417;e78*:+0.562
2749,metamath,TA,2,8,3,128,0.5,HELDOUT,,,,e71:-0.062;e74*:-0.062
2750,metamath,TB,2,10,3,128,0.48,HELDOUT,,,,e86:-0.032;e89*:-0.019
2751,camel_science,TA,2,4,2,3,0.47,HELDOUT,,,,e80:-1.708;e82*:-1.708
2752,slimorca,TA,2,14,2,128,0.42,ADMIT,0.104,-0.033,0.98,e15:+0.043;e17*:-0.036
2753,slimorca,TA,2,11,2,126,0.41,ADMIT,0.57,-0.002,0.992,e39:-0.038;e41*:-0.056
2754,camel_science,TB,2,6,2,1,0.62,REFUSE,,,1.875,e67:-3.250;e72*:-2.438
2755,python_instructions,TB,2,5,1,39,0.62,ADMIT,0.46,0.042,0.436,e16:-0.196;e18*:-0.032
2756,ultrachat,TB,2,29,2,128,0.45,ADMIT,0.016,,0.785,e78:+0.004;e80*:+0.009
2757,gsm8k,TA,2,11,0,128,0.5,HELDOUT,,,,e40:-0.003;e44*:-0.003
2758,metamath,TA,2,9,3,128,0.49,ADMIT,0.244,,0.181,e9:-0.050;e11*:-0.022
2759,ai2_arc,TA,2,7,2,1,0.39,REFUSE,,,0.0,e82:-0.938;e15*:-1.438
2760,ultrachat,TB,2,43,3,128,0.43,ADMIT,0.408,0.001,1.32,e35:-0.008;e38*:+0.013
2761,metamath,TB,2,14,3,128,0.48,ADMIT,0.814,0.01,0.32,e56:-0.025;e71*:-0.025
2762,slimorca,TA,2,17,2,3,0.54,HELDOUT,,,,e17:+0.062;e39*:-1.562
2763,gsm8k,TB,2,10,0,70,0.51,HELDOUT,,,,e55:-0.101;e61*:-0.104
2764,ai2_arc,TB,2,7,2,2,0.5,REFUSE,,,0.0,e41:-0.125;e67*:-1.406
2765,python_instructions,TB,4,6,1,128,0.58,ADMIT,0.189,,0.684,e19:+0.003;e59:-0.006;e63:-0.016;e65*:-0.112
2766,python_instructions,TB,2,5,1,51,0.56,ADMIT,0.009,-0.005,0.32,e75:-0.031;e79*:-0.018
2767,metamath,TA,2,5,3,81,0.48,ADMIT,1.314,0.001,0.234,e74:-0.049;e86*:-0.089
2768,ai2_arc,TA,2,8,2,11,0.41,HELDOUT,,,,e72:-0.108;e78*:-0.023
2769,metamath,TB,2,8,3,128,0.48,ADMIT,0.219,-0.004,0.168,e89:-0.028;e9*:-0.028
2770,camel_science,TA,2,3,2,1,0.39,REFUSE,,,0.125,e80:-4.000;e82*:-4.000
2771,slimorca,TB,2,8,1,128,0.45,HELDOUT,,,,e83:-0.060;e16*:-0.117
2772,camel_science,TA,2,5,2,2,0.62,REFUSE,,,0.312,e15:-2.000;e17*:-2.312
2773,github_code,TB,2,6,1,23,0.62,ADMIT,0.009,-0.01,0.038,e18:-0.084;e19*:-0.179
2774,camel_science,TA,2,4,2,2,0.5,HELDOUT,,,,e39:-1.188;e41*:-0.344
2775,github_code,TB,2,4,1,16,0.62,ADMIT,0.177,-0.003,0.367,e59:+0.043;e63*:-0.070
2776,metamath,TA,2,6,3,128,0.5,ADMIT,0.047,,0.148,e11:-0.077;e35*:-0.113
2777,gsm8k,TB,2,9,0,76,0.5,ADMIT,0.343,-0.001,0.875,e96:-0.165;e97*:-0.155
2778,ai2_arc,TB,2,6,2,1,0.39,REFUSE,,,0.5,e65:-6.750;e75*:-3.375
2779,ultrachat,TB,3,26,2,128,0.42,ADMIT,0.041,,1.273,e67:+0.009;e72:+0.001;e78*:-0.029
2780,ai2_arc,TA,2,11,2,26,0.39,ADMIT,0.042,-0.018,0.0,e80:-0.147;e82*:-0.279
2781,camel_science,TA,2,3,2,2,0.39,REFUSE,,,3.188,e15:-2.188;e17*:-2.375
2782,ultrachat,TB,3,19,2,128,0.43,ADMIT,0.019,,1.062,e39:+0.002;e41:-0.002;e67*:-0.042
2783,gsm8k,TA,2,10,2,123,0.5,HELDOUT,,,,e72:-0.015;e78*:-0.024
2784,metamath,TB,2,4,1,94,0.59,HELDOUT,,,,e79:-0.097;e83*:-0.097
2785,metamath,TB,2,11,1,128,0.54,ADMIT,0.448,,0.228,e16:-0.028;e18*:-0.036
2786,github_code,TB,2,4,1,39,0.62,ADMIT,0.055,,0.311,e19:+0.006;e59*:-0.013
2787,ai2_arc,TA,2,8,2,10,0.42,HELDOUT,,,,e80:-0.244;e82*:-0.244
2788,ultrachat,TB,2,38,2,128,0.41,ADMIT,0.151,,0.91,e15:-0.018;e17*:+0.024
2789,python_instructions,TB,2,9,1,128,0.6,ADMIT,0.543,,0.334,e63:-0.001;e65*:-0.001
2790,ultrachat,TB,3,21,2,128,0.41,ADMIT,0.082,-0.006,1.625,e39:-0.019;e41:-0.044;e67*:-0.040
2791,ai2_arc,TA,2,6,2,2,0.62,HELDOUT,,,,e72:-0.938;e78*:-1.969
2792,github_code,TB,2,3,1,75,0.62,ADMIT,0.138,,0.091,e75:+0.014;e79*:+0.015
2793,github_code,TB,2,3,1,45,0.62,ADMIT,0.104,,0.046,e83:-0.060;e16*:-0.056
2794,gsm8k,TA,2,6,3,105,0.51,ADMIT,0.474,-0.006,0.922,e38:-0.007;e56*:-0.046
2795,slimorca,TB,2,8,1,51,0.43,ADMIT,0.116,0.003,1.094,e18:-0.022;e19*:-0.034
2796,ai2_arc,TA,2,14,2,9,0.39,HELDOUT,,,,e80:-0.944;e82*:-0.500
2797,gsm8k,TB,2,7,0,128,0.5,HELDOUT,,,,e4:-0.111;e14*:-0.176
2798,slimorca,TA,2,8,2,128,0.43,ADMIT,0.054,,0.934,e15:-0.009;e17*:-0.009
2799,github_code,TB,2,6,1,96,0.62,ADMIT,0.005,,0.293,e59:-0.013;e63*:-0.022
2800,ai2_arc,TB,2,6,2,2,0.39,REFUSE,,,0.0,e39:-0.375;e67*:-0.750
2801,python_instructions,TB,2,5,1,32,0.61,HELDOUT,,,,e65:+0.012;e75*:-0.039
2802,github_code,TB,2,7,1,22,0.62,ADMIT,0.327,-0.007,0.475,e79:-0.051;e83*:-0.043
2803,ultrachat,TB,2,20,2,103,0.44,ADMIT,0.121,-0.03,0.883,e71:-0.026;e72*:-0.061
2804,ultrachat,TA,2,40,2,128,0.44,ADMIT,0.012,,1.047,e78:-0.045;e80*:-0.027
2805,ai2_arc,TA,2,7,2,4,0.39,HELDOUT,,,,e82:-0.219;e15*:-0.062
2806,camel_science,TA,2,3,2,5,0.53,ADMIT,0.029,-0.019,0.2,e17:-0.825;e39*:-0.412
2807,gsm8k,TB,2,10,3,128,0.52,HELDOUT,,,,e56:-0.064;e74*:-0.039
2808,ultrachat,TB,2,26,2,128,0.41,HELDOUT,,,,e67:-0.083;e71*:-0.123
2809,ultrachat,TA,2,28,2,128,0.43,HELDOUT,,,,e72:-0.037;e78*:-0.033
2810,slimorca,TA,2,8,2,128,0.44,HELDOUT,,,,e80:-0.066;e82*:-0.061
2811,slimorca,TA,2,10,2,41,0.4,ADMIT,0.006,-0.022,1.883,e15:-0.236;e17*:-0.140
2812,metamath,TA,2,8,0,116,0.45,ADMIT,0.252,-0.006,0.258,e31:-0.015;e40*:-0.015
2813,github_code,TB,2,5,1,17,0.62,ADMIT,0.935,-0.003,0.35,e16:+0.346;e18*:+0.346
2814,slimorca,TB,2,8,2,113,0.39,ADMIT,0.081,-0.013,1.273,e39:+0.004;e67*:-0.021
2815,python_instructions,TB,2,3,1,83,0.62,ADMIT,0.376,,0.715,e19:+0.011;e59*:+0.011
2816,slimorca,TB,2,26,3,127,0.44,ADMIT,0.125,,0.781,e86:-0.001;e89*:-0.001
2817,camel_science,TB,2,4,2,3,0.47,REFUSE,,,4.781,e71:-0.979;e72*:-0.979
2818,camel_science,TA,2,4,2,3,0.62,REFUSE,,,8.5,e78:+0.812;e80*:+0.604
2819,gsm8k,TB,2,7,0,123,0.5,HELDOUT,,,,e44:-0.223;e55*:-0.221
2820,slimorca,TA,2,28,2,88,0.44,HELDOUT,,,,e82:-0.175;e15*:-0.052
2821,camel_science,TA,2,3,2,4,0.45,HELDOUT,,,,e17:-0.609;e39*:-0.078
2822,metamath,TB,2,7,1,128,0.55,ADMIT,0.026,,0.152,e63:+0.012;e65*:-0.025
2823,ultrachat,TA,2,31,3,128,0.44,ADMIT,0.248,,0.142,e9:-0.011;e11*:-0.018
2824,gsm8k,TB,2,8,0,81,0.56,HELDOUT,,,,e61:+0.000;e96*:+0.000
2825,python_instructions,TB,2,11,1,128,0.57,ADMIT,0.387,,1.445,e75:-0.009;e79*:-0.004
2826,camel_science,TB,2,4,2,4,0.45,ADMIT,3.371,0.028,1.719,e41:-1.297;e67*:-2.516
2827,gsm8k,TA,2,7,3,57,0.55,HELDOUT,,,,e35:-0.069;e38*:-0.068
2828,camel_science,TA,2,4,2,3,0.62,REFUSE,,,0.083,e72:-0.917;e78*:-1.312
2829,ai2_arc,TA,2,7,2,7,0.43,HELDOUT,,,,e80:-0.062;e82*:-0.062
2830,python_instructions,TB,2,3,1,31,0.62,ADMIT,0.116,-0.002,0.498,e83:-0.101;e16*:-0.006
2831,python_instructions,TB,2,5,1,128,0.62,HELDOUT,,,,e18:-0.043;e19*:-0.012
2832,metamath,TB,2,8,3,128,0.49,HELDOUT,,,,e56:-0.046;e71*:-0.146
2833,slimorca,TA,2,10,2,128,0.43,ADMIT,0.255,-0.003,0.586,e15:+0.008;e17*:-0.017
2834,github_code,TB,2,5,1,71,0.61,ADMIT,0.052,,0.398,e59:+0.023;e63*:+0.022
2835,python_instructions,TB,2,6,1,59,0.62,ADMIT,0.084,-0.009,0.369,e65:+0.083;e75*:+0.022
2836,python_instructions,TB,2,6,1,38,0.61,ADMIT,0.054,,0.305,e79:+0.204;e83*:+0.199
2837,metamath,TA,2,5,2,121,0.51,ADMIT,0.33,-0.003,0.211,e39:+0.002;e41*:-0.005
2838,ai2_arc,TB,2,12,2,15,0.41,ADMIT,0.111,0.021,0.0,e67:-0.308;e72*:-0.246
2839,slimorca,TA,2,10,2,62,0.44,ADMIT,0.197,0.005,0.555,e78:-0.084;e80*:-0.054
2840,gsm8k,TB,2,14,0,128,0.48,HELDOUT,,,,e97:+0.093;e4*:+0.040
2841,github_code,TB,2,6,1,121,0.62,ADMIT,0.456,,0.141,e16:+0.002;e18*:+0.005
2842,gsm8k,TA,2,8,0,128,0.47,ADMIT,0.554,0.028,0.738,e14:-0.024;e31*:-0.124
2843,ultrachat,TB,2,32,2,128,0.42,HELDOUT,,,,e82:+0.001;e15*:-0.034
2844,metamath,TA,2,10,3,128,0.47,ADMIT,0.381,0.007,0.115,e74:-0.010;e86*:-0.026
2845,python_instructions,TB,2,5,1,71,0.62,ADMIT,0.327,,0.34,e19:+0.018;e59*:+0.018
2846,github_code,TB,2,4,1,10,0.62,ADMIT,0.003,-0.003,0.801,e63:-0.050;e65*:-0.147
2847,slimorca,TA,2,9,2,124,0.4,ADMIT,0.239,0.018,1.375,e17:-0.069;e39*:-0.004
2848,python_instructions,TB,2,7,1,71,0.62,ADMIT,0.112,-0.006,0.268,e75:+0.039;e79*:+0.012
2849,github_code,TB,2,2,1,110,0.61,ADMIT,0.113,,0.182,e83:+0.009;e16*:+0.009
2850,python_instructions,TB,2,5,1,128,0.6,ADMIT,0.212,,0.695,e18:+0.000;e19*:+0.004
2851,slimorca,TA,2,10,2,128,0.42,HELDOUT,,,,e41:-0.115;e67*:-0.104
2852,ai2_arc,TA,2,7,3,1,0.39,REFUSE,,,0.0,e89:-0.875;e9*:-4.500
2853,ai2_arc,TA,2,8,2,10,0.42,ADMIT,0.02,,0.0,e72:-0.244;e78*:-0.050
2854,ultrachat,TB,2,19,2,128,0.4,HELDOUT,,,,e80:-0.075;e82*:-0.016
2855,slimorca,TA,2,10,2,128,0.47,ADMIT,0.032,-0.006,1.133,e15:-0.064;e17*:+0.005
2856,python_instructions,TB,2,3,1,96,0.62,ADMIT,0.193,,0.852,e59:+0.003;e63*:+0.006
2857,ultrachat,TA,2,28,2,128,0.41,ADMIT,0.288,,0.691,e39:-0.047;e41*:-0.091
2858,gsm8k,TA,2,9,3,74,0.52,HELDOUT,,,,e11:-0.086;e35*:-0.035
2859,metamath,TA,2,4,3,85,0.49,HELDOUT,,,,e38:-0.015;e56*:-0.028
2860,github_code,TA,2,4,2,3,0.54,HELDOUT,,,,e67:+0.000;e72*:+0.000
2861,metamath,TA,2,10,0,128,0.52,ADMIT,0.639,,0.164,e40:-0.021;e44*:-0.021
2862,gsm8k,TB,2,8,0,128,0.56,ADMIT,0.15,0.0,0.453,e55:-0.029;e61*:-0.085
2863,github_code,TB,2,4,1,7,0.62,HELDOUT,,,,e65:+0.196;e75*:-0.045
2864,slimorca,TA,2,12,2,128,0.43,ADMIT,0.189,-0.013,0.586,e78:-0.002;e80*:+0.003
2865,ai2_arc,TA,4,10,2,5,0.48,ADMIT,0.379,-0.022,0.0,e82:-0.425;e15:-0.700;e17:-0.637;e39*:-0.225
2866,gsm8k,TB,4,7,3,128,0.52,HELDOUT,,,,e71:-0.031;e74:-0.037;e86:-0.050;e89*:-0.069
2867,ultrachat,TB,4,23,2,128,0.41,ADMIT,0.111,,0.898,e41:-0.018;e67:-0.021;e72:-0.087;e78*:-0.024
2868,slimorca,TA,4,30,2,128,0.43,ADMIT,0.1,,0.273,e80:-0.036;e82:-0.062;e15:-0.060;e17*:-0.052
2869,github_code,TB,4,7,1,122,0.62,ADMIT,0.048,,0.49,e79:-0.007;e83:-0.016;e16:-0.015;e18*:-0.012
2870,python_instructions,TB,2,5,1,128,0.6,ADMIT,0.062,,0.699,e19:-0.007;e59*:-0.001
2871,python_instructions,TB,2,10,1,58,0.62,ADMIT,0.087,,0.387,e63:+0.013;e65*:+0.013
2872,slimorca,TB,2,22,2,3,0.47,REFUSE,,,0.083,e39:-4.104;e41*:-0.688
2873,camel_science,TA,2,6,2,3,0.54,HELDOUT,,,,e67:+0.375;e72*:-0.583
2874,slimorca,TA,2,16,3,100,0.45,ADMIT,0.079,,1.109,e9:-0.097;e11*:-0.076
2875,ultrachat,TA,2,41,2,128,0.46,ADMIT,0.079,,0.91,e78:-0.020;e80*:-0.036
2876,ultrachat,TB,2,44,2,128,0.42,ADMIT,0.12,,0.984,e82:-0.035;e15*:-0.021
2877,metamath,TB,2,8,0,128,0.56,ADMIT,0.881,-0.002,0.178,e96:-0.034;e97*:-0.056
2878,python_instructions,TB,2,5,1,117,0.62,HELDOUT,,,,e75:+0.011;e79*:+0.025
2879,camel_science,TA,2,6,2,2,0.5,REFUSE,,,0.062,e17:-4.594;e39*:-0.344
2880,slimorca,TA,2,8,3,57,0.46,HELDOUT,,,,e35:-0.302;e38*:-0.294
2881,python_instructions,TB,2,6,1,47,0.58,ADMIT,0.188,-0.005,0.398,e83:-0.024;e16*:-0.024
2882,github_code,TB,2,6,1,8,0.62,ADMIT,0.055,-0.001,1.094,e18:-0.023;e19*:+0.062
2883,gsm8k,TB,2,11,2,128,0.51,ADMIT,0.763,-0.003,0.508,e41:-0.047;e67*:-0.044
2884,github_code,TB,2,5,1,29,0.62,ADMIT,0.008,0.042,0.539,e59:-0.162;e63*:-0.125
2885,ultrachat,TA,2,39,2,128,0.39,ADMIT,0.036,,0.957,e72:-0.028;e78*:-0.060
2886,gsm8k,TA,2,8,2,128,0.49,ADMIT,0.432,-0.003,1.086,e80:+0.001;e82*:-0.053
2887,ai2_arc,TA,2,7,2,2,0.51,REFUSE,,,0.0,e15:-0.312;e17*:-0.375
2888,gsm8k,TB,2,11,3,128,0.54,HELDOUT,,,,e56:-0.132;e71*:-0.137
2889,camel_science,TA,2,4,2,4,0.51,ADMIT,0.995,0.044,1.156,e39:+0.484;e41*:+0.312
2890,ai2_arc,TA,2,10,2,8,0.39,HELDOUT,,,,e67:-0.430;e72*:-0.258
2891,gsm8k,TA,2,6,3,101,0.5,HELDOUT,,,,e74:+0.005;e86*:-0.010
2892,ai2_arc,TA,2,9,2,10,0.39,HELDOUT,,,,e78:-0.119;e80*:-0.044
2893,camel_science,TA,2,4,2,3,0.62,REFUSE,,,0.0,e82:-0.292;e15*:-0.292
2894,metamath,TA,2,8,2,128,0.56,ADMIT,0.071,,0.039,e17:-0.020;e39*:-0.009
2895,ai2_arc,TB,2,14,2,6,0.55,HELDOUT,,,,e41:-0.667;e67*:-0.250
2896,metamath,TB,2,6,1,96,0.53,ADMIT,0.197,0.001,0.402,e65:-0.031;e75*:-0.048
2897,metamath,TA,2,10,3,121,0.47,ADMIT,0.058,,0.147,e89:-0.169;e9*:-0.126
2898,python_instructions,TB,2,6,1,76,0.59,ADMIT,0.023,-0.017,0.664,e79:-0.017;e83*:-0.044
2899,ai2_arc,TA,2,11,2,8,0.45,ADMIT,0.428,0.07,0.297,e72:-0.141;e78*:+0.141
2900,python_instructions,TB,2,9,1,118,0.61,ADMIT,0.014,-0.003,0.613,e16:+0.018;e18*:-0.020
2901,ultrachat,TB,2,28,2,128,0.51,ADMIT,0.181,,1.258,e80:-0.033;e82*:-0.058
2902,slimorca,TB,2,9,1,128,0.45,ADMIT,0.053,0.003,0.859,e19:-0.080;e59*:-0.080
2903,python_instructions,TB,2,4,1,128,0.56,ADMIT,0.185,,0.404,e63:-0.005;e65*:-0.072
2904,gsm8k,TA,2,10,3,128,0.52,ADMIT,0.057,,0.395,e11:-0.025;e35*:-0.025
2905,github_code,TB,2,6,1,12,0.58,ADMIT,0.234,,0.01,e75:+0.005;e79*:-0.005
2906,github_code,TB,2,6,1,24,0.62,ADMIT,1.061,-0.002,0.391,e83:+0.349;e16*:+0.346
2907,ai2_arc,TA,2,10,2,12,0.41,ADMIT,0.002,-0.005,0.021,e15:-0.234;e17*:-0.073
2908,gsm8k,TB,2,11,0,128,0.5,ADMIT,1.614,0.004,0.719,e4:-0.002;e14*:+0.009
2909,gsm8k,TA,2,8,3,102,0.56,ADMIT,0.141,-0.007,0.191,e38:-0.150;e56*:-0.077
2910,slimorca,TA,2,17,2,6,0.43,ADMIT,1.191,,0.293,e39:-0.354;e41*:-1.250
2911,camel_science,TA,2,3,2,1,0.62,REFUSE,,,0.5,e67:-1.438;e72*:-1.438
2912,python_instructions,TB,2,8,1,29,0.62,HELDOUT,,,,e18:+0.149;e19*:+0.127
2913,gsm8k,TB,2,7,3,128,0.51,HELDOUT,,,,e71:-0.024;e74*:-0.004
2914,gsm8k,TB,2,9,3,99,0.55,ADMIT,0.346,0.002,0.307,e86:-0.066;e89*:-0.160
2915,slimorca,TA,2,15,2,128,0.43,ADMIT,0.165,0.0,1.305,e78:-0.077;e80*:-0.033
2916,ai2_arc,TA,2,9,2,11,0.4,ADMIT,0.256,0.018,0.0,e82:-0.534;e15*:-0.216
2917,gsm8k,TA,2,8,3,87,0.5,ADMIT,0.202,,0.459,e9:+0.005;e11*:+0.024
2918,metamath,TA,2,7,0,100,0.48,ADMIT,0.293,0.006,0.258,e31:-0.092;e40*:-0.028
2919,slimorca,TA,2,21,2,128,0.42,ADMIT,0.162,,0.789,e17:-0.076;e39*:-0.053
2920,slimorca,TB,2,30,3,92,0.43,ADMIT,0.514,0.009,0.809,e35:-0.243;e38*:-0.071
2921,github_code,TB,2,5,1,45,0.62,ADMIT,0.154,-0.01,0.445,e59:-0.010;e63*:-0.010
2922,metamath,TB,2,7,0,125,0.51,HELDOUT,,,,e44:-0.010;e55*:-0.021
2923,ai2_arc,TA,2,10,2,10,0.39,ADMIT,0.039,-0.05,0.0,e39:-0.050;e67*:-0.713
2924,ai2_arc,TA,2,10,2,8,0.48,ADMIT,1.441,-0.001,0.047,e72:-1.180;e78*:-0.445
2925,ai2_arc,TA,2,9,2,8,0.45,ADMIT,0.413,0.007,0.609,e80:+0.078;e82*:+0.008
2926,camel_science,TA,2,4,2,1,0.39,HELDOUT,,,,e15:-3.812;e17*:-3.312
2927,python_instructions,TB,2,6,1,128,0.62,ADMIT,0.103,,1.141,e65:-0.013;e75*:-0.042
2928,github_code,TB,2,6,1,12,0.6,ADMIT,0.121,0.017,0.793,e79:-0.016;e83*:+0.042
2929,ultrachat,TB,2,43,2,128,0.41,ADMIT,0.189,,0.621,e37:-0.064;e39*:-0.019
2930,metamath,TB,2,7,3,128,0.5,ADMIT,0.208,0.006,0.241,e56:-0.062;e71*:-0.062
2931,python_instructions,TB,2,5,1,45,0.62,ADMIT,0.485,,0.258,e16:-0.003;e18*:-0.014
2932,metamath,TB,2,4,1,109,0.51,ADMIT,0.02,0.025,0.508,e19:-0.086;e59*:-0.022
2933,ultrachat,TB,2,36,2,81,0.4,ADMIT,0.242,0.009,0.984,e67:-0.059;e72*:-0.085
2934,ultrachat,TB,2,63,3,128,0.45,ADMIT,0.018,-0.004,1.477,e74:-0.020;e86*:-0.050
2935,slimorca,TB,2,12,0,34,0.4,ADMIT,0.548,-0.038,0.68,e61:-0.173;e96*:-0.430
2936,slimorca,TB,2,18,2,128,0.42,HELDOUT,,,,e78:-0.068;e80*:-0.026
2937,metamath,TB,2,8,1,128,0.49,ADMIT,0.019,,0.344,e63:-0.061;e65*:-0.068
2938,metamath,TA,2,9,3,128,0.5,HELDOUT,,,,e89:-0.022;e9*:-0.022
2939,ultrachat,TA,2,45,3,128,0.45,ADMIT,0.165,,1.453,e11:-0.038;e35*:-0.044
2940,camel_science,TA,2,6,2,5,0.49,ADMIT,0.02,-0.08,0.0,e82:-0.050;e15*:-0.237
2941,slimorca,TA,2,28,2,92,0.41,ADMIT,0.126,0.002,0.346,e17:-0.263;e37*:-0.099
2942,camel_science,TA,2,4,2,1,0.62,REFUSE,,,2.0,e39:-4.312;e67*:-4.438
2943,github_code,TB,2,5,1,128,0.62,ADMIT,0.133,,0.042,e75:+0.004;e79*:+0.011
2944,ultrachat,TB,2,34,1,128,0.6,ADMIT,0.138,,0.49,e83:-0.045;e16*:-0.021
2945,metamath,TA,2,7,3,67,0.51,ADMIT,0.262,,0.527,e38:+0.014;e56*:-0.019
2946,ultrachat,TA,2,36,2,128,0.43,ADMIT,0.027,-0.0,0.754,e72:-0.017;e78*:-0.187
2947,ai2_arc,TA,2,8,2,3,0.47,HELDOUT,,,,e80:-0.042;e82*:+0.000
2948,ultrachat,TA,2,49,2,128,0.41,ADMIT,0.057,0.0,1.625,e15:-0.001;e17*:+0.047
2949,ultrachat,TA,2,36,2,112,0.43,HELDOUT,,,,e37:+0.005;e39*:-0.036
2950,slimorca,TB,2,18,2,128,0.4,HELDOUT,,,,e67:-0.129;e72*:-0.069
2951,metamath,TB,2,11,3,128,0.49,ADMIT,0.017,,0.189,e71:-0.080;e74*:-0.068
2952,github_code,TB,2,6,1,25,0.62,ADMIT,0.03,0.0,0.402,e18:-0.055;e19*:-0.012
2953,github_code,TB,2,8,1,75,0.61,ADMIT,0.202,-0.005,0.199,e59:-0.010;e63*:+0.006
2954,gsm8k,TB,2,11,0,128,0.53,ADMIT,0.184,0.004,0.369,e97:-0.121;e4*:-0.078
2955,camel_science,TA,2,5,2,3,0.55,HELDOUT,,,,e78:-0.042;e80*:-0.208
2956,camel_science,TA,2,4,2,3,0.55,REFUSE,,,1.672,e82:+0.021;e15*:-0.021
2957,slimorca,TA,2,16,3,54,0.44,ADMIT,0.076,,0.422,e86:-0.005;e89*:-0.098
2958,ai2_arc,TA,2,6,2,2,0.51,REFUSE,,,0.0,e17:-1.438;e37*:-1.438
2959,ultrachat,TB,2,38,2,128,0.42,HELDOUT,,,,e39:-0.122;e67*:-0.030
2960,python_instructions,TB,2,5,1,31,0.62,HELDOUT,,,,e63:+0.004;e75*:+0.004
2961,ai2_arc,TB,2,10,2,5,0.39,ADMIT,0.619,-0.03,1.0,e67:-0.150;e72*:-1.244
2962,metamath,TA,2,9,3,128,0.55,ADMIT,0.106,0.004,0.172,e11:-0.031;e35*:-0.058
2963,ultrachat,TB,2,52,2,128,0.44,ADMIT,0.015,,1.141,e78:+0.001;e82*:+0.000
2964,ai2_arc,TA,2,8,2,4,0.57,HELDOUT,,,,e9:-0.719;e15*:+0.000
2965,metamath,TB,4,11,0,128,0.48,HELDOUT,,,,e31:-0.012;e40:-0.010;e44:-0.012;e55*:-0.012
2966,ai2_arc,TB,4,7,2,3,0.55,HELDOUT,,,,e17:-0.042;e37:-0.062;e39:-2.406;e67*:-0.042
2967,ultrachat,TA,4,38,2,128,0.41,ADMIT,0.15,-0.002,0.77,e72:+0.021;e78:+0.012;e82:+0.012;e9*:-0.035
2968,metamath,TB,4,7,3,76,0.48,HELDOUT,,,,e38:-0.086;e56:+0.002;e65:-0.039;e71*:-0.002
2969,camel_science,TA,4,6,2,2,0.51,REFUSE,,,0.0,e15:-0.562;e17:-0.562;e37:-0.562;e39*:-3.219
2970,gsm8k,TB,4,12,0,128,0.49,HELDOUT,,,,e58:-0.018;e61:-0.016;e96:-0.016;e97*:-0.016
2971,ai2_arc,TB,4,10,2,7,0.43,HELDOUT,,,,e67:-0.304;e72:-0.304;e78:-0.134;e82*:-0.161
2972,gsm8k,TB,4,9,3,60,0.52,ADMIT,0.117,,0.073,e74:-0.037;e86:-0.098;e89:-0.092;e11*:-0.081
2973,slimorca,TA,4,10,2,128,0.42,HELDOUT,,,,e9:-0.001;e15:-0.058;e17:-0.057;e37*:-0.040
2974,ultrachat,TB,4,11,1,128,0.43,ADMIT,0.168,0.001,1.258,e79:-0.010;e83:-0.013;e4:-0.039;e16*:-0.032
2975,slimorca,TA,3,9,2,67,0.44,ADMIT,0.093,0.068,0.551,e39:-0.119;e67:-0.118;e72*:-0.119
2976,slimorca,TA,3,8,2,64,0.42,ADMIT,0.077,,1.023,e78:-0.073;e82:-0.073;e9*:-0.068
2977,python_instructions,TB,3,4,1,93,0.6,HELDOUT,,,,e18:+0.008;e19:+0.034;e59*:+0.034
2978,metamath,TA,3,7,0,59,0.48,ADMIT,0.092,-0.007,0.203,e14:-0.010;e31:-0.118;e40*:-0.138
2979,slimorca,TA,3,10,2,108,0.44,ADMIT,0.117,,1.031,e15:-0.034;e17:-0.049;e37*:-0.074
2980,metamath,TA,3,8,3,98,0.52,ADMIT,0.067,,0.13,e11:-0.033;e35:-0.033;e38*:-0.062
2981,camel_science,TA,3,6,2,3,0.55,REFUSE,,,0.0,e67:-1.938;e72:-0.562;e78*:-0.396
2982,ultrachat,TB,3,38,1,128,0.48,HELDOUT,,,,e63:-0.028;e75:-0.057;e79*:-0.004
2983,metamath,TB,3,11,3,128,0.51,HELDOUT,,,,e56:-0.042;e65:-0.029;e71*:-0.087
2984,camel_science,TA,3,6,2,2,0.51,HELDOUT,,,,e82:-0.469;e89:-5.875;e15*:-0.469
2985,metamath,TA,3,9,3,94,0.51,ADMIT,0.305,-0.002,0.233,e74:-0.173;e86:-0.162;e9*:-0.172
2986,python_instructions,TB,3,6,1,41,0.62,ADMIT,0.165,,0.303,e83:-0.027;e4:-0.014;e16*:-0.027
2987,python_instructions,TB,3,6,1,65,0.61,HELDOUT,,,,e18:+0.023;e19:-0.017;e59*:-0.013
2988,metamath,TB,3,8,0,128,0.51,HELDOUT,,,,e44:-0.114;e55:-0.082;e58*:-0.082
2989,camel_science,TA,2,4,2,2,0.4,REFUSE,,,0.25,e17:-2.031;e37*:-1.688
2990,ai2_arc,TB,3,14,2,5,0.44,HELDOUT,,,,e39:-0.050;e67:-0.138;e72*:-0.050
2991,ai2_arc,TB,3,7,2,3,0.47,REFUSE,,,0.083,e78:+0.000;e82:+0.042;e89*:-0.417
2992,github_code,TB,2,5,1,128,0.61,ADMIT,0.19,0.005,0.523,e63:-0.026;e75*:-0.021
2993,python_instructions,TB,2,5,1,34,0.62,ADMIT,0.048,,0.471,e79:+0.042;e83*:-0.040
2994,gsm8k,TB,2,8,0,59,0.53,HELDOUT,,,,e61:-0.126;e96*:-0.124
2995,slimorca,TB,2,42,2,128,0.42,ADMIT,0.033,-0.004,1.422,e15:-0.027;e17*:-0.023
2996,slimorca,TB,2,9,1,128,0.55,HELDOUT,,,,e4:-0.048;e16*:-0.023
2997,slimorca,TA,2,25,2,12,0.45,HELDOUT,,,,e37:-0.130;e39*:-0.339
2998,ai2_arc,TB,2,9,2,5,0.44,HELDOUT,,,,e67:-0.175;e72*:-0.150
2999,github_code,TB,2,5,1,82,0.6,ADMIT,0.045,,0.996,e18:+0.024;e19*:-0.035
3000,gsm8k,TA,2,10,3,82,0.55,ADMIT,0.214,,0.264,e11:-0.071;e35*:-0.032
3001,python_instructions,TB,2,5,1,19,0.62,ADMIT,0.045,0.004,0.578,e59:-0.030;e63*:-0.020
3002,slimorca,TA,2,13,2,128,0.45,ADMIT,0.2,-0.005,0.707,e78:-0.029;e82*:-0.025
3003,python_instructions,TB,2,5,1,128,0.59,HELDOUT,,,,e75:-0.021;e79*:-0.005
3004,ultrachat,TB,2,15,2,70,0.4,ADMIT,0.282,,0.855,e89:-0.260;e15*:-0.064
3005,gsm8k,TA,2,8,0,52,0.53,ADMIT,0.705,,0.125,e97:-0.157;e14*:-0.133
3006,camel_science,TA,2,5,2,1,0.4,REFUSE,,,0.0,e17:-2.688;e37*:-0.250
3007,ultrachat,TA,2,21,2,32,0.42,HELDOUT,,,,e39:-0.607;e67*:-0.090
3008,gsm8k,TA,2,9,0,86,0.56,ADMIT,0.035,,0.387,e31:-0.012;e40*:-0.049
3009,ai2_arc,TA,2,10,2,1,0.62,HELDOUT,,,,e72:-0.125;e78*:-0.125
3010,github_code,TB,2,6,1,45,0.62,ADMIT,0.028,,0.828,e83:-0.043;e4*:-0.039
3011,ultrachat,TB,2,34,2,128,0.41,ADMIT,0.205,,0.844,e82:-0.009;e89*:-0.025
3012,ultrachat,TA,2,38,3,128,0.45,ADMIT,0.047,,1.25,e38:-0.051;e56*:-0.002
3013,slimorca,TB,2,12,2,128,0.43,ADMIT,0.093,,0.613,e15:-0.040;e17*:-0.061
3014,metamath,TB,2,12,3,128,0.5,ADMIT,0.352,-0.003,0.504,e65:-0.020;e71*:-0.024
3015,camel_science,TA,2,4,2,2,0.62,HELDOUT,,,,e37:-2.781;e39*:-2.344
3016,github_code,TB,2,5,1,66,0.6,HELDOUT,,,,e16:+0.003;e18*:+0.005
3017,slimorca,TA,2,11,2,128,0.44,ADMIT,0.108,,0.82,e67:-0.033;e72*:-0.042
3018,gsm8k,TA,2,10,3,128,0.56,ADMIT,0.337,-0.006,0.166,e74:-0.032;e86*:-0.032
3019,python_instructions,TB,2,7,1,89,0.62,ADMIT,0.042,0.001,0.625,e19:-0.014;e59*:-0.014
3020,metamath,TA,2,9,3,121,0.49,ADMIT,0.034,-0.0,0.111,e9:-0.048;e11*:-0.024
3021,camel_science,TA,2,5,2,1,0.4,REFUSE,,,1.75,e78:-0.438;e80*:-3.500
3022,camel_science,TA,2,4,2,1,0.4,REFUSE,,,1.375,e82:-3.062;e15*:-1.375
3023,github_code,TB,2,5,1,47,0.61,ADMIT,0.02,0.021,0.934,e65:-0.047;e75*:-0.029
3024,gsm8k,TA,2,9,0,87,0.51,HELDOUT,,,,e40:-0.106;e44*:-0.159
3025,camel_science,TA,2,4,2,2,0.51,REFUSE,,,1.125,e17:-1.250;e37*:-1.250
3026,camel_science,TA,2,6,2,1,0.62,REFUSE,,,0.0,e39:-2.875;e67*:-2.000
3027,metamath,TB,2,10,0,128,0.49,ADMIT,1.603,0.035,0.629,e55:-0.084;e61*:-0.088
3028,python_instructions,TB,2,7,1,67,0.61,ADMIT,0.004,-0.002,0.586,e79:+0.048;e83*:+0.035
3029,slimorca,TA,2,97,2,50,0.4,ADMIT,0.153,-0.004,1.188,e72:-0.055;e78*:-0.085
3030,gsm8k,TB,2,9,0,71,0.53,ADMIT,0.521,-0.005,0.613,e96:-0.085;e97*:-0.100
3031,camel_science,TA,2,5,2,3,0.55,REFUSE,,,0.0,e80:-0.042;e82*:-0.104
3032,ultrachat,TB,2,21,1,128,0.57,ADMIT,0.349,,0.383,e16:+0.005;e18*:+0.009
3033,slimorca,TB,2,23,2,34,0.41,HELDOUT,,,,e15:-0.127;e17*:-0.276
3034,slimorca,TB,2,11,1,1,0.4,HELDOUT,,,,e19:-0.438;e59*:+0.312
3035,ultrachat,TB,2,39,2,128,0.42,HELDOUT,,,,e37:-0.074;e39*:-0.103
3036,slimorca,TB,2,10,2,46,0.4,ADMIT,0.019,-0.022,0.699,e63:+0.024;e65*:-0.031
3037,ai2_arc,TA,2,8,2,4,0.45,ADMIT,0.072,-0.774,0.0,e67:-0.328;e72*:-0.688
3038,camel_science,TA,2,6,2,1,0.4,REFUSE,,,0.125,e78:-0.125;e80*:-2.562
3039,metamath,TA,2,8,2,128,0.48,ADMIT,0.525,,0.277,e82:-0.027;e15*:-0.025
3040,slimorca,TA,2,7,2,128,0.47,ADMIT,0.094,,1.359,e17:-0.066;e37*:+0.021
3041,gsm8k,TA,2,8,3,128,0.52,ADMIT,0.022,-0.004,0.316,e35:-0.114;e38*:-0.088
3042,ultrachat,TB,2,31,2,128,0.44,HELDOUT,,,,e39:-0.091;e67*:-0.056
3043,github_code,TB,2,5,1,128,0.62,ADMIT,0.134,-0.006,0.473,e75:+0.008;e79*:+0.013
3044,ultrachat,TB,2,33,3,128,0.45,ADMIT,0.127,,1.516,e56:-0.052;e71*:-0.059
3045,ultrachat,TA,2,22,2,128,0.42,ADMIT,0.111,,0.98,e72:-0.028;e78*:-0.119
3046,camel_science,TB,2,4,2,2,0.62,HELDOUT,,,,e82:-0.375;e96*:-0.375
3047,github_code,TB,2,6,1,110,0.62,ADMIT,0.345,,0.371,e83:-0.010;e16*:-0.024
3048,github_code,TB,2,5,1,25,0.62,HELDOUT,,,,e18:-0.008;e19*:-0.244
3049,python_instructions,TB,2,8,1,54,0.61,ADMIT,0.083,-0.001,0.219,e59:+0.001;e63*:+0.028
3050,metamath,TA,2,7,3,128,0.54,ADMIT,0.088,,0.24,e74:-0.100;e86*:-0.088
3051,camel_science,TA,2,5,2,3,0.62,REFUSE,,,0.459,e15:-1.729;e17*:-2.427
3052,metamath,TB,2,9,0,128,0.52,ADMIT,0.862,,0.247,e4:-0.013;e14*:-0.050
3053,python_instructions,TB,2,5,1,44,0.62,HELDOUT,,,,e65:+0.004;e75*:-0.016
3054,python_instructions,TB,2,7,1,13,0.62,ADMIT,0.133,-0.112,0.443,e79:-0.005;e83*:-0.111
3055,ultrachat,TA,2,32,2,128,0.44,ADMIT,0.141,,1.086,e37:-0.005;e39*:+0.005
3056,metamath,TA,2,11,0,128,0.49,ADMIT,0.364,-0.016,0.352,e31:+0.005;e40*:-0.049
3057,gsm8k,TA,2,10,3,87,0.51,ADMIT,0.047,,0.301,e89:-0.075;e9*:-0.090
3058,python_instructions,TB,2,6,1,71,0.62,ADMIT,0.038,-0.003,0.25,e16:-0.012;e18*:-0.040
3059,metamath,TA,2,9,3,128,0.5,ADMIT,0.516,,0.245,e11:-0.077;e35*:-0.143
3060,ultrachat,TA,2,16,2,123,0.42,HELDOUT,,,,e67:-0.038;e72*:-0.018
3061,ai2_arc,TA,2,7,2,1,0.62,REFUSE,,,0.0,e78:-0.250;e82*:-0.250
3062,python_instructions,TB,2,6,1,117,0.57,ADMIT,0.053,,0.812,e19:-0.026;e59*:-0.019
3063,slimorca,TB,2,10,2,128,0.42,ADMIT,0.041,,1.406,e96:-0.140;e15*:-0.122
3064,gsm8k,TA,2,8,3,109,0.51,HELDOUT,,,,e38:-0.111;e56*:-0.033
3065,ai2_arc,TA,4,9,2,5,0.49,ADMIT,0.537,,0.0,e17:+0.000;e37:-1.087;e39:-1.062;e67*:+0.000
3066,github_code,TB,4,5,1,26,0.62,ADMIT,0.053,,0.467,e63:+0.000;e65:-0.014;e75:+0.014;e79*:+0.024
3067,camel_science,TA,2,5,2,2,0.62,REFUSE,,,0.062,e72:-4.531;e78*:+0.062
3068,gsm8k,TB,2,12,3,128,0.54,HELDOUT,,,,e71:-0.070;e74*:-0.036
3069,github_code,TB,2,4,1,40,0.61,ADMIT,0.085,-0.004,0.965,e83:-0.025;e16*:-0.070
3070,metamath,TB,2,13,3,128,0.5,ADMIT,0.476,-0.001,0.076,e86:+0.003;e89*:-0.005
3071,metamath,TB,2,8,2,128,0.52,ADMIT,0.594,,0.18,e82:-0.001;e96*:-0.022
3072,ultrachat,TB,2,31,2,128,0.46,ADMIT,0.026,,1.102,e15:-0.020;e17*:-0.018
3073,python_instructions,TB,2,5,1,84,0.6,ADMIT,0.086,,0.508,e18:-0.039;e19*:-0.021
3074,ai2_arc,TA,2,10,2,2,0.51,REFUSE,,,0.0,e37:-0.188;e39*:-0.188
3075,slimorca,TB,2,8,1,15,0.4,ADMIT,0.407,-0.014,1.523,e59:-0.704;e63*:-0.925
3076,github_code,TB,2,5,1,33,0.62,HELDOUT,,,,e65:-0.106;e75*:-0.027
3077,github_code,TB,2,3,1,123,0.62,ADMIT,0.15,,0.232,e79:-0.004;e83*:-0.003
3078,metamath,TB,2,15,0,128,0.53,HELDOUT,,,,e44:-0.022;e55*:-0.022
3079,ai2_arc,TB,2,8,2,9,0.42,ADMIT,0.039,-0.053,0.0,e67:-0.160;e72*:-0.271
3080,python_instructions,TB,2,6,1,119,0.61,ADMIT,0.084,,0.473,e16:-0.005;e18*:-0.001
3081,github_code,TB,2,5,1,23,0.61,ADMIT,0.096,0.023,0.977,e19:-0.227;e59*:-0.057
3082,slimorca,TA,2,10,2,128,0.42,ADMIT,0.065,,0.883,e78:-0.025;e80*:-0.008
3083,metamath,TA,2,8,3,128,0.5,ADMIT,0.572,,0.297,e9:-0.053;e11*:-0.024
3084,camel_science,TA,2,5,2,3,0.47,REFUSE,,,0.125,e82:-0.125;e15*:-0.229
3085,camel_science,TA,2,4,2,2,0.51,REFUSE,,,0.25,e17:-3.250;e37*:-3.250
3086,ai2_arc,TB,2,7,2,3,0.55,REFUSE,,,0.0,e39:-0.708;e67*:-0.667
3087,python_instructions,TB,2,10,1,128,0.61,ADMIT,0.043,,0.17,e63:-0.004;e65*:-0.004
3088,ai2_arc,TA,2,6,2,5,0.49,ADMIT,0.316,0.051,0.0,e72:-0.425;e78*:-0.200
3089,slimorca,TA,2,24,2,45,0.42,ADMIT,0.106,,0.48,e80:-0.128;e82*:-0.172
3090,gsm8k,TB,2,10,0,115,0.61,HELDOUT,,,,e61:-0.062;e96*:-0.070
3091,slimorca,TA,2,9,2,29,0.41,ADMIT,0.022,-0.023,1.547,e15:-0.067;e17*:-0.155
3092,camel_science,TA,2,4,2,3,0.47,REFUSE,,,0.938,e37:-2.000;e39*:-2.479
3093,ai2_arc,TB,2,9,2,3,0.47,REFUSE,,,0.0,e67:-0.208;e72*:-0.375
3094,python_instructions,TA,2,6,2,128,0.62,ADMIT,0.289,,1.102,e78:-0.006;e80*:-0.003
3095,ai2_arc,TA,2,7,2,3,0.55,REFUSE,,,0.75,e82:-1.958;e15*:-2.188
3096,ultrachat,TA,2,42,2,128,0.46,ADMIT,0.004,,0.656,e17:+0.002;e37*:-0.006
3097,github_code,TB,2,5,1,16,0.62,ADMIT,0.249,,0.512,e75:+0.051;e79*:+0.062
3098,camel_science,TA,3,5,2,2,0.62,HELDOUT,,,,e39:+1.156;e67:+0.812;e72*:-2.219
3099,ai2_arc,TA,3,8,2,7,0.43,ADMIT,0.064,-0.011,0.0,e78:-0.161;e80:-0.429;e82*:-0.179
3100,github_code,TB,3,4,1,76,0.6,ADMIT,0.28,-0.006,0.918,e83:-0.072;e16:-0.080;e18*:-0.054
3101,slimorca,TA,3,34,2,73,0.42,ADMIT,0.377,,0.488,e15:-0.013;e17:-0.010;e37*:-0.176
3102,github_code,TB,3,7,1,1,0.4,REFUSE,,,2.062,e19:-0.750;e59:-1.750;e63*:+0.500
3103,python_instructions,TB,3,10,1,128,0.62,ADMIT,0.347,,1.984,e65:-0.018;e75:-0.004;e79*:-0.020
3104,ultrachat,TB,2,35,2,128,0.44,ADMIT,0.058,,1.945,e39:-0.003;e67*:-0.021
3105,gsm8k,TA,3,8,3,128,0.53,ADMIT,0.218,0.011,0.258,e35:-0.118;e38:-0.048;e56*:-0.097
3106,slimorca,TA,2,72,2,26,0.42,ADMIT,0.052,0.005,1.492,e72:-0.069;e78*:-0.001
3107,metamath,TB,3,8,3,128,0.48,ADMIT,0.112,,0.14,e71:-0.095;e74:-0.085;e86*:-0.095
3108,camel_science,TA,2,3,2,3,0.47,HELDOUT,,,,e80:-2.979;e82*:-2.979
3109,github_code,TB,3,5,1,19,0.6,ADMIT,0.193,-0.001,0.777,e83:-0.016;e16:-0.043;e18*:-0.016
3110,ultrachat,TA,2,48,3,128,0.45,ADMIT,0.079,,1.359,e89:-0.010;e9*:-0.012
3111,ultrachat,TB,2,30,2,128,0.42,ADMIT,0.035,,0.992,e15:-0.038;e17*:-0.026
3112,ai2_arc,TB,3,7,2,3,0.47,HELDOUT,,,,e37:-0.417;e39:-0.042;e67*:-0.417
3113,camel_science,TA,2,3,2,3,0.47,REFUSE,,,1.0,e72:-1.833;e78*:-1.833
3114,ai2_arc,TA,3,7,2,2,0.62,HELDOUT,,,,e80:-0.062;e82:-0.062;e15*:-1.531
3115,metamath,TB,3,11,0,128,0.49,ADMIT,0.079,,0.155,e97:-0.033;e4:+0.012;e14*:-0.069
3116,github_code,TB,3,7,1,30,0.61,HELDOUT,,,,e19:-0.175;e59:-0.302;e63*:-0.175
3117,github_code,TB,2,4,1,128,0.63,ADMIT,0.029,,1.211,e65:-0.015;e75*:-0.003
3118,camel_science,TA,2,3,2,3,0.55,REFUSE,,,0.0,e17:-0.125;e37*:-0.125
3119,python_instructions,TB,3,6,1,104,0.61,ADMIT,0.048,,0.266,e79:-0.025;e83:-0.003;e16*:-0.017
3120,ultrachat,TB,2,50,2,128,0.43,ADMIT,0.051,,1.586,e39:-0.046;e67*:-0.018
3121,python_instructions,TB,2,5,1,16,0.63,ADMIT,0.384,-0.002,0.449,e18:+0.000;e19*:+0.016
3122,ultrachat,TA,2,44,2,86,0.4,HELDOUT,,,,e72:+0.031;e78*:+0.025
3123,ai2_arc,TA,3,8,2,6,0.47,ADMIT,0.071,-0.035,0.0,e80:-0.354;e82:-0.510;e15*:-0.198
3124,ai2_arc,TA,3,8,2,6,0.51,HELDOUT,,,,e17:+0.000;e37:+0.000;e39*:-0.135
3125,gsm8k,TB,3,12,0,67,0.53,ADMIT,1.392,-0.004,0.539,e31:-0.016;e40:-0.016;e44*:-0.048
3126,metamath,TB,3,10,1,128,0.59,ADMIT,0.516,,0.201,e59:-0.012;e63:-0.001;e65*:-0.061
3127,camel_science,TA,2,5,2,1,0.63,REFUSE,,,9.5,e67:-1.250;e72*:-0.438
3128,python_instructions,TB,3,7,1,47,0.59,HELDOUT,,,,e75:+0.094;e79:+0.088;e83*:+0.088
3129,metamath,TB,2,4,1,104,0.56,HELDOUT,,,,e16:-0.081;e18*:-0.063
3130,python_instructions,TB,3,8,1,128,0.62,HELDOUT,,,,e19:+0.004;e59:+0.011;e63*:+0.012
3131,metamath,TB,3,11,0,128,0.47,ADMIT,0.293,-0.005,0.171,e55:-0.022;e61:-0.024;e96*:-0.077
3132,ai2_arc,TA,3,8,2,7,0.43,ADMIT,0.109,0.008,0.0,e78:-0.268;e80:-0.098;e82*:-0.036
3133,python_instructions,TB,3,8,1,19,0.63,ADMIT,0.126,0.0,0.641,e65:-0.237;e75:-0.275;e79*:-0.262
3134,python_instructions,TB,2,5,1,128,0.51,ADMIT,0.203,,1.438,e83:-0.010;e16*:-0.008
3135,slimorca,TA,3,11,2,8,0.43,HELDOUT,,,,e15:-0.609;e17:-0.555;e37*:-1.539
3136,metamath,TA,3,8,3,128,0.49,ADMIT,0.123,0.009,0.239,e11:-0.081;e35:-0.089;e38*:-0.064
3137,metamath,TB,3,9,1,128,0.57,ADMIT,0.369,,0.375,e18:-0.016;e19:+0.012;e59*:+0.011
3138,python_instructions,TB,2,4,1,128,0.61,ADMIT,0.248,0.01,0.449,e63:-0.050;e65*:+0.004
3139,ultrachat,TB,2,38,2,128,0.46,ADMIT,0.054,0.003,1.547,e39:+0.029;e67*:+0.075
3140,slimorca,TA,2,21,2,23,0.45,HELDOUT,,,,e72:-0.380;e78*:-0.065
3141,gsm8k,TB,3,7,3,109,0.53,ADMIT,0.027,-0.001,0.453,e56:-0.135;e71:-0.134;e74*:-0.106
3142,gsm8k,TA,3,9,3,128,0.52,ADMIT,0.273,,0.723,e86:-0.034;e89:-0.055;e9*:-0.008
3143,camel_science,TA,2,3,2,1,0.63,HELDOUT,,,,e80:+0.438;e82*:+2.688
3144,ultrachat,TA,2,37,2,128,0.43,ADMIT,0.015,,1.32,e15:-0.049;e17*:-0.037
3145,github_code,TB,2,5,1,61,0.62,HELDOUT,,,,e75:+0.019;e79*:+0.025
3146,slimorca,TB,3,8,2,2,0.63,HELDOUT,,,,e37:-2.812;e39:-0.062;e67*:-2.875
3147,python_instructions,TB,3,7,1,74,0.61,ADMIT,0.052,,0.492,e83:+0.004;e16:-0.001;e18*:+0.004
3148,ai2_arc,TA,3,10,2,7,0.42,ADMIT,0.033,0.173,0.0,e72:-0.464;e78:-0.071;e80*:-0.071
3149,slimorca,TA,3,9,2,127,0.42,ADMIT,0.075,,0.695,e82:-0.049;e15:-0.006;e17*:-0.061
3150,ultrachat,TA,2,30,2,128,0.4,ADMIT,0.023,,1.352,e37:-0.144;e39*:-0.072
3151,metamath,TB,2,6,1,71,0.55,ADMIT,0.08,,0.155,e19:-0.072;e59*:-0.071
3152,ai2_arc,TB,3,12,2,14,0.43,ADMIT,0.011,0.015,0.0,e67:-0.308;e72:-0.339;e78*:-0.027
3153,python_instructions,TB,2,7,1,58,0.62,HELDOUT,,,,e63:-0.080;e65*:-0.071
3154,slimorca,TA,2,30,2,26,0.45,HELDOUT,,,,e80:-0.038;e82*:-0.046
3155,ai2_arc,TA,3,9,2,4,0.51,ADMIT,0.904,-0.045,1.766,e15:+0.469;e17:+0.938;e37*:+1.078
3156,ultrachat,TA,2,33,2,117,0.4,HELDOUT,,,,e39:-0.009;e67*:-0.074
3157,python_instructions,TB,2,9,1,128,0.62,ADMIT,0.145,,0.482,e75:+0.001;e79*:-0.003
3158,metamath,TB,2,6,1,128,0.58,HELDOUT,,,,e83:-0.012;e16*:-0.030
3159,slimorca,TA,3,8,2,43,0.41,ADMIT,0.1,0.004,0.426,e72:-0.004;e78:-0.015;e80*:+0.015
3160,github_code,TB,2,7,1,31,0.63,ADMIT,0.117,,0.711,e18:-0.052;e19*:-0.032
3161,python_instructions,TB,3,8,1,128,0.63,ADMIT,0.167,,0.645,e59:-0.005;e63:-0.032;e65*:-0.064
3162,metamath,TA,3,14,3,128,0.49,ADMIT,0.154,,0.201,e11:-0.052;e35:-0.043;e38*:-0.068
3163,slimorca,TA,2,28,2,128,0.43,HELDOUT,,,,e82:-0.079;e15*:-0.038
3164,python_instructions,TB,2,6,1,77,0.62,ADMIT,0.051,0.001,0.432,e75:+0.005;e79*:+0.021
3165,github_code,TA,4,4,2,60,0.43,ADMIT,0.075,-0.005,1.102,e17:-0.055;e37:-0.025;e39:-0.077;e67*:-0.046
3166,github_code,TA,4,5,2,39,0.48,ADMIT,0.07,0.028,0.793,e72:-0.160;e78:-0.139;e80:-0.119;e82*:+0.042
3167,ultrachat,TB,4,25,1,128,0.6,ADMIT,0.037,,0.359,e83:-0.010;e16:+0.010;e18:-0.097;e19*:-0.018
3168,slimorca,TA,4,14,2,71,0.4,ADMIT,0.129,,0.645,e15:-0.038;e17:-0.026;e37:-0.020;e39*:-0.019
3169,ultrachat,TB,4,29,2,92,0.4,ADMIT,0.151,-0.001,0.637,e67:-0.147;e72:-0.145;e78:-0.090;e80*:-0.136
3170,python_instructions,TB,4,7,1,12,0.63,ADMIT,0.306,0.013,0.855,e59:-0.120;e63:-0.026;e65:+0.078;e75*:+0.156
3171,python_instructions,TB,3,9,1,67,0.63,ADMIT,0.017,,0.326,e79:-0.014;e83:-0.021;e16*:-0.017
3172,ultrachat,TB,3,43,2,128,0.42,ADMIT,0.08,,1.078,e82:-0.033;e15:-0.029;e17*:-0.036
3173,metamath,TA,3,12,3,91,0.49,ADMIT,0.424,-0.007,0.18,e56:-0.018;e71:-0.005;e74*:-0.005
3174,ultrachat,TB,3,42,2,128,0.43,HELDOUT,,,,e37:-0.054;e39:-0.008;e67*:-0.055
3175,python_instructions,TB,3,5,1,48,0.59,ADMIT,0.043,0.005,0.918,e18:-0.064;e19:-0.039;e59*:-0.027
3176,python_instructions,TB,3,5,1,111,0.59,ADMIT,0.127,,0.453,e63:-0.010;e65:+0.000;e75*:-0.004
3177,ai2_arc,TA,3,8,2,4,0.4,ADMIT,0.254,0.001,0.156,e72:-1.125;e78:-0.500;e80*:+0.125
3178,gsm8k,TB,3,9,0,104,0.55,HELDOUT,,,,e97:-0.016;e4:-0.054;e14*:-0.032
3179,ultrachat,TB,3,24,3,128,0.43,HELDOUT,,,,e86:-0.023;e89:-0.011;e9*:-0.028
3180,gsm8k,TA,3,10,3,68,0.55,HELDOUT,,,,e11:-0.191;e35:-0.146;e38*:-0.191
3181,github_code,TB,3,5,1,72,0.63,ADMIT,0.143,-0.007,0.668,e79:+0.004;e83:+0.021;e16*:+0.014
3182,gsm8k,TA,3,13,3,100,0.55,ADMIT,0.17,,0.496,e56:-0.030;e71:-0.092;e74*:-0.022
3183,ai2_arc,TA,3,8,2,1,0.63,REFUSE,,,0.0,e82:-0.125;e15:-0.250;e17*:-0.250
3184,metamath,TA,3,8,0,117,0.56,HELDOUT,,,,e31:-0.039;e40:-0.011;e44*:-0.018
3185,github_code,TB,2,4,1,52,0.62,ADMIT,0.001,,0.367,e18:+0.001;e19*:-0.148
3186,ai2_arc,TA,3,7,2,2,0.51,REFUSE,,,0.0,e37:-0.094;e39:-3.281;e67*:-0.062
3187,metamath,TB,3,8,0,128,0.5,HELDOUT,,,,e55:-0.066;e61:-0.007;e96*:-0.016
3188,camel_science,TA,3,5,2,2,0.51,HELDOUT,,,,e72:-0.188;e78:-3.688;e80*:-3.688
3189,github_code,TB,3,6,1,28,0.61,HELDOUT,,,,e59:-0.183;e63:-0.174;e65*:-0.174
3190,ultrachat,TB,3,55,3,128,0.46,ADMIT,0.15,,0.582,e86:-0.009;e89:-0.013;e9*:-0.024
3191,gsm8k,TA,3,10,3,128,0.53,HELDOUT,,,,e11:-0.040;e35:-0.037;e38*:-0.048
3192,camel_science,TA,3,5,2,2,0.52,REFUSE,,,0.0,e82:+0.000;e15:+0.000;e17*:-2.562
3193,ultrachat,TB,3,27,2,128,0.42,HELDOUT,,,,e37:-0.125;e39:-0.016;e67*:-0.096
3194,gsm8k,TA,3,10,3,125,0.55,ADMIT,0.425,-0.007,0.359,e56:-0.055;e71:-0.075;e74*:-0.090
3195,camel_science,TA,3,5,2,2,0.63,REFUSE,,,3.406,e72:-1.219;e78:-2.344;e80*:+0.281
3196,ultrachat,TA,3,32,2,128,0.42,HELDOUT,,,,e82:+0.007;e15:+0.021;e17*:-0.050
3197,ultrachat,TB,3,24,2,128,0.43,HELDOUT,,,,e37:+0.006;e39:-0.073;e67*:+0.013
3198,metamath,TB,2,4,1,128,0.6,ADMIT,0.189,,0.191,e75:-0.043;e79*:-0.027
3199,slimorca,TA,3,14,2,17,0.4,ADMIT,0.111,0.123,0.957,e72:-0.680;e78:-0.346;e80*:-0.261
3200,ultrachat,TA,3,36,2,128,0.4,ADMIT,0.119,,1.047,e82:-0.023;e15:-0.043;e17*:-0.074
3201,ultrachat,TB,3,32,2,128,0.42,ADMIT,0.042,,0.617,e37:+0.007;e39:+0.017;e67*:+0.048
3202,ultrachat,TA,3,32,2,128,0.41,ADMIT,0.157,,1.0,e72:-0.026;e78:-0.022;e80*:-0.045
3203,camel_science,TA,2,5,2,4,0.51,ADMIT,0.104,-0.013,0.094,e82:-0.031;e15*:-0.031
3204,slimorca,TA,3,11,2,128,0.42,ADMIT,0.043,0.022,1.031,e17:-0.070;e37:-0.213;e39*:-0.057
3205,camel_science,TA,2,4,2,1,0.4,REFUSE,,,1.375,e67:-3.625;e72*:+1.062
3206,gsm8k,TB,3,11,0,67,0.5,ADMIT,0.14,-0.001,0.508,e97:-0.055;e4:-0.074;e14*:-0.262
3207,camel_science,TA,3,6,2,4,0.63,HELDOUT,,,,e78:+0.227;e80:+1.047;e82*:+1.500
3208,ai2_arc,TA,3,11,2,9,0.42,ADMIT,0.809,0.076,0.0,e15:-0.674;e17:-1.208;e37*:-0.590
3209,metamath,TA,3,8,2,97,0.51,ADMIT,0.017,,0.18,e39:-0.022;e67:-0.019;e72*:-0.049
3210,camel_science,TA,2,5,2,2,0.52,REFUSE,,,3.062,e78:-0.875;e80*:-1.750
3211,camel_science,TA,2,4,2,3,0.63,REFUSE,,,2.406,e82:+0.500;e15*:+0.271
3212,camel_science,TA,2,3,2,1,0.4,REFUSE,,,0.25,e17:-0.875;e37*:+0.000
3213,camel_science,TA,2,4,2,3,0.4,REFUSE,,,4.375,e39:-1.604;e67*:-0.250
3214,ultrachat,TB,3,41,1,128,0.56,HELDOUT,,,,e83:-0.036;e16:-0.037;e18*:-0.040
3215,ultrachat,TB,3,29,3,53,0.44,ADMIT,0.102,0.025,0.758,e86:-0.312;e89:-0.241;e9*:-0.226
3216,slimorca,TB,3,18,2,128,0.44,ADMIT,0.021,-0.001,1.078,e72:-0.164;e78:-0.038;e80*:-0.038
3217,camel_science,TA,2,4,2,2,0.63,HELDOUT,,,,e82:-0.062;e15*:-0.812
3218,github_code,TB,2,5,1,24,0.59,ADMIT,0.051,0.005,1.125,e19:+0.055;e59*:+0.057
3219,slimorca,TA,3,13,3,128,0.47,ADMIT,0.099,-0.006,1.109,e11:-0.014;e35:+0.021;e38*:-0.019
3220,camel_science,TA,2,5,2,3,0.63,REFUSE,,,0.25,e17:-0.417;e37*:-0.042
3221,python_instructions,TB,2,4,1,128,0.62,HELDOUT,,,,e63:-0.010;e65*:-0.015
3222,ai2_arc,TB,3,13,2,2,0.63,HELDOUT,,,,e39:+0.375;e67:-1.031;e72*:-0.281
3223,github_code,TB,2,6,1,50,0.63,ADMIT,0.0,0.013,0.41,e75:-0.041;e79*:-0.027
3224,gsm8k,TB,3,10,3,128,0.56,ADMIT,0.659,,0.469,e56:-0.030;e71:-0.030;e74*:-0.055
3225,slimorca,TB,3,39,3,128,0.45,ADMIT,0.069,-0.001,0.535,e86:-0.011;e89:-0.089;e9*:-0.025
3226,slimorca,TA,3,10,2,128,0.42,ADMIT,0.057,,1.195,e78:-0.031;e80:-0.041;e82*:-0.031
3227,slimorca,TB,3,25,2,51,0.44,ADMIT,0.03,-0.004,1.586,e15:-0.066;e17:-0.016;e37*:-0.186
3228,ai2_arc,TA,3,12,2,14,0.41,ADMIT,0.392,0.012,0.781,e39:+0.424;e67:+0.518;e72*:+0.527
3229,slimorca,TA,3,9,2,128,0.4,ADMIT,0.009,,1.219,e78:-0.027;e80:+0.013;e82*:+0.024
3230,gsm8k,TA,2,7,3,86,0.54,HELDOUT,,,,e11:-0.042;e35*:-0.113
3231,ai2_arc,TB,3,12,2,26,0.41,HELDOUT,,,,e15:-0.048;e17:-0.192;e37*:-0.192
3232,gsm8k,TB,3,12,3,128,0.54,ADMIT,0.101,,0.559,e38:-0.025;e56:-0.030;e71*:-0.037
3233,github_code,TB,2,6,1,61,0.63,ADMIT,0.348,,0.285,e83:-0.005;e16*:-0.040
3234,gsm8k,TB,3,14,0,128,0.55,ADMIT,0.148,,0.498,e31:-0.149;e40:-0.136;e44*:-0.189
3235,gsm8k,TB,2,8,0,115,0.54,ADMIT,0.088,0.006,0.363,e55:-0.039;e61*:-0.062
3236,ultrachat,TA,3,33,2,128,0.43,HELDOUT,,,,e39:+0.006;e67:-0.003;e72*:-0.053
3237,camel_science,TA,2,6,2,2,0.51,REFUSE,,,1.438,e78:+0.188;e80*:+0.188
3238,camel_science,TA,2,3,2,1,0.63,REFUSE,,,3.562,e82:-1.062;e15*:-2.312
3239,github_code,TB,2,6,1,41,0.63,ADMIT,0.039,,0.578,e18:+0.006;e19*:-0.117
3240,slimorca,TB,3,17,1,128,0.62,ADMIT,0.218,,0.57,e59:-0.014;e63:-0.021;e65*:-0.018
3241,slimorca,TA,3,8,2,21,0.44,ADMIT,0.081,0.034,1.016,e17:-0.226;e37:-0.185;e39*:-0.256
3242,slimorca,TB,3,17,2,111,0.43,ADMIT,0.081,,0.543,e67:-0.042;e72:-0.070;e78*:-0.101
3243,gsm8k,TA,3,12,3,128,0.55,ADMIT,0.094,-0.006,0.271,e74:-0.041;e86:-0.034;e89*:-0.122
3244,gsm8k,TB,3,9,0,128,0.55,ADMIT,0.726,,0.559,e96:-0.057;e97:-0.064;e4*:-0.084
3245,metamath,TA,3,9,0,106,0.52,ADMIT,0.608,-0.006,0.262,e14:-0.048;e31:-0.057;e40*:-0.136
3246,ai2_arc,TB,3,12,2,5,0.44,ADMIT,0.108,-0.011,0.0,e80:-0.138;e82:-0.138;e15*:-0.738
3247,slimorca,TB,3,30,3,3,0.4,REFUSE,,,0.836,e9:+0.312;e11:+0.771;e35*:+0.312
3248,github_code,TB,2,4,1,4,0.63,ADMIT,0.373,0.026,0.531,e75:-0.125;e79*:-1.391
3249,ultrachat,TB,3,20,1,128,0.6,HELDOUT,,,,e83:-0.021;e16:-0.014;e18*:-0.010
3250,ultrachat,TB,3,35,2,128,0.45,HELDOUT,,,,e17:-0.008;e37:-0.012;e39*:-0.029
3251,github_code,TB,2,3,1,101,0.63,ADMIT,0.066,,0.527,e19:+0.012;e59*:+0.007
3252,python_instructions,TB,2,5,1,99,0.61,HELDOUT,,,,e63:+0.016;e65*:+0.016
3253,camel_science,TB,2,5,2,2,0.51,HELDOUT,,,,e67:-3.641;e72*:-0.406
3254,gsm8k,TA,2,7,3,54,0.54,ADMIT,0.042,,0.441,e38:-0.159;e56*:-0.125
3255,python_instructions,TB,2,3,1,31,0.63,ADMIT,0.363,,0.684,e75:+0.024;e79*:+0.026
3256,camel_science,TA,2,4,2,2,0.63,HELDOUT,,,,e78:-0.281;e80*:-0.344
3257,slimorca,TB,3,10,1,128,0.51,ADMIT,0.264,,0.734,e83:-0.036;e16:-0.098;e18*:-0.078
3258,ultrachat,TB,3,42,2,128,0.41,HELDOUT,,,,e82:-0.006;e15:-0.017;e17*:-0.013
3259,camel_science,TA,2,5,2,4,0.51,ADMIT,1.253,1.873,0.0,e37:-1.328;e39*:-1.742
3260,ultrachat,TA,3,33,2,128,0.41,HELDOUT,,,,e67:-0.045;e72:-0.084;e78*:-0.082
3261,python_instructions,TB,2,6,1,105,0.6,ADMIT,0.003,0.026,0.875,e19:-0.082;e59*:-0.075
3262,python_instructions,TB,3,12,1,128,0.6,ADMIT,0.134,,2.25,e63:+0.012;e65:-0.019;e75*:+0.006
3263,slimorca,TA,3,16,2,128,0.45,ADMIT,0.191,0.015,0.719,e80:-0.102;e82:-0.083;e15*:-0.078
3264,slimorca,TA,3,30,2,4,0.45,ADMIT,0.253,0.078,0.938,e17:-0.953;e37:-0.344;e39*:-0.203
3265,gsm8k,TB,4,9,3,63,0.58,HELDOUT,,,,e71:-0.019;e74:-0.006;e86:+0.027;e89*:-0.026
3266,metamath,TB,4,10,0,128,0.48,ADMIT,0.322,0.005,0.258,e44:-0.140;e55:-0.087;e61:-0.109;e96*:-0.111
3267,github_code,TB,4,6,1,59,0.63,ADMIT,0.133,,0.777,e79:-0.006;e83:+0.013;e16:-0.156;e18*:-0.169
3268,python_instructions,TB,2,4,1,56,0.63,ADMIT,0.051,,0.785,e19:+0.009;e59*:+0.023
3269,camel_science,TA,2,4,2,2,0.51,REFUSE,,,0.625,e67:-2.781;e72*:-2.781
3270,github_code,TB,2,6,1,10,0.63,ADMIT,0.145,0.004,0.062,e63:-0.025;e65*:-0.056
3271,gsm8k,TA,2,7,3,92,0.54,ADMIT,0.057,,0.104,e9:-0.036;e11*:-0.024
3272,slimorca,TA,2,16,2,128,0.41,ADMIT,0.031,-0.011,1.117,e78:-0.034;e80*:-0.056
3273,ultrachat,TB,2,38,2,128,0.42,HELDOUT,,,,e82:-0.018;e15*:-0.017
3274,ai2_arc,TA,2,9,2,13,0.41,ADMIT,0.19,,0.0,e17:-0.053;e37*:-0.139
3275,metamath,TB,2,7,1,128,0.58,ADMIT,0.228,-0.0,0.205,e75:-0.024;e79*:-0.058
3276,ultrachat,TB,2,64,3,128,0.41,ADMIT,0.313,,1.812,e35:+0.010;e38*:+0.004
3277,ai2_arc,TB,3,11,2,7,0.43,ADMIT,0.022,,0.0,e39:-0.688;e67:-0.062;e72*:-0.018
3278,metamath,TA,3,8,3,100,0.49,ADMIT,0.204,-0.008,0.138,e56:-0.056;e71:-0.056;e74*:-0.114
3279,gsm8k,TA,2,7,3,92,0.52,ADMIT,0.26,0.002,0.174,e86:-0.092;e89*:-0.003
3280,github_code,TB,2,5,1,13,0.61,HELDOUT,,,,e83:-0.024;e16*:-0.058
3281,github_code,TB,2,5,1,13,0.61,HELDOUT,,,,e18:-0.034;e19*:-0.010
3282,gsm8k,TA,3,11,3,82,0.51,HELDOUT,,,,e9:-0.084;e11:-0.153;e35*:-0.150
3283,camel_science,TA,2,4,2,4,0.63,ADMIT,0.183,-0.002,0.031,e78:-0.094;e82*:-0.156
3284,github_code,TB,2,5,1,30,0.63,ADMIT,0.062,0.006,0.5,e59:-0.069;e63*:-0.054
3285,python_instructions,TB,2,4,1,25,0.63,ADMIT,0.094,-0.006,1.18,e65:+0.110;e75*:+0.035
3286,github_code,TB,2,4,1,72,0.63,ADMIT,0.032,,0.17,e79:-0.001;e83*:-0.015
3287,metamath,TB,2,10,0,115,0.51,ADMIT,0.031,0.028,0.029,e97:-0.178;e4*:-0.153
3288,ai2_arc,TB,2,10,2,7,0.41,ADMIT,0.065,,0.0,e96:-0.732;e15*:-0.366
3289,python_instructions,TB,2,5,1,81,0.6,ADMIT,0.096,,0.309,e16:+0.010;e18*:+0.022
3290,gsm8k,TA,2,8,0,57,0.52,ADMIT,0.019,,0.465,e14:-0.271;e31*:-0.207
3291,camel_science,TA,2,4,2,4,0.57,ADMIT,1.12,0.383,1.375,e17:-1.625;e37*:-0.703
3292,ai2_arc,TB,2,6,2,1,0.4,HELDOUT,,,,e39:-0.250;e67*:-3.688
3293,metamath,TA,2,9,3,123,0.48,ADMIT,0.058,0.007,0.164,e38:-0.145;e56*:-0.073
3294,python_instructions,TB,2,5,1,114,0.62,HELDOUT,,,,e19:+0.009;e59*:+0.021
3295,python_instructions,TB,2,7,1,55,0.6,ADMIT,0.215,,0.432,e63:-0.031;e65*:-0.016
3296,slimorca,TA,2,13,2,79,0.42,ADMIT,0.01,0.021,1.016,e72:-0.225;e78*:-0.286
3297,github_code,TB,2,9,1,93,0.62,ADMIT,0.122,-0.007,0.285,e75:+0.105;e79*:+0.108
3298,camel_science,TB,2,5,2,3,0.47,REFUSE,,,1.711,e82:-1.271;e96*:-1.479
3299,python_instructions,TB,2,5,1,119,0.62,ADMIT,0.002,,0.613,e83:+0.013;e16*:+0.013
3300,metamath,TA,2,10,0,128,0.49,ADMIT,0.049,,0.174,e40:-0.025;e44*:-0.040
3301,ultrachat,TA,2,41,2,128,0.43,HELDOUT,,,,e15:-0.082;e17*:-0.038
3302,slimorca,TA,2,32,2,128,0.42,ADMIT,0.123,-0.008,0.992,e37:-0.040;e39*:-0.082
3303,ultrachat,TB,2,58,2,112,0.4,ADMIT,0.032,,1.258,e67:-0.032;e72*:-0.026
3304,ultrachat,TB,2,52,2,128,0.44,HELDOUT,,,,e78:-0.037;e80*:-0.087
3305,ultrachat,TB,2,31,2,128,0.42,ADMIT,0.085,-0.005,1.141,e82:-0.016;e15*:-0.066
3306,ai2_arc,TA,2,6,2,4,0.51,ADMIT,0.042,,0.0,e17:-0.500;e37*:-0.500
3307,slimorca,TB,2,19,3,8,0.4,ADMIT,0.253,,0.188,e71:-0.680;e74*:-0.234
3308,slimorca,TA,2,7,3,3,0.63,REFUSE,,,0.25,e86:-0.604;e89*:-0.646
3309,python_instructions,TB,2,6,1,128,0.63,HELDOUT,,,,e18:+0.005;e19*:+0.007
3310,github_code,TB,2,7,1,44,0.63,HELDOUT,,,,e59:-0.143;e63*:-0.143
3311,ai2_arc,TB,2,7,2,2,0.63,HELDOUT,,,,e39:-4.234;e67*:-0.906
3312,ai2_arc,TA,2,8,2,5,0.53,ADMIT,0.035,,0.0,e72:-0.675;e78*:-0.113
3313,metamath,TA,2,8,3,128,0.51,ADMIT,0.342,,0.044,e9:-0.056;e11*:-0.112
3314,slimorca,TA,2,17,2,45,0.39,ADMIT,0.138,-0.002,0.205,e80:-0.074;e82*:-0.065
3315,ultrachat,TA,2,43,2,128,0.42,HELDOUT,,,,e15:-0.035;e17*:-0.032
3316,slimorca,TA,2,14,2,81,0.43,ADMIT,0.053,-0.003,0.926,e37:-0.113;e39*:-0.009
3317,python_instructions,TB,2,5,1,68,0.62,HELDOUT,,,,e65:+0.032;e75*:+0.011
3318,camel_science,TA,2,4,2,3,0.48,REFUSE,,,0.0,e67:-1.021;e72*:-0.500
3319,ai2_arc,TA,2,9,2,2,0.52,HELDOUT,,,,e78:-0.188;e80*:-0.312
3320,ultrachat,TA,2,69,3,128,0.45,HELDOUT,,,,e35:-0.008;e38*:-0.039
3321,slimorca,TA,2,11,2,3,0.4,REFUSE,,,0.042,e82:-0.583;e15*:-1.062
3322,ultrachat,TA,2,71,2,128,0.44,ADMIT,0.065,-0.006,0.68,e17:-0.024;e37*:-0.049
3323,gsm8k,TA,2,8,3,98,0.56,ADMIT,0.043,,0.139,e56:-0.050;e71*:-0.071
3324,gsm8k,TA,2,10,3,68,0.52,ADMIT,0.02,0.05,0.461,e74:-0.195;e86*:-0.050
3325,metamath,TB,2,10,0,102,0.47,ADMIT,0.559,,0.18,e55:-0.102;e61*:-0.050
3326,ultrachat,TA,2,47,2,128,0.41,ADMIT,0.07,,1.375,e39:-0.004;e67*:-0.053
3327,ai2_arc,TA,2,6,2,2,0.44,HELDOUT,,,,e72:-2.250;e78*:+0.062
3328,ultrachat,TA,2,56,2,128,0.42,HELDOUT,,,,e80:-0.044;e82*:-0.042
3329,slimorca,TA,2,45,3,29,0.43,ADMIT,0.066,-0.023,0.311,e89:-0.062;e9*:-0.159
3330,slimorca,TB,2,19,2,100,0.42,ADMIT,0.055,-0.002,0.676,e15:-0.059;e17*:-0.053
3331,camel_science,TA,2,5,2,3,0.55,REFUSE,,,0.083,e37:-0.042;e39*:-0.292
3332,python_instructions,TB,2,8,1,28,0.63,HELDOUT,,,,e79:+0.004;e83*:-0.009
3333,ai2_arc,TB,2,8,2,3,0.47,HELDOUT,,,,e67:+0.000;e72*:+0.000
3334,github_code,TB,2,3,1,95,0.61,HELDOUT,,,,e16:-0.005;e18*:-0.003
3335,metamath,TA,2,10,3,128,0.5,ADMIT,0.002,,0.139,e11:-0.088;e35*:-0.040
3336,python_instructions,TB,2,8,1,39,0.6,ADMIT,0.148,,0.396,e19:+0.002;e59*:+0.005
3337,github_code,TB,2,9,1,69,0.61,HELDOUT,,,,e63:-0.025;e65*:-0.018
3338,slimorca,TA,2,46,2,114,0.42,ADMIT,0.047,0.012,1.297,e78:-0.227;e80*:-0.118
3339,gsm8k,TB,2,9,0,55,0.57,ADMIT,0.289,,0.391,e96:-0.074;e97*:-0.122
3340,github_code,TB,2,4,1,66,0.63,ADMIT,0.048,-0.009,0.613,e75:-0.019;e79*:-0.032
3341,gsm8k,TA,2,8,2,117,0.52,ADMIT,0.063,-0.0,0.196,e82:-0.073;e15*:-0.091
3342,ultrachat,TA,2,62,3,128,0.43,ADMIT,0.063,0.007,1.391,e38:-0.069;e56*:-0.032
3343,gsm8k,TB,2,12,0,128,0.57,ADMIT,0.031,0.011,0.404,e4:-0.155;e14*:-0.143
3344,python_instructions,TB,2,7,1,55,0.63,HELDOUT,,,,e83:+0.000;e16*:-0.011
3345,gsm8k,TA,2,10,3,128,0.55,ADMIT,0.166,-0.003,0.237,e71:-0.059;e74*:-0.043
3346,metamath,TB,2,8,1,128,0.53,ADMIT,0.598,-0.002,0.375,e18:-0.054;e19*:-0.097
3347,metamath,TB,2,6,1,128,0.53,ADMIT,0.015,0.008,0.391,e59:-0.075;e63*:-0.021
3348,gsm8k,TA,2,9,3,101,0.54,ADMIT,0.087,-0.004,0.426,e86:-0.066;e89*:+0.003
3349,python_instructions,TB,2,4,1,28,0.63,HELDOUT,,,,e65:-0.181;e75*:-0.181
3350,gsm8k,TA,2,10,3,128,0.51,ADMIT,0.364,,0.586,e9:-0.040;e11*:-0.054
3351,slimorca,TA,2,32,3,11,0.43,HELDOUT,,,,e35:-0.406;e38*:-0.267
3352,ultrachat,TA,2,45,2,128,0.4,ADMIT,0.038,-0.019,1.203,e17:-0.013;e37*:-0.016
3353,slimorca,TB,2,11,2,20,0.45,ADMIT,0.125,0.007,1.398,e39:-0.127;e67*:-0.197
3354,slimorca,TA,2,10,2,60,0.44,HELDOUT,,,,e72:-0.206;e78*:-0.159
3355,gsm8k,TA,2,10,0,128,0.52,ADMIT,0.18,0.005,0.941,e31:-0.099;e40*:-0.090
3356,camel_science,TA,2,4,2,3,0.55,REFUSE,,,0.5,e80:-1.667;e82*:-2.208
3357,camel_science,TA,2,4,2,3,0.63,REFUSE,,,4.688,e15:-0.938;e17*:-0.729
3358,metamath,TB,2,10,3,128,0.5,ADMIT,0.104,,0.25,e56:-0.028;e71*:-0.049
3359,github_code,TB,2,7,1,118,0.63,ADMIT,0.221,-0.019,0.473,e79:-0.010;e83*:-0.009
3360,camel_science,TA,2,4,2,2,0.63,REFUSE,,,0.0,e37:-2.188;e39*:-3.672
3361,gsm8k,TB,2,11,0,128,0.53,ADMIT,0.492,,0.559,e44:-0.038;e55*:-0.034
3362,ai2_arc,TA,2,8,2,1,0.4,REFUSE,,,0.0,e67:-1.125;e72*:-0.938
3363,slimorca,TA,2,6,2,128,0.41,HELDOUT,,,,e78:-0.048;e80*:-0.081
3364,camel_science,TA,2,5,2,3,0.4,REFUSE,,,0.0,e82:+0.000;e15*:-1.625
3365,ai2_arc,TB,4,8,2,5,0.4,ADMIT,0.435,0.012,0.0,e17:-0.300;e37:-0.588;e39:-1.062;e67*:-1.525
3366,metamath,TA,4,12,3,128,0.49,HELDOUT,,,,e74:-0.066;e86:-0.051;e89:-0.073;e9*:-0.077
3367,ultrachat,TB,4,91,2,128,0.43,ADMIT,0.023,,0.727,e72:-0.028;e78:-0.028;e80:-0.052;e82*:-0.051
3368,gsm8k,TA,4,8,3,93,0.53,ADMIT,0.253,0.018,0.527,e11:-0.106;e35:-0.104;e38:-0.112;e56*:-0.073
3369,github_code,TB,4,4,1,28,0.61,ADMIT,0.172,,0.275,e16:-0.004;e18:-0.065;e19:-0.011;e59*:+0.020
3370,metamath,TB,2,9,0,128,0.48,ADMIT,0.335,,0.371,e61:-0.050;e96*:-0.122
3371,metamath,TB,2,8,0,110,0.48,ADMIT,0.178,-0.01,0.297,e97:-0.035;e4*:-0.038
3372,ultrachat,TB,3,61,3,128,0.45,ADMIT,0.119,,1.523,e71:-0.038;e74:-0.017;e86*:-0.043
3373,ultrachat,TA,3,37,3,128,0.45,ADMIT,0.432,,1.641,e89:-0.086;e9:-0.056;e11*:-0.069
3374,gsm8k,TA,2,11,3,128,0.56,ADMIT,0.066,0.011,0.48,e35:-0.089;e38*:-0.093
3375,camel_science,TA,2,2,2,5,0.44,ADMIT,1.265,-0.011,0.075,e15:-1.113;e17*:-2.038
3376,python_instructions,TB,2,4,1,65,0.62,HELDOUT,,,,e63:-0.042;e65*:+0.009
3377,ultrachat,TB,3,49,2,107,0.42,ADMIT,0.169,,1.062,e37:-0.038;e39:-0.019;e67*:-0.029
3378,python_instructions,TB,2,5,1,32,0.63,HELDOUT,,,,e75:-0.059;e79*:-0.004
3379,ai2_arc,TA,2,13,2,11,0.44,HELDOUT,,,,e72:-0.369;e78*:-0.210
3380,gsm8k,TA,2,7,3,95,0.52,ADMIT,0.055,,1.258,e56:-0.032;e71*:+0.016
3381,ai2_arc,TA,2,7,2,3,0.47,REFUSE,,,0.0,e80:-0.208;e82*:-0.208
3382,slimorca,TA,3,158,2,91,0.42,HELDOUT,,,,e15:-0.069;e17:-0.084;e37*:-0.019
3383,github_code,TB,2,3,1,49,0.6,ADMIT,0.101,,0.555,e83:-0.001;e16*:+0.005
3384,python_instructions,TB,2,4,1,128,0.62,ADMIT,0.344,,0.75,e18:-0.005;e19*:-0.005
3385,github_code,TB,2,4,1,37,0.63,ADMIT,0.01,,0.123,e59:-0.035;e63*:-0.100
3386,python_instructions,TB,2,6,1,58,0.63,HELDOUT,,,,e65:+0.031;e75*:+0.031
3387,ultrachat,TB,2,97,2,128,0.42,ADMIT,0.042,,1.547,e39:-0.032;e67*:+0.023
3388,ultrachat,TA,2,42,2,80,0.43,ADMIT,0.002,,0.566,e72:-0.015;e78*:-0.006
3389,camel_science,TA,2,2,2,1,0.63,REFUSE,,,0.0,e80:+0.000;e82*:+0.000
3390,slimorca,TA,2,8,2,22,0.39,ADMIT,0.023,-0.01,0.268,e15:-0.125;e17*:-0.099
3391,camel_science,TA,2,2,2,3,0.63,HELDOUT,,,,e37:+0.042;e39*:-1.542
3392,github_code,TB,2,3,1,108,0.6,ADMIT,0.054,-0.002,1.273,e79:+0.010;e83*:+0.001
3393,camel_science,TA,2,2,2,2,0.51,REFUSE,,,0.0,e67:-0.469;e72*:-0.469
3394,ultrachat,TA,2,60,3,128,0.46,HELDOUT,,,,e74:+0.010;e86*:+0.014
3395,metamath,TA,2,10,3,128,0.5,ADMIT,0.117,-0.017,0.148,e89:-0.046;e9*:-0.066
3396,slimorca,TB,2,35,2,37,0.4,ADMIT,0.034,,0.918,e78:-0.071;e80*:-0.410
3397,gsm8k,TA,2,14,0,72,0.52,ADMIT,0.748,-0.004,0.277,e14:-0.078;e31*:-0.046
3398,ai2_arc,TA,2,9,2,7,0.46,ADMIT,0.065,0.009,0.0,e82:-0.107;e15*:-0.062
3399,ai2_arc,TA,2,7,2,3,0.55,REFUSE,,,0.0,e17:-1.167;e37*:-1.167
3400,ai2_arc,TB,2,15,1,15,0.6,ADMIT,0.36,0.015,0.008,e16:-0.175;e18*:-0.275
3401,python_instructions,TB,2,5,1,88,0.59,ADMIT,0.031,-0.003,0.805,e19:+0.020;e59*:+0.016
3402,gsm8k,TB,3,10,0,115,0.51,ADMIT,0.064,,0.98,e40:-0.007;e44:-0.053;e55*:-0.059
3403,github_code,TB,2,7,1,58,0.61,ADMIT,0.023,,0.279,e63:-0.071;e65*:-0.050
3404,ultrachat,TB,3,58,2,41,0.4,ADMIT,0.044,-0.009,0.891,e39:-0.154;e67:-0.259;e72*:-0.186
3405,slimorca,TA,3,15,2,128,0.42,HELDOUT,,,,e78:-0.085;e80:-0.104;e82*:-0.041
3406,slimorca,TA,3,41,3,8,0.39,ADMIT,0.014,0.031,0.312,e11:-0.016;e35:-0.383;e38*:-0.383
3407,python_instructions,TB,2,5,1,40,0.63,HELDOUT,,,,e75:-0.106;e79*:-0.002
3408,python_instructions,TB,2,7,1,46,0.63,ADMIT,0.008,,0.135,e83:+0.011;e16*:+0.011
3409,python_instructions,TB,2,3,1,108,0.63,HELDOUT,,,,e18:+0.001;e19*:-0.010
3410,ultrachat,TA,3,41,2,128,0.44,ADMIT,0.014,,1.016,e15:-0.001;e17:+0.022;e37*:-0.063
3411,slimorca,TA,3,26,3,128,0.47,ADMIT,0.14,-0.007,0.594,e56:-0.056;e71:-0.097;e74*:-0.098
3412,github_code,TB,2,8,1,34,0.63,HELDOUT,,,,e59:-0.085;e63*:-0.085
3413,ai2_arc,TB,3,10,2,9,0.42,ADMIT,0.134,,0.0,e39:-0.326;e67:-0.090;e72*:-0.326
3414,gsm8k,TA,3,12,3,92,0.48,ADMIT,0.296,,0.738,e86:+0.004;e89:-0.001;e9*:-0.001
3415,slimorca,TA,2,8,2,61,0.45,ADMIT,0.027,0.019,1.266,e78:-0.170;e80*:-0.099
3416,python_instructions,TB,2,5,1,40,0.63,ADMIT,0.054,0.018,0.582,e65:-0.130;e75*:-0.103
3417,ultrachat,TA,3,52,2,128,0.41,ADMIT,0.035,,0.922,e82:-0.008;e15:-0.069;e17*:-0.079
3418,python_instructions,TB,2,3,1,128,0.62,HELDOUT,,,,e79:+0.006;e83*:-0.001
3419,slimorca,TB,3,16,2,128,0.45,HELDOUT,,,,e37:-0.002;e39:-0.002;e67*:-0.002
3420,metamath,TA,2,8,3,128,0.54,ADMIT,0.023,,0.205,e11:-0.033;e35*:-0.158
3421,camel_science,TA,2,4,2,2,0.52,REFUSE,,,2.906,e72:+1.656;e78*:+1.656
3422,slimorca,TA,2,10,3,57,0.45,HELDOUT,,,,e38:-0.069;e56*:-0.341
3423,github_code,TB,2,4,1,55,0.6,ADMIT,0.085,0.018,1.438,e16:-0.042;e18*:-0.062
3424,ai2_arc,TA,2,8,2,2,0.51,REFUSE,,,0.0,e80:-0.188;e82*:-0.062
3425,camel_science,TA,2,3,2,1,0.63,REFUSE,,,0.125,e15:-1.188;e17*:-5.188
3426,ultrachat,TA,3,22,2,87,0.39,ADMIT,0.035,,1.016,e37:-0.096;e39:-0.063;e67*:-0.042
3427,ultrachat,TA,3,72,2,128,0.4,ADMIT,0.029,,1.492,e72:-0.060;e78:-0.084;e80*:-0.068
3428,slimorca,TA,2,13,2,128,0.42,HELDOUT,,,,e82:-0.096;e15*:-0.138
3429,github_code,TB,2,12,1,75,0.56,HELDOUT,,,,e19:+0.023;e59*:-0.002
3430,ai2_arc,TA,2,11,2,13,0.41,HELDOUT,,,,e17:-0.072;e37*:-0.019
3431,python_instructions,TB,2,9,1,84,0.63,ADMIT,0.028,,0.107,e63:-0.016;e65*:-0.011
3432,python_instructions,TB,2,8,1,38,0.63,HELDOUT,,,,e75:-0.015;e79*:-0.066
3433,ai2_arc,TB,2,11,2,6,0.39,ADMIT,0.112,-0.007,0.0,e39:-0.156;e67*:+0.000
3434,slimorca,TA,2,9,2,115,0.47,ADMIT,0.215,-0.001,0.781,e72:-0.043;e78*:-0.067
3435,metamath,TA,2,8,3,128,0.53,ADMIT,0.353,-0.001,0.365,e71:-0.096;e74*:-0.088
3436,gsm8k,TB,2,12,0,128,0.55,ADMIT,0.289,,0.424,e61:-0.031;e96*:-0.029
3437,github_code,TB,2,5,1,75,0.62,ADMIT,0.225,-0.002,0.66,e83:+0.009;e16*:-0.011
3438,gsm8k,TB,2,12,0,128,0.49,ADMIT,0.692,,0.445,e97:-0.127;e4*:-0.085
3439,gsm8k,TA,2,13,2,128,0.53,ADMIT,0.22,0.0,0.633,e80:-0.095;e82*:-0.037
3440,python_instructions,TB,2,5,1,128,0.58,ADMIT,0.096,,0.465,e18:-0.017;e19*:-0.014
3441,gsm8k,TA,2,10,3,128,0.53,ADMIT,0.783,,0.34,e86:-0.087;e89*:-0.099
